mapping_id,visa_id,source_dataset,source_table,source_record_id,source_group_path,source_document_id,source_page,valid_from,valid_to,target_table,target_record_id,mapping_action,mapping_status,blocking_reason,mapped_at,mapping_note
51982091-f1e9-491d-8751-0a87069459e8,a228433b-abe4-4785-8496-3e1cb3d597c1,A_F-2-R,visa_announcement_rounds,6833996f-8110-5836-b1d6-1f94bd249d59,round=17 > publication,2c892d50-7de9-431f-95f7-c02c7b2a7d76,1-2,2025-03-07,2026-09-18,visa_process_stages,09064ad7-b211-4f38-862d-924c96e5398a,TRANSFORM,MAPPED,,2026-08-27,17차 공고 게시·사업 안내를 신청자 트래커의 배경 단계로 분리; 1:many 원천 행에서 단계 생성
2776cad9-3f51-4637-938b-001c06518e90,a228433b-abe4-4785-8496-3e1cb3d597c1,A_F-2-R,visa_announcement_rounds,6833996f-8110-5836-b1d6-1f94bd249d59,round=17 > recommendation_review,2c892d50-7de9-431f-95f7-c02c7b2a7d76,1-2,2025-03-07,2026-09-18,visa_process_stages,69bd994c-2b12-4101-834b-3c941858ef80,TRANSFORM,MAPPED,,2026-08-27,17차 시·군 심사·추천 및 결과 안내 절차를 별도 단계로 분리; 1:many 원천 행에서 단계 생성
875a6d79-4221-473f-b1bf-29bf3e021516,606d8651-1d04-47fe-8f69-165b3ed3d834,D_visa_requirements,visa_requirements,606d8651-1d04-47fe-8f69-165b3ed3d834,,c4e3a139-af13-44ce-b72f-1f223bfc8db5,1-7,2025-03-07,2026-09-18,visa_requirements,606d8651-1d04-47fe-8f69-165b3ed3d834,COPY,MAPPED,,2026-08-24,v1 공통 마스터(D_visa_requirements) 기존 행 — 이슈 #42 검증 완료 기준. 열 이름만 v2로 변경.
0b22bd72-b092-4f58-9b5f-d5eba4907197,606d8651-1d04-47fe-8f69-165b3ed3d834,D_visa_requirements,visa_requirement_criteria,a2771955-acff-4f73-aeb7-8b7bb27b20e7,,c4e3a139-af13-44ce-b72f-1f223bfc8db5,2,2025-03-07,2026-09-18,visa_requirement_criteria,eafbd794-422f-4297-86aa-ccfa9de37672,TRANSFORM,MAPPED,,2026-08-24,v2 조건 그룹 트리 재구성 대상(plan 3.5단계) — Task 4에서 실제 visa_criterion_groups/visa_requirement_criteria 행 생성 완료. condition_group='G1' condition_operator='OR'.
acc04bd3-73f2-4341-a5a5-1266875a59b3,606d8651-1d04-47fe-8f69-165b3ed3d834,D_visa_requirements,visa_requirement_criteria,c2be9943-fcfd-4345-8e0a-e75d9f3c1b4b,,c4e3a139-af13-44ce-b72f-1f223bfc8db5,2,2025-03-07,2026-09-18,visa_requirement_criteria,83aced12-a348-4021-8c0a-e8f388e992e9,TRANSFORM,MAPPED,,2026-08-24,v2 조건 그룹 트리 재구성 대상(plan 3.5단계) — Task 4에서 실제 visa_criterion_groups/visa_requirement_criteria 행 생성 완료. condition_group='G1' condition_operator='OR'.
d2978bf0-7602-4c18-84dd-238a03ab0c83,606d8651-1d04-47fe-8f69-165b3ed3d834,D_visa_requirements,visa_requirement_criteria,655680d3-1680-4fce-91dc-7b07fb052d3d,,c4e3a139-af13-44ce-b72f-1f223bfc8db5,2,2025-03-07,2026-09-18,visa_requirement_criteria,af15e80c-b28b-4255-9871-2c6e9534e500,TRANSFORM,MAPPED,,2026-08-25,v1에서 BLOCKED였던 해외전입자 신청자격을 v2 F-4-R 신청자격 경로 OR 그룹에 반영. 고시 국가 적용범위 확인은 후속 운영 검증으로 보존.
6d86abd3-ed99-48c1-91c2-ab6d192ca44f,606d8651-1d04-47fe-8f69-165b3ed3d834,D_visa_requirements,visa_requirement_criteria,260878bf-e659-405a-8fdc-ecd0302b0119,,c4e3a139-af13-44ce-b72f-1f223bfc8db5,2,2025-03-07,2026-09-18,visa_requirement_criteria,bfca8c50-f7ff-4b71-83e9-69375a8aac7d,TRANSFORM,MAPPED,,2026-08-24,v2 조건 그룹 트리 재구성 대상(plan 3.5단계) — Task 4에서 실제 visa_criterion_groups/visa_requirement_criteria 행 생성 완료. condition_group='' condition_operator=''.
09c6fccf-affd-41c6-9ca5-95a3d701f050,606d8651-1d04-47fe-8f69-165b3ed3d834,D_visa_requirements,visa_requirement_criteria,2063402f-5a16-44c0-aee5-02c89a8508bb,,c4e3a139-af13-44ce-b72f-1f223bfc8db5,2,2025-03-07,2026-09-18,visa_requirement_criteria,67d63660-9aa8-4ee8-8f4d-2bd1a379f430,TRANSFORM,MAPPED,,2026-08-24,v2 조건 그룹 트리 재구성 대상(plan 3.5단계) — Task 4에서 실제 visa_criterion_groups/visa_requirement_criteria 행 생성 완료. condition_group='' condition_operator=''.
52486872-5e07-447b-b6eb-a40fb27381e8,606d8651-1d04-47fe-8f69-165b3ed3d834,D_visa_requirements,visa_requirement_criteria,816f4899-d4c8-41b1-ab15-a6df1647b5a0,,c4e3a139-af13-44ce-b72f-1f223bfc8db5,2,2025-03-07,2026-09-18,visa_requirement_criteria,8529dc41-378e-49c2-9eaa-109364fb0839,TRANSFORM,MAPPED,,2026-08-24,v2 조건 그룹 트리 재구성 대상(plan 3.5단계) — Task 4에서 실제 visa_criterion_groups/visa_requirement_criteria 행 생성 완료. condition_group='G2' condition_operator='OR'.
34463af6-d7a1-4e36-9145-e25cf8298e35,606d8651-1d04-47fe-8f69-165b3ed3d834,D_visa_requirements,visa_requirement_criteria,cc01e696-a3a7-45c7-892f-5d499c4bab89,,c4e3a139-af13-44ce-b72f-1f223bfc8db5,2,2025-03-07,2026-09-18,visa_requirement_criteria,5239697b-0df3-4094-960a-cda2e9b43894,TRANSFORM,MAPPED,,2026-08-24,v2 조건 그룹 트리 재구성 대상(plan 3.5단계) — Task 4에서 실제 visa_criterion_groups/visa_requirement_criteria 행 생성 완료. condition_group='G2' condition_operator='OR'.
d44eaeb8-afa9-493d-b99c-38dab8bf2e4f,606d8651-1d04-47fe-8f69-165b3ed3d834,D_visa_requirements,visa_requirement_criteria,dbe82f84-8e4c-44a1-b76c-079a2d74576e,,c4e3a139-af13-44ce-b72f-1f223bfc8db5,3,2025-03-07,2026-09-18,visa_requirement_criteria,186ddb6a-e1fb-4839-9c11-b871c97afb28,TRANSFORM,MAPPED,,2026-08-24,v2 조건 그룹 트리 재구성 대상(plan 3.5단계) — Task 4에서 실제 visa_criterion_groups/visa_requirement_criteria 행 생성 완료. condition_group='' condition_operator=''.
2dea41e9-8e07-4e63-9e25-8fd29af744f3,606d8651-1d04-47fe-8f69-165b3ed3d834,D_visa_requirements,visa_requirement_criteria,a5d39492-b577-4df0-ad12-8fdcea634763,,c4e3a139-af13-44ce-b72f-1f223bfc8db5,3,2025-03-07,2026-09-18,visa_requirement_criteria,569bf58f-b651-4e4f-ace5-2907ccd3d033,TRANSFORM,MAPPED,,2026-08-24,v2 조건 그룹 트리 재구성 대상(plan 3.5단계) — Task 4에서 실제 visa_criterion_groups/visa_requirement_criteria 행 생성 완료. condition_group='' condition_operator=''.
12acfcdd-625c-452f-8225-17402095ca05,606d8651-1d04-47fe-8f69-165b3ed3d834,D_visa_requirements,visa_requirement_criteria,b69c5d7a-a111-4bd7-b58d-714b4f8c0e11,,c4e3a139-af13-44ce-b72f-1f223bfc8db5,3,2025-03-07,2026-09-18,visa_requirement_criteria,6398b227-a194-4d20-80ab-cecf2208f88d,TRANSFORM,MAPPED,,2026-08-24,v2 조건 그룹 트리 재구성 대상(plan 3.5단계) — Task 4에서 실제 visa_criterion_groups/visa_requirement_criteria 행 생성 완료. condition_group='' condition_operator=''.
eb9435a7-58c9-4382-a030-94becc012153,606d8651-1d04-47fe-8f69-165b3ed3d834,D_visa_requirements,visa_process_stages,bc64b5d9-04b4-481b-9ec6-15e889eaebd1,,c4e3a139-af13-44ce-b72f-1f223bfc8db5,2,2025-03-07,2026-09-18,visa_process_stages,deb13822-68fb-4c81-9be9-18341d8771f1,COPY,MAPPED,,2026-08-24,v1 공통 마스터(D_visa_requirements) 기존 행 — 이슈 #42 검증 완료 기준.
f8052449-972e-4182-9a66-54cbcb5b109a,606d8651-1d04-47fe-8f69-165b3ed3d834,D_visa_requirements,visa_process_stages,02205103-eecf-4139-b270-0d34dbcbd5f3,,c4e3a139-af13-44ce-b72f-1f223bfc8db5,"2,5",2025-03-07,2026-09-18,visa_process_stages,94b1aeb9-8914-4be3-944c-0fc30ef59cc8,COPY,MAPPED,,2026-08-24,v1 공통 마스터(D_visa_requirements) 기존 행 — 이슈 #42 검증 완료 기준.
3bfc639e-0e31-475b-96ee-f8403731fc09,606d8651-1d04-47fe-8f69-165b3ed3d834,D_visa_requirements,visa_process_stages,04e97c33-a404-430a-988d-b9abb60bf5c3,,c4e3a139-af13-44ce-b72f-1f223bfc8db5,"2,5",2025-03-07,2026-09-18,visa_process_stages,22400417-0b1f-47d0-a798-a648a4b627b9,COPY,MAPPED,,2026-08-24,v1 공통 마스터(D_visa_requirements) 기존 행 — 이슈 #42 검증 완료 기준.
8b700a4f-bfe0-4a18-ba92-a7de77172663,606d8651-1d04-47fe-8f69-165b3ed3d834,D_visa_requirements,visa_process_stages,55479387-c80c-4fbc-86a5-f8ab7e5ef014,,c4e3a139-af13-44ce-b72f-1f223bfc8db5,"2,5,7",2025-03-07,2026-09-18,visa_process_stages,8b308d45-ad4f-4a41-b374-160ef530209a,COPY,MAPPED,,2026-08-24,v1 공통 마스터(D_visa_requirements) 기존 행 — 이슈 #42 검증 완료 기준.
4cd82835-b4c0-4686-879b-620319ce316f,a228433b-abe4-4785-8496-3e1cb3d597c1,A_F-2-R,visa_requirements,78dca2d7-f771-553a-b788-46c9ff56d633,,2c892d50-7de9-431f-95f7-c02c7b2a7d76,1,2025-03-07,2026-09-18,visa_requirements,a228433b-abe4-4785-8496-3e1cb3d597c1,TRANSFORM,MAPPED,,2026-08-24,"visa_id는 재사용한다. program_type은 REGIONAL_SPECIALIZED, target_regions_json은 공통 지역 목록으로 변환하고, 17차 total_quota=311과 quota_type=LIMITED로 변환한다."
42ea29ab-60f9-4f35-816c-1f67133e1dc4,a228433b-abe4-4785-8496-3e1cb3d597c1,A_F-2-R,visa_requirement_criteria,2a9238b5-4aa5-582a-953a-ee817ffa34c8,root > applicant_status,2c892d50-7de9-431f-95f7-c02c7b2a7d76,3,2025-03-07,2026-09-18,visa_requirement_criteria,1dea27f6-a648-4359-b526-c432fe997108,MANUAL_REVIEW,MAPPED,flat_schema_cannot_represent_nested_and_or,2026-08-25,중첩 AND/OR 원식을 평탄화하면 필수조건이 누락되므로 이관을 차단한다. 이슈 #44 task-12: 원천 visa_criterion_groups.csv의 기존 AND/OR 트리를 v2 group_key(f2r_applicant_status/f2r_education_or_income/f2r_economic_activity/f2r_employment/f2r_restricted_industries/f2r_employer/f2r_small_business_exception/f2r_entrepreneurship)로 재-키(re-key)하여 이관 완료.
e7abe5a6-e5e6-4036-ada3-47b516b617df,a228433b-abe4-4785-8496-3e1cb3d597c1,A_F-2-R,visa_requirement_criteria,e6d7166a-7ebe-5c9b-bc60-0131d276d9d5,root > applicant_status,2c892d50-7de9-431f-95f7-c02c7b2a7d76,3,2025-03-07,2026-09-18,visa_requirement_criteria,5ccfc29b-0289-4f55-8458-e708c8f3787d,MANUAL_REVIEW,MAPPED,flat_schema_cannot_represent_nested_and_or,2026-08-25,중첩 AND/OR 원식을 평탄화하면 필수조건이 누락되므로 이관을 차단한다. 이슈 #44 task-12: 원천 visa_criterion_groups.csv의 기존 AND/OR 트리를 v2 group_key(f2r_applicant_status/f2r_education_or_income/f2r_economic_activity/f2r_employment/f2r_restricted_industries/f2r_employer/f2r_small_business_exception/f2r_entrepreneurship)로 재-키(re-key)하여 이관 완료.
569fb868-e811-442e-bc84-9aa5a183e73a,a228433b-abe4-4785-8496-3e1cb3d597c1,A_F-2-R,visa_requirement_criteria,e9aba827-5cda-5bdc-a82b-055fe7ccd15a,root > applicant_status,2c892d50-7de9-431f-95f7-c02c7b2a7d76,3,2025-03-07,2026-09-18,visa_requirement_criteria,6428247e-68a9-42b2-87a8-8f82d03b6e93,MANUAL_REVIEW,MAPPED,flat_schema_cannot_represent_nested_and_or,2026-08-25,중첩 AND/OR 원식을 평탄화하면 필수조건이 누락되므로 이관을 차단한다. 이슈 #44 task-12: 원천 visa_criterion_groups.csv의 기존 AND/OR 트리를 v2 group_key(f2r_applicant_status/f2r_education_or_income/f2r_economic_activity/f2r_employment/f2r_restricted_industries/f2r_employer/f2r_small_business_exception/f2r_entrepreneurship)로 재-키(re-key)하여 이관 완료.
8cfff5ee-d511-4f08-b3df-a4379042961a,a228433b-abe4-4785-8496-3e1cb3d597c1,A_F-2-R,visa_requirement_criteria,02666ce3-947e-540d-b86f-7a80fe14d699,root > applicant_status,2c892d50-7de9-431f-95f7-c02c7b2a7d76,3,2025-03-07,2026-09-18,visa_requirement_criteria,238c8701-2aed-4a65-a3fe-b2ae83b8c52e,MANUAL_REVIEW,MAPPED,flat_schema_cannot_represent_nested_and_or,2026-08-25,중첩 AND/OR 원식을 평탄화하면 필수조건이 누락되므로 이관을 차단한다. 이슈 #44 task-12: 원천 visa_criterion_groups.csv의 기존 AND/OR 트리를 v2 group_key(f2r_applicant_status/f2r_education_or_income/f2r_economic_activity/f2r_employment/f2r_restricted_industries/f2r_employer/f2r_small_business_exception/f2r_entrepreneurship)로 재-키(re-key)하여 이관 완료.
547383cc-59dc-41e7-adbd-415ba81685e5,a228433b-abe4-4785-8496-3e1cb3d597c1,A_F-2-R,visa_requirement_criteria,cbd4531a-0814-58af-840c-689a718a73ac,root > applicant_status,2c892d50-7de9-431f-95f7-c02c7b2a7d76,3,2025-03-07,2026-09-18,visa_requirement_criteria,3ff4bf67-c04b-4744-9e29-90ca7dbee389,MANUAL_REVIEW,MAPPED,flat_schema_cannot_represent_nested_and_or,2026-08-25,중첩 AND/OR 원식을 평탄화하면 필수조건이 누락되므로 이관을 차단한다. 이슈 #44 task-12: 원천 visa_criterion_groups.csv의 기존 AND/OR 트리를 v2 group_key(f2r_applicant_status/f2r_education_or_income/f2r_economic_activity/f2r_employment/f2r_restricted_industries/f2r_employer/f2r_small_business_exception/f2r_entrepreneurship)로 재-키(re-key)하여 이관 완료.
35ddcdd8-54c0-49fc-80cd-0dcf613b70b5,a228433b-abe4-4785-8496-3e1cb3d597c1,A_F-2-R,visa_requirement_criteria,df3a97c7-1832-5a27-addf-b33dfb0f9b3a,root > education_or_income,2c892d50-7de9-431f-95f7-c02c7b2a7d76,3,2025-03-07,2026-09-18,visa_requirement_criteria,73a65413-d9c8-4562-ad66-f621c78f4e5a,MANUAL_REVIEW,MAPPED,flat_schema_cannot_represent_nested_and_or,2026-08-25,중첩 AND/OR 원식을 평탄화하면 필수조건이 누락되므로 이관을 차단한다. 이슈 #44 task-12: 원천 visa_criterion_groups.csv의 기존 AND/OR 트리를 v2 group_key(f2r_applicant_status/f2r_education_or_income/f2r_economic_activity/f2r_employment/f2r_restricted_industries/f2r_employer/f2r_small_business_exception/f2r_entrepreneurship)로 재-키(re-key)하여 이관 완료.
8be48d48-f03a-40a3-8337-e6c8c73737c2,a228433b-abe4-4785-8496-3e1cb3d597c1,A_F-2-R,visa_requirement_criteria,9b1688a1-763b-54da-95ef-38d3cb326797,root > education_or_income,2c892d50-7de9-431f-95f7-c02c7b2a7d76,3,2025-03-07,2026-09-18,visa_requirement_criteria,e99de2e2-917f-4509-9e9f-812c87fa0a98,MANUAL_REVIEW,MAPPED,flat_schema_cannot_represent_nested_and_or,2026-08-25,중첩 AND/OR 원식을 평탄화하면 필수조건이 누락되므로 이관을 차단한다. 이슈 #44 task-12: 원천 visa_criterion_groups.csv의 기존 AND/OR 트리를 v2 group_key(f2r_applicant_status/f2r_education_or_income/f2r_economic_activity/f2r_employment/f2r_restricted_industries/f2r_employer/f2r_small_business_exception/f2r_entrepreneurship)로 재-키(re-key)하여 이관 완료.
d93997c2-09e0-43c4-b7c1-fdfbf9703370,a228433b-abe4-4785-8496-3e1cb3d597c1,A_F-2-R,visa_requirement_criteria,f565e333-063e-5873-bba6-2576093b0698,root > education_or_income,2c892d50-7de9-431f-95f7-c02c7b2a7d76,3,2025-03-07,2026-09-18,visa_requirement_criteria,61edeeaa-fdfb-4f47-b40c-637519ae002a,MANUAL_REVIEW,MAPPED,flat_schema_cannot_represent_nested_and_or,2026-08-25,중첩 AND/OR 원식을 평탄화하면 필수조건이 누락되므로 이관을 차단한다. 이슈 #44 task-12: 원천 visa_criterion_groups.csv의 기존 AND/OR 트리를 v2 group_key(f2r_applicant_status/f2r_education_or_income/f2r_economic_activity/f2r_employment/f2r_restricted_industries/f2r_employer/f2r_small_business_exception/f2r_entrepreneurship)로 재-키(re-key)하여 이관 완료.
440c9c2a-10a8-449e-93ce-d936a57bbd52,a228433b-abe4-4785-8496-3e1cb3d597c1,A_F-2-R,visa_requirement_criteria,3d482d2f-83a6-542f-bf97-06cf466d4df2,root > education_or_income,2c892d50-7de9-431f-95f7-c02c7b2a7d76,4,2026-01-01,2026-09-18,visa_requirement_criteria,97c2d7cd-9e9b-452b-8b4e-e89e728cd8f4,MANUAL_REVIEW,MAPPED,flat_schema_cannot_represent_nested_and_or,2026-08-25,중첩 AND/OR 원식을 평탄화하면 필수조건이 누락되므로 이관을 차단한다. 이슈 #44 task-12: 원천 visa_criterion_groups.csv의 기존 AND/OR 트리를 v2 group_key(f2r_applicant_status/f2r_education_or_income/f2r_economic_activity/f2r_employment/f2r_restricted_industries/f2r_employer/f2r_small_business_exception/f2r_entrepreneurship)로 재-키(re-key)하여 이관 완료.
27c387c5-5533-4238-83f5-a1f91ca9f656,a228433b-abe4-4785-8496-3e1cb3d597c1,A_F-2-R,visa_requirement_criteria,f3fcd8d6-afcc-5018-ac81-759c6339984e,root > education_or_income,2c892d50-7de9-431f-95f7-c02c7b2a7d76,4,2025-03-07,2026-09-18,visa_requirement_criteria,4c82898d-70ed-471b-ad64-941cc3ba7baa,MANUAL_REVIEW,MAPPED,flat_schema_cannot_represent_nested_and_or,2026-08-25,중첩 AND/OR 원식을 평탄화하면 필수조건이 누락되므로 이관을 차단한다. 이슈 #44 task-12: 원천 visa_criterion_groups.csv의 기존 AND/OR 트리를 v2 group_key(f2r_applicant_status/f2r_education_or_income/f2r_economic_activity/f2r_employment/f2r_restricted_industries/f2r_employer/f2r_small_business_exception/f2r_entrepreneurship)로 재-키(re-key)하여 이관 완료.
c1d6ca3d-0318-49ab-b074-64c1b6ffd62f,a228433b-abe4-4785-8496-3e1cb3d597c1,A_F-2-R,visa_requirement_criteria,f33dcad1-df03-5a50-bd3e-dd464d12a6a5,root > education_or_income,2c892d50-7de9-431f-95f7-c02c7b2a7d76,4,2025-03-07,2026-09-18,visa_requirement_criteria,3a3c2b3a-d6d2-4bf4-b569-c4800e2f4744,MANUAL_REVIEW,MAPPED,flat_schema_cannot_represent_nested_and_or,2026-08-25,중첩 AND/OR 원식을 평탄화하면 필수조건이 누락되므로 이관을 차단한다. 이슈 #44 task-12: 원천 visa_criterion_groups.csv의 기존 AND/OR 트리를 v2 group_key(f2r_applicant_status/f2r_education_or_income/f2r_economic_activity/f2r_employment/f2r_restricted_industries/f2r_employer/f2r_small_business_exception/f2r_entrepreneurship)로 재-키(re-key)하여 이관 완료.
38609a90-b24f-4f97-affd-8bf825bcf5a5,a228433b-abe4-4785-8496-3e1cb3d597c1,A_F-2-R,visa_requirement_criteria,b38b821c-ddb6-5334-9b4d-80507f04e7c0,root > education_or_income,2c892d50-7de9-431f-95f7-c02c7b2a7d76,4,2025-03-07,2026-09-18,visa_requirement_criteria,0c674e1d-910a-46a1-be99-3e853b0dc0e9,MANUAL_REVIEW,MAPPED,flat_schema_cannot_represent_nested_and_or,2026-08-25,중첩 AND/OR 원식을 평탄화하면 필수조건이 누락되므로 이관을 차단한다. 이슈 #44 task-12: 원천 visa_criterion_groups.csv의 기존 AND/OR 트리를 v2 group_key(f2r_applicant_status/f2r_education_or_income/f2r_economic_activity/f2r_employment/f2r_restricted_industries/f2r_employer/f2r_small_business_exception/f2r_entrepreneurship)로 재-키(re-key)하여 이관 완료.
c93ae5d3-a410-4056-b560-47f40e0badaa,a228433b-abe4-4785-8496-3e1cb3d597c1,A_F-2-R,visa_requirement_criteria,89209af0-00ac-5d71-95ef-12bb47332b74,root > residence,2c892d50-7de9-431f-95f7-c02c7b2a7d76,4,2025-03-07,2026-09-18,visa_requirement_criteria,d98262fd-3dca-468a-b829-8c07284c0bc3,COPY,MAPPED,,2026-08-24,그룹 없는 행으로 두어 다른 자격요건과 AND로 결합한다.
65f8b22e-4376-4304-869d-f7f016ddb609,a228433b-abe4-4785-8496-3e1cb3d597c1,A_F-2-R,visa_requirement_criteria,270746fe-770b-5419-a392-c6f75bf24fe1,root > residence,2c892d50-7de9-431f-95f7-c02c7b2a7d76,4,2025-03-07,2026-09-18,visa_requirement_criteria,080833d2-54d8-4436-a1be-ed61969cb6ec,COPY,MAPPED,,2026-08-24,그룹 없는 행으로 두어 다른 자격요건과 AND로 결합한다.
40483718-49d4-4be0-8ad5-13f190f4493b,a228433b-abe4-4785-8496-3e1cb3d597c1,A_F-2-R,visa_requirement_criteria,c843fa0b-2249-5202-a9e6-819c7bd536a2,root > residence,2c892d50-7de9-431f-95f7-c02c7b2a7d76,4,2025-03-07,2026-09-18,visa_requirement_criteria,50fbdfc4-913f-4dab-b41c-c8bc3d3a2a36,COPY,MAPPED,,2026-08-24,그룹 없는 행으로 두어 다른 자격요건과 AND로 결합한다.
956bba5f-03c3-4dd9-af8c-fc04b355c65d,a228433b-abe4-4785-8496-3e1cb3d597c1,A_F-2-R,visa_requirement_criteria,b10ef77f-ea4c-5aa5-8f73-df866773d28a,root > economic_activity > employment,2c892d50-7de9-431f-95f7-c02c7b2a7d76,5,2025-03-07,2026-09-18,visa_requirement_criteria,28789275-6af9-4229-a600-26c669685408,MANUAL_REVIEW,MAPPED,flat_schema_cannot_represent_nested_and_or,2026-08-25,중첩 AND/OR 원식을 평탄화하면 필수조건이 누락되므로 이관을 차단한다. 이슈 #44 task-12: 원천 visa_criterion_groups.csv의 기존 AND/OR 트리를 v2 group_key(f2r_applicant_status/f2r_education_or_income/f2r_economic_activity/f2r_employment/f2r_restricted_industries/f2r_employer/f2r_small_business_exception/f2r_entrepreneurship)로 재-키(re-key)하여 이관 완료.
a59df6f6-5bfc-4a59-8ada-94268050a92f,a228433b-abe4-4785-8496-3e1cb3d597c1,A_F-2-R,visa_requirement_criteria,f1a32361-3f23-557f-bd10-c4ea7095b163,root > economic_activity > employment,2c892d50-7de9-431f-95f7-c02c7b2a7d76,5,2026-01-01,2026-09-18,visa_requirement_criteria,f12fba6e-7054-4a57-8a59-49922b571c4c,MANUAL_REVIEW,MAPPED,flat_schema_cannot_represent_nested_and_or,2026-08-25,중첩 AND/OR 원식을 평탄화하면 필수조건이 누락되므로 이관을 차단한다. 이슈 #44 task-12: 원천 visa_criterion_groups.csv의 기존 AND/OR 트리를 v2 group_key(f2r_applicant_status/f2r_education_or_income/f2r_economic_activity/f2r_employment/f2r_restricted_industries/f2r_employer/f2r_small_business_exception/f2r_entrepreneurship)로 재-키(re-key)하여 이관 완료.
6dfd6429-f766-4f73-9b8f-8db018050591,a228433b-abe4-4785-8496-3e1cb3d597c1,A_F-2-R,visa_requirement_criteria,4c4efe99-a839-57e8-a002-595dfe9a2abd,root > economic_activity > employment,2c892d50-7de9-431f-95f7-c02c7b2a7d76,5,2025-03-07,2026-09-18,visa_requirement_criteria,cefb52c0-c047-44a3-81f2-a44ce2a2d4ce,MANUAL_REVIEW,MAPPED,flat_schema_cannot_represent_nested_and_or,2026-08-25,중첩 AND/OR 원식을 평탄화하면 필수조건이 누락되므로 이관을 차단한다. 이슈 #44 task-12: 원천 visa_criterion_groups.csv의 기존 AND/OR 트리를 v2 group_key(f2r_applicant_status/f2r_education_or_income/f2r_economic_activity/f2r_employment/f2r_restricted_industries/f2r_employer/f2r_small_business_exception/f2r_entrepreneurship)로 재-키(re-key)하여 이관 완료.
003f1a3f-b168-4d2e-9884-b3afc4e129cc,a228433b-abe4-4785-8496-3e1cb3d597c1,A_F-2-R,visa_requirement_criteria,dc65cc6f-47e4-50b5-b742-28086578f8c0,root > economic_activity > employment,2c892d50-7de9-431f-95f7-c02c7b2a7d76,5,2025-03-07,2026-09-18,visa_requirement_criteria,d3c8df8b-bf39-4912-91be-b66cfa447d7c,MANUAL_REVIEW,MAPPED,flat_schema_cannot_represent_nested_and_or,2026-08-25,중첩 AND/OR 원식을 평탄화하면 필수조건이 누락되므로 이관을 차단한다. 이슈 #44 task-12: 원천 visa_criterion_groups.csv의 기존 AND/OR 트리를 v2 group_key(f2r_applicant_status/f2r_education_or_income/f2r_economic_activity/f2r_employment/f2r_restricted_industries/f2r_employer/f2r_small_business_exception/f2r_entrepreneurship)로 재-키(re-key)하여 이관 완료.
774cb342-2125-4306-bcbf-c5cf8b3c7883,a228433b-abe4-4785-8496-3e1cb3d597c1,A_F-2-R,visa_requirement_criteria,7fb2b36c-5af1-5281-b7ee-8a5d80a66873,root > economic_activity > employment,2c892d50-7de9-431f-95f7-c02c7b2a7d76,5,2025-03-07,2026-09-18,visa_requirement_criteria,e99ca30f-12b2-4f7a-b46d-cf0fd7e53ebf,MANUAL_REVIEW,MAPPED,flat_schema_cannot_represent_nested_and_or,2026-08-25,중첩 AND/OR 원식을 평탄화하면 필수조건이 누락되므로 이관을 차단한다. 이슈 #44 task-12: 원천 visa_criterion_groups.csv의 기존 AND/OR 트리를 v2 group_key(f2r_applicant_status/f2r_education_or_income/f2r_economic_activity/f2r_employment/f2r_restricted_industries/f2r_employer/f2r_small_business_exception/f2r_entrepreneurship)로 재-키(re-key)하여 이관 완료.
7ce21274-b397-4b34-9bac-4613446b5db9,a228433b-abe4-4785-8496-3e1cb3d597c1,A_F-2-R,visa_requirement_criteria,c2b66cb5-dea6-5211-859a-3ab090a569d5,root > economic_activity > employment,2c892d50-7de9-431f-95f7-c02c7b2a7d76,5,2025-03-07,2026-09-18,visa_requirement_criteria,18508c09-9ac3-4116-aa86-29f9bbabce93,MANUAL_REVIEW,MAPPED,flat_schema_cannot_represent_nested_and_or,2026-08-25,중첩 AND/OR 원식을 평탄화하면 필수조건이 누락되므로 이관을 차단한다. 이슈 #44 task-12: 원천 visa_criterion_groups.csv의 기존 AND/OR 트리를 v2 group_key(f2r_applicant_status/f2r_education_or_income/f2r_economic_activity/f2r_employment/f2r_restricted_industries/f2r_employer/f2r_small_business_exception/f2r_entrepreneurship)로 재-키(re-key)하여 이관 완료.
4e41484c-6d4c-44df-8bd6-2111569f6017,a228433b-abe4-4785-8496-3e1cb3d597c1,A_F-2-R,visa_requirement_criteria,f5f44a24-d4f0-5f04-83d4-b20942f31ba9,root > economic_activity > employment,2c892d50-7de9-431f-95f7-c02c7b2a7d76,5,2025-03-07,2026-09-18,visa_requirement_criteria,7b4d4807-bd58-4564-8b72-2fa1460bdd79,MANUAL_REVIEW,MAPPED,flat_schema_cannot_represent_nested_and_or,2026-08-25,중첩 AND/OR 원식을 평탄화하면 필수조건이 누락되므로 이관을 차단한다. 이슈 #44 task-12: 원천 visa_criterion_groups.csv의 기존 AND/OR 트리를 v2 group_key(f2r_applicant_status/f2r_education_or_income/f2r_economic_activity/f2r_employment/f2r_restricted_industries/f2r_employer/f2r_small_business_exception/f2r_entrepreneurship)로 재-키(re-key)하여 이관 완료.
ad17e4e0-e3ba-4994-900a-d683cac00e53,a228433b-abe4-4785-8496-3e1cb3d597c1,A_F-2-R,visa_requirement_criteria,420b0553-817a-5202-a02f-5e342319af5c,root > economic_activity > entrepreneurship,2c892d50-7de9-431f-95f7-c02c7b2a7d76,5,2025-03-07,2026-09-18,visa_requirement_criteria,1953232c-b675-48e8-bdaa-09da05c29713,MANUAL_REVIEW,MAPPED,flat_schema_cannot_represent_nested_and_or,2026-08-25,중첩 AND/OR 원식을 평탄화하면 필수조건이 누락되므로 이관을 차단한다. 이슈 #44 task-12: 원천 visa_criterion_groups.csv의 기존 AND/OR 트리를 v2 group_key(f2r_applicant_status/f2r_education_or_income/f2r_economic_activity/f2r_employment/f2r_restricted_industries/f2r_employer/f2r_small_business_exception/f2r_entrepreneurship)로 재-키(re-key)하여 이관 완료.
c821f555-e2aa-464a-84c3-e86b9a7c1b5b,a228433b-abe4-4785-8496-3e1cb3d597c1,A_F-2-R,visa_requirement_criteria,9c04bb1f-ecc6-5c42-b7dc-72b997de2d2e,root > economic_activity > entrepreneurship,2c892d50-7de9-431f-95f7-c02c7b2a7d76,5,2025-03-07,2026-09-18,visa_requirement_criteria,51291f0d-f3da-4178-bca4-ff47091ee73f,MANUAL_REVIEW,MAPPED,flat_schema_cannot_represent_nested_and_or,2026-08-25,중첩 AND/OR 원식을 평탄화하면 필수조건이 누락되므로 이관을 차단한다. 이슈 #44 task-12: 원천 visa_criterion_groups.csv의 기존 AND/OR 트리를 v2 group_key(f2r_applicant_status/f2r_education_or_income/f2r_economic_activity/f2r_employment/f2r_restricted_industries/f2r_employer/f2r_small_business_exception/f2r_entrepreneurship)로 재-키(re-key)하여 이관 완료.
bd7fc98d-bb9c-4b67-90c1-672ad90cd03f,a228433b-abe4-4785-8496-3e1cb3d597c1,A_F-2-R,visa_requirement_criteria,6f0b4d1c-81ad-5796-abcc-c8a7db09f2a4,root > economic_activity > entrepreneurship,2c892d50-7de9-431f-95f7-c02c7b2a7d76,5,2025-03-07,2026-09-18,visa_requirement_criteria,4f260b09-e913-4d23-aaa1-8c425c9882a7,MANUAL_REVIEW,MAPPED,flat_schema_cannot_represent_nested_and_or,2026-08-25,중첩 AND/OR 원식을 평탄화하면 필수조건이 누락되므로 이관을 차단한다. 이슈 #44 task-12: 원천 visa_criterion_groups.csv의 기존 AND/OR 트리를 v2 group_key(f2r_applicant_status/f2r_education_or_income/f2r_economic_activity/f2r_employment/f2r_restricted_industries/f2r_employer/f2r_small_business_exception/f2r_entrepreneurship)로 재-키(re-key)하여 이관 완료.
fc945f43-880f-4a2e-bfab-e0232ff8b774,a228433b-abe4-4785-8496-3e1cb3d597c1,A_F-2-R,visa_requirement_criteria,858aaf7b-8296-5843-81f4-a71868f4f781,root > economic_activity > entrepreneurship,2c892d50-7de9-431f-95f7-c02c7b2a7d76,5,2025-03-07,2026-09-18,visa_requirement_criteria,77cb0950-b8ae-4fe4-a68e-c7813c0d32b3,MANUAL_REVIEW,MAPPED,flat_schema_cannot_represent_nested_and_or,2026-08-25,중첩 AND/OR 원식을 평탄화하면 필수조건이 누락되므로 이관을 차단한다. 이슈 #44 task-12: 원천 visa_criterion_groups.csv의 기존 AND/OR 트리를 v2 group_key(f2r_applicant_status/f2r_education_or_income/f2r_economic_activity/f2r_employment/f2r_restricted_industries/f2r_employer/f2r_small_business_exception/f2r_entrepreneurship)로 재-키(re-key)하여 이관 완료.
c74abfe8-7326-4cd3-9c38-2d660d7ad979,a228433b-abe4-4785-8496-3e1cb3d597c1,A_F-2-R,visa_requirement_criteria,5dc8eee8-783c-5073-a562-92e6718e815e,root > conduct,2c892d50-7de9-431f-95f7-c02c7b2a7d76,5,2025-03-07,2026-09-18,visa_requirement_criteria,fc0b8495-f36f-452a-8fd0-beaf9c0d52a6,COPY,MAPPED,,2026-08-24,그룹 없는 행으로 두어 다른 자격요건과 AND로 결합한다.
1d4902a8-e33c-4fbd-a221-69871e380cf4,a228433b-abe4-4785-8496-3e1cb3d597c1,A_F-2-R,visa_requirement_criteria,d1cdcfbf-9e6f-5d9e-ab6a-ef633982b8f3,root > conduct,2c892d50-7de9-431f-95f7-c02c7b2a7d76,5,2025-03-07,2026-09-18,visa_requirement_criteria,aae7b37b-baba-46e0-a6a0-7c18def19d63,COPY,MAPPED,,2026-08-24,그룹 없는 행으로 두어 다른 자격요건과 AND로 결합한다.
b6faab6b-cd2f-4b5c-9fcb-1238b522d282,a228433b-abe4-4785-8496-3e1cb3d597c1,A_F-2-R,visa_requirement_criteria,d1ab8498-0257-5f71-8bc9-ced94b6fb465,root > conduct,2c892d50-7de9-431f-95f7-c02c7b2a7d76,5,2025-03-07,2026-09-18,visa_requirement_criteria,9aa5fbef-c1b6-4603-9282-adb7fd7a0eec,COPY,MAPPED,,2026-08-24,그룹 없는 행으로 두어 다른 자격요건과 AND로 결합한다.
cafaaebd-a05f-4bce-bdb9-008106e91276,a228433b-abe4-4785-8496-3e1cb3d597c1,A_F-2-R,visa_requirement_criteria,9c66ff41-704d-543a-a070-1effa026518a,root > conduct,2c892d50-7de9-431f-95f7-c02c7b2a7d76,6,2025-03-07,2026-09-18,visa_requirement_criteria,74af558b-c488-4b39-9a24-f9a0ff60ce28,COPY,MAPPED,,2026-08-24,그룹 없는 행으로 두어 다른 자격요건과 AND로 결합한다.
d36373af-ab27-40b8-9d0a-17e3c288533c,a228433b-abe4-4785-8496-3e1cb3d597c1,A_F-2-R,visa_requirement_criteria,7125ed91-1e53-5bfa-b9cb-8ff41b79e2e1,root > conduct,2c892d50-7de9-431f-95f7-c02c7b2a7d76,6,2025-03-07,2026-09-18,visa_requirement_criteria,8f87f6eb-b65b-411b-bde9-87b815863757,COPY,MAPPED,,2026-08-24,그룹 없는 행으로 두어 다른 자격요건과 AND로 결합한다.
36dc4de8-c261-498c-b24c-986c88b8dd6d,a228433b-abe4-4785-8496-3e1cb3d597c1,A_F-2-R,visa_requirement_criteria,5d8907d5-fca3-550c-9099-3d999a4ff662,root > conduct,2c892d50-7de9-431f-95f7-c02c7b2a7d76,6,2025-03-07,2026-09-18,visa_requirement_criteria,a2f45bf4-41b0-449a-87d2-5c0ed516b297,COPY,MAPPED,,2026-08-24,그룹 없는 행으로 두어 다른 자격요건과 AND로 결합한다.
c527b553-d468-422c-b4e1-da6351de0278,a228433b-abe4-4785-8496-3e1cb3d597c1,A_F-2-R,visa_requirement_criteria,1a87d293-e2c3-5733-b4a0-1030f1981670,root > conduct,2c892d50-7de9-431f-95f7-c02c7b2a7d76,6,2025-03-07,2026-09-18,visa_requirement_criteria,7d26ea47-d309-45e4-8eb8-8c447d0ec9a2,COPY,MAPPED,,2026-08-24,그룹 없는 행으로 두어 다른 자격요건과 AND로 결합한다.
08fe6b2c-9fb8-4f01-bbce-8c30d5773f7f,a228433b-abe4-4785-8496-3e1cb3d597c1,A_F-2-R,visa_requirement_criteria,78259b0d-f1cb-5474-a327-0f760074aa4b,root > language,2c892d50-7de9-431f-95f7-c02c7b2a7d76,6,2026-08-03,2026-09-18,visa_requirement_criteria,f0234f1a-2f12-44cd-9741-15c2e8e29654,COPY,MAPPED,,2026-08-24,세 언어요건은 실제 대체조건이므로 F-2-R 로컬 OR 그룹 G1로 매핑한다.
00c6d559-c2b6-4ac4-95e8-9e96fd2ed8cf,a228433b-abe4-4785-8496-3e1cb3d597c1,A_F-2-R,visa_requirement_criteria,873209f1-e505-5d86-8909-5ea608398994,root > language,2c892d50-7de9-431f-95f7-c02c7b2a7d76,6,2026-08-03,2026-09-18,visa_requirement_criteria,3bd4d287-5b71-4f78-9b45-6f38c4cafcc4,COPY,MAPPED,,2026-08-24,세 언어요건은 실제 대체조건이므로 F-2-R 로컬 OR 그룹 G1로 매핑한다.
7839b81e-6146-4815-a8f5-c56f61673651,a228433b-abe4-4785-8496-3e1cb3d597c1,A_F-2-R,visa_requirement_criteria,9268112d-0a61-5724-8a9a-f1559669e611,root > language,2c892d50-7de9-431f-95f7-c02c7b2a7d76,6,2026-08-03,2026-09-18,visa_requirement_criteria,ee337e15-bbe8-4638-bed9-f5c1d5bdb2ab,COPY,MAPPED,,2026-08-24,세 언어요건은 실제 대체조건이므로 F-2-R 로컬 OR 그룹 G1로 매핑한다.
697abd79-41e9-464f-9ee8-a0a93dea71bb,a228433b-abe4-4785-8496-3e1cb3d597c1,A_F-2-R,visa_requirement_criteria,259908e8-626a-5fa2-b98a-55a2d2f805ea,root > economic_activity > employment > employer,2c892d50-7de9-431f-95f7-c02c7b2a7d76,6,2025-03-07,2026-09-18,visa_requirement_criteria,cb2a5232-d181-4f89-80fd-eb9a196bbebc,MANUAL_REVIEW,MAPPED,flat_schema_cannot_represent_nested_and_or,2026-08-25,중첩 AND/OR 원식을 평탄화하면 필수조건이 누락되므로 이관을 차단한다. 이슈 #44 task-12: 원천 visa_criterion_groups.csv의 기존 AND/OR 트리를 v2 group_key(f2r_applicant_status/f2r_education_or_income/f2r_economic_activity/f2r_employment/f2r_restricted_industries/f2r_employer/f2r_small_business_exception/f2r_entrepreneurship)로 재-키(re-key)하여 이관 완료.
7e798d54-d071-4d02-ab7b-1c9754344c69,a228433b-abe4-4785-8496-3e1cb3d597c1,A_F-2-R,visa_requirement_criteria,2b036ac1-e917-5f32-af3f-a0021bfd6ea5,root > economic_activity > employment > employer,2c892d50-7de9-431f-95f7-c02c7b2a7d76,6,2025-03-07,2026-09-18,visa_requirement_criteria,88c7e6ec-87c3-4a33-98f0-0ce93be4f2b1,MANUAL_REVIEW,MAPPED,flat_schema_cannot_represent_nested_and_or,2026-08-25,중첩 AND/OR 원식을 평탄화하면 필수조건이 누락되므로 이관을 차단한다. 이슈 #44 task-12: 원천 visa_criterion_groups.csv의 기존 AND/OR 트리를 v2 group_key(f2r_applicant_status/f2r_education_or_income/f2r_economic_activity/f2r_employment/f2r_restricted_industries/f2r_employer/f2r_small_business_exception/f2r_entrepreneurship)로 재-키(re-key)하여 이관 완료.
e7f98e34-fbce-4e5f-9902-1ad1c1208436,a228433b-abe4-4785-8496-3e1cb3d597c1,A_F-2-R,visa_requirement_criteria,bbd1acce-342f-5519-a552-7d6e886f162c,root > economic_activity > employment > employer,2c892d50-7de9-431f-95f7-c02c7b2a7d76,6,2025-03-07,2026-09-18,visa_requirement_criteria,690ca976-2e5c-482d-afcf-7df44ab215ae,MANUAL_REVIEW,MAPPED,flat_schema_cannot_represent_nested_and_or,2026-08-25,중첩 AND/OR 원식을 평탄화하면 필수조건이 누락되므로 이관을 차단한다. 이슈 #44 task-12: 원천 visa_criterion_groups.csv의 기존 AND/OR 트리를 v2 group_key(f2r_applicant_status/f2r_education_or_income/f2r_economic_activity/f2r_employment/f2r_restricted_industries/f2r_employer/f2r_small_business_exception/f2r_entrepreneurship)로 재-키(re-key)하여 이관 완료.
f25585dc-0a10-47f0-9151-a1b94b8722fe,a228433b-abe4-4785-8496-3e1cb3d597c1,A_F-2-R,visa_requirement_criteria,9cbaa09e-5fce-5938-8588-8f4b46fd0346,root > economic_activity > employment > employer > small_business_exception,2c892d50-7de9-431f-95f7-c02c7b2a7d76,6,2026-05-18,2027-12-31,visa_requirement_criteria,d96a3dcd-6265-4aaa-a083-6701ee2c4d2e,MANUAL_REVIEW,MAPPED,flat_schema_cannot_represent_nested_and_or,2026-08-25,중첩 AND/OR 원식을 평탄화하면 필수조건이 누락되므로 이관을 차단한다. 이슈 #44 task-12: 원천 visa_criterion_groups.csv의 기존 AND/OR 트리를 v2 group_key(f2r_applicant_status/f2r_education_or_income/f2r_economic_activity/f2r_employment/f2r_restricted_industries/f2r_employer/f2r_small_business_exception/f2r_entrepreneurship)로 재-키(re-key)하여 이관 완료.
ffc0ebeb-a36b-4bc6-a76d-0e713e4ccec9,a228433b-abe4-4785-8496-3e1cb3d597c1,A_F-2-R,visa_requirement_criteria,93b6d669-8af8-5b21-a4f3-11e85ec753d1,root > economic_activity > employment > employer > small_business_exception,2c892d50-7de9-431f-95f7-c02c7b2a7d76,6,2026-05-18,2027-12-31,visa_requirement_criteria,91b35432-f043-4a16-aef7-961967a77335,MANUAL_REVIEW,MAPPED,flat_schema_cannot_represent_nested_and_or,2026-08-25,중첩 AND/OR 원식을 평탄화하면 필수조건이 누락되므로 이관을 차단한다. 이슈 #44 task-12: 원천 visa_criterion_groups.csv의 기존 AND/OR 트리를 v2 group_key(f2r_applicant_status/f2r_education_or_income/f2r_economic_activity/f2r_employment/f2r_restricted_industries/f2r_employer/f2r_small_business_exception/f2r_entrepreneurship)로 재-키(re-key)하여 이관 완료.
a9d0916d-d9b3-40e5-9595-12d3da5440cc,a228433b-abe4-4785-8496-3e1cb3d597c1,A_F-2-R,visa_requirement_criteria,51a44c99-a331-5b4f-b329-cd7e1726385b,root > economic_activity > employment > employer > small_business_exception,2c892d50-7de9-431f-95f7-c02c7b2a7d76,7,2026-05-18,2027-12-31,visa_requirement_criteria,718a665b-5d9a-4fd5-bb22-f2a663a50c75,MANUAL_REVIEW,MAPPED,flat_schema_cannot_represent_nested_and_or,2026-08-25,중첩 AND/OR 원식을 평탄화하면 필수조건이 누락되므로 이관을 차단한다. 이슈 #44 task-12: 원천 visa_criterion_groups.csv의 기존 AND/OR 트리를 v2 group_key(f2r_applicant_status/f2r_education_or_income/f2r_economic_activity/f2r_employment/f2r_restricted_industries/f2r_employer/f2r_small_business_exception/f2r_entrepreneurship)로 재-키(re-key)하여 이관 완료.
44496f2f-8de4-4112-bdc1-d7e9ce6b6a4a,a228433b-abe4-4785-8496-3e1cb3d597c1,A_F-2-R,visa_requirement_criteria,f893ea3a-5ff5-591c-93e2-138a883c7115,root > economic_activity > employment > employer > small_business_exception,2c892d50-7de9-431f-95f7-c02c7b2a7d76,7,2026-05-18,2027-12-31,visa_requirement_criteria,cf1b0bdb-af33-4478-b2dd-d62727f47503,MANUAL_REVIEW,MAPPED,flat_schema_cannot_represent_nested_and_or,2026-08-25,중첩 AND/OR 원식을 평탄화하면 필수조건이 누락되므로 이관을 차단한다. 이슈 #44 task-12: 원천 visa_criterion_groups.csv의 기존 AND/OR 트리를 v2 group_key(f2r_applicant_status/f2r_education_or_income/f2r_economic_activity/f2r_employment/f2r_restricted_industries/f2r_employer/f2r_small_business_exception/f2r_entrepreneurship)로 재-키(re-key)하여 이관 완료.
538bba6a-aca3-42d6-90dd-656d130d3037,a228433b-abe4-4785-8496-3e1cb3d597c1,A_F-2-R,visa_requirement_criteria,0a5e5e7d-9c69-5973-8647-ad67314f17fe,root > economic_activity > employment > employer > small_business_exception,2c892d50-7de9-431f-95f7-c02c7b2a7d76,7,2026-05-18,2027-12-31,visa_requirement_criteria,ba1630cc-1776-4093-9757-bac0f5f1ab4c,MANUAL_REVIEW,MAPPED,flat_schema_cannot_represent_nested_and_or,2026-08-25,중첩 AND/OR 원식을 평탄화하면 필수조건이 누락되므로 이관을 차단한다. 이슈 #44 task-12: 원천 visa_criterion_groups.csv의 기존 AND/OR 트리를 v2 group_key(f2r_applicant_status/f2r_education_or_income/f2r_economic_activity/f2r_employment/f2r_restricted_industries/f2r_employer/f2r_small_business_exception/f2r_entrepreneurship)로 재-키(re-key)하여 이관 완료.
70de41f3-f146-41a0-a18c-4e130064c3bb,a228433b-abe4-4785-8496-3e1cb3d597c1,A_F-2-R,visa_requirement_criteria,a9fc3655-b2a8-5814-b26a-91a30b812b47,root > economic_activity > employment > employer,2c892d50-7de9-431f-95f7-c02c7b2a7d76,7,2025-03-07,2026-09-18,visa_requirement_criteria,cc4d0806-b204-46e8-86bc-ffb4943a3937,MANUAL_REVIEW,MAPPED,flat_schema_cannot_represent_nested_and_or,2026-08-25,중첩 AND/OR 원식을 평탄화하면 필수조건이 누락되므로 이관을 차단한다. 이슈 #44 task-12: 원천 visa_criterion_groups.csv의 기존 AND/OR 트리를 v2 group_key(f2r_applicant_status/f2r_education_or_income/f2r_economic_activity/f2r_employment/f2r_restricted_industries/f2r_employer/f2r_small_business_exception/f2r_entrepreneurship)로 재-키(re-key)하여 이관 완료.
ef51f5ed-5301-4e14-afd1-84fa8f713360,a228433b-abe4-4785-8496-3e1cb3d597c1,A_F-2-R,visa_requirement_criteria,45252100-3814-5941-bc5f-c3be9604a844,root > economic_activity > employment > employer,2c892d50-7de9-431f-95f7-c02c7b2a7d76,7,2025-03-07,2026-09-18,visa_requirement_criteria,631c90c3-e8a3-4768-98bb-60ef7f4350f1,MANUAL_REVIEW,MAPPED,flat_schema_cannot_represent_nested_and_or,2026-08-25,중첩 AND/OR 원식을 평탄화하면 필수조건이 누락되므로 이관을 차단한다. 이슈 #44 task-12: 원천 visa_criterion_groups.csv의 기존 AND/OR 트리를 v2 group_key(f2r_applicant_status/f2r_education_or_income/f2r_economic_activity/f2r_employment/f2r_restricted_industries/f2r_employer/f2r_small_business_exception/f2r_entrepreneurship)로 재-키(re-key)하여 이관 완료.
641281e3-e5fe-47d3-b397-3eaa5edca2f1,a228433b-abe4-4785-8496-3e1cb3d597c1,A_F-2-R,visa_requirement_criteria,ae9d26ab-ca5f-51e8-826a-029fb0ec597c,root > economic_activity > employment > employer,2c892d50-7de9-431f-95f7-c02c7b2a7d76,7,2025-03-07,2026-09-18,visa_requirement_criteria,34472c25-ff3c-49e1-b518-a031ba051beb,MANUAL_REVIEW,MAPPED,flat_schema_cannot_represent_nested_and_or,2026-08-25,중첩 AND/OR 원식을 평탄화하면 필수조건이 누락되므로 이관을 차단한다. 이슈 #44 task-12: 원천 visa_criterion_groups.csv의 기존 AND/OR 트리를 v2 group_key(f2r_applicant_status/f2r_education_or_income/f2r_economic_activity/f2r_employment/f2r_restricted_industries/f2r_employer/f2r_small_business_exception/f2r_entrepreneurship)로 재-키(re-key)하여 이관 완료.
bfd83836-d782-4f19-9381-8e11aa4c24e7,a228433b-abe4-4785-8496-3e1cb3d597c1,A_F-2-R,visa_requirement_criteria,1d45b72f-593c-550b-983f-5d204973ca4d,root > economic_activity > employment > employer,2c892d50-7de9-431f-95f7-c02c7b2a7d76,7,2025-03-07,2026-09-18,visa_requirement_criteria,a561f4cd-504c-446d-8b77-2c7db7375565,MANUAL_REVIEW,MAPPED,flat_schema_cannot_represent_nested_and_or,2026-08-25,중첩 AND/OR 원식을 평탄화하면 필수조건이 누락되므로 이관을 차단한다. 이슈 #44 task-12: 원천 visa_criterion_groups.csv의 기존 AND/OR 트리를 v2 group_key(f2r_applicant_status/f2r_education_or_income/f2r_economic_activity/f2r_employment/f2r_restricted_industries/f2r_employer/f2r_small_business_exception/f2r_entrepreneurship)로 재-키(re-key)하여 이관 완료.
42fc420f-4ab5-4ce1-9137-1882531da9bc,a228433b-abe4-4785-8496-3e1cb3d597c1,A_F-2-R,visa_requirement_criteria,d18fd931-24b4-5856-8370-2e7b8d5053bd,root > economic_activity > employment > employer,2c892d50-7de9-431f-95f7-c02c7b2a7d76,8,2025-03-07,2026-09-18,visa_requirement_criteria,2283b412-215c-4773-96fd-dc10522daf90,MANUAL_REVIEW,MAPPED,flat_schema_cannot_represent_nested_and_or,2026-08-25,중첩 AND/OR 원식을 평탄화하면 필수조건이 누락되므로 이관을 차단한다. 이슈 #44 task-12: 원천 visa_criterion_groups.csv의 기존 AND/OR 트리를 v2 group_key(f2r_applicant_status/f2r_education_or_income/f2r_economic_activity/f2r_employment/f2r_restricted_industries/f2r_employer/f2r_small_business_exception/f2r_entrepreneurship)로 재-키(re-key)하여 이관 완료.
09b3a3d6-045f-4d2e-a710-ba3c0287215c,a228433b-abe4-4785-8496-3e1cb3d597c1,A_F-2-R,visa_requirement_criteria,00db7e87-d02b-57fc-9420-38824cb45e4b,root > economic_activity > employment > employer,2c892d50-7de9-431f-95f7-c02c7b2a7d76,8,2025-03-07,2026-09-18,visa_requirement_criteria,8af211be-fe0e-46c0-b0cc-a3725ecbc823,MANUAL_REVIEW,MAPPED,flat_schema_cannot_represent_nested_and_or,2026-08-25,중첩 AND/OR 원식을 평탄화하면 필수조건이 누락되므로 이관을 차단한다. 이슈 #44 task-12: 원천 visa_criterion_groups.csv의 기존 AND/OR 트리를 v2 group_key(f2r_applicant_status/f2r_education_or_income/f2r_economic_activity/f2r_employment/f2r_restricted_industries/f2r_employer/f2r_small_business_exception/f2r_entrepreneurship)로 재-키(re-key)하여 이관 완료.
ec8c6571-c875-45ff-8058-5c71870aa315,a228433b-abe4-4785-8496-3e1cb3d597c1,A_F-2-R,visa_requirement_criteria,e8f53963-0551-5b8c-8b9d-490448f24cbd,root > economic_activity > employment > employer,2c892d50-7de9-431f-95f7-c02c7b2a7d76,8,2025-03-07,2026-09-18,visa_requirement_criteria,e96e8e70-c81a-4109-b635-b9bfb92a7bdd,MANUAL_REVIEW,MAPPED,flat_schema_cannot_represent_nested_and_or,2026-08-25,중첩 AND/OR 원식을 평탄화하면 필수조건이 누락되므로 이관을 차단한다. 이슈 #44 task-12: 원천 visa_criterion_groups.csv의 기존 AND/OR 트리를 v2 group_key(f2r_applicant_status/f2r_education_or_income/f2r_economic_activity/f2r_employment/f2r_restricted_industries/f2r_employer/f2r_small_business_exception/f2r_entrepreneurship)로 재-키(re-key)하여 이관 완료.
bee5821a-a8f7-4ac1-b266-32eda3f9d4a6,a228433b-abe4-4785-8496-3e1cb3d597c1,A_F-2-R,visa_requirement_criteria,f23001d5-fff9-5bb8-8160-99a5f38091d7,root > economic_activity > employment > restricted_industries,6fe08cb5-96dd-4784-b266-f72d517595fc,4,2025-03-07,2026-09-18,visa_requirement_criteria,529d0a2c-b2d3-4de8-8f53-8529ac94dbdb,MANUAL_REVIEW,MAPPED,flat_schema_cannot_represent_nested_and_or,2026-08-25,중첩 AND/OR 원식을 평탄화하면 필수조건이 누락되므로 이관을 차단한다. 이슈 #44 task-12: 원천 visa_criterion_groups.csv의 기존 AND/OR 트리를 v2 group_key(f2r_applicant_status/f2r_education_or_income/f2r_economic_activity/f2r_employment/f2r_restricted_industries/f2r_employer/f2r_small_business_exception/f2r_entrepreneurship)로 재-키(re-key)하여 이관 완료.
92f8262e-ae43-4966-b451-23f7c4a121c4,a228433b-abe4-4785-8496-3e1cb3d597c1,A_F-2-R,visa_requirement_criteria,8ff73163-a45a-5f8f-9745-531c76928505,root > economic_activity > employment > restricted_industries,6fe08cb5-96dd-4784-b266-f72d517595fc,4,2025-03-07,2026-09-18,visa_requirement_criteria,c2c20e11-e125-4565-9c06-d078a7dc69d7,MANUAL_REVIEW,MAPPED,flat_schema_cannot_represent_nested_and_or,2026-08-25,중첩 AND/OR 원식을 평탄화하면 필수조건이 누락되므로 이관을 차단한다. 이슈 #44 task-12: 원천 visa_criterion_groups.csv의 기존 AND/OR 트리를 v2 group_key(f2r_applicant_status/f2r_education_or_income/f2r_economic_activity/f2r_employment/f2r_restricted_industries/f2r_employer/f2r_small_business_exception/f2r_entrepreneurship)로 재-키(re-key)하여 이관 완료.
767eb8bd-0ad7-4385-be93-24bf073c6be5,a228433b-abe4-4785-8496-3e1cb3d597c1,A_F-2-R,visa_requirement_criteria,17cd394d-de37-5f4e-b1f4-d10e1f29a87b,root > economic_activity > employment > restricted_industries,6fe08cb5-96dd-4784-b266-f72d517595fc,4,2025-03-07,2026-09-18,visa_requirement_criteria,e36fcd38-a4ff-45a3-8772-fcaec79e6428,MANUAL_REVIEW,MAPPED,flat_schema_cannot_represent_nested_and_or,2026-08-25,중첩 AND/OR 원식을 평탄화하면 필수조건이 누락되므로 이관을 차단한다. 이슈 #44 task-12: 원천 visa_criterion_groups.csv의 기존 AND/OR 트리를 v2 group_key(f2r_applicant_status/f2r_education_or_income/f2r_economic_activity/f2r_employment/f2r_restricted_industries/f2r_employer/f2r_small_business_exception/f2r_entrepreneurship)로 재-키(re-key)하여 이관 완료.
6cd1e11c-3c57-4252-b076-337dedc7b6ad,a228433b-abe4-4785-8496-3e1cb3d597c1,A_F-2-R,visa_requirement_criteria,54fed149-27cb-54dc-95f8-fbcea5ce4cb2,root > economic_activity > employment > restricted_industries,6fe08cb5-96dd-4784-b266-f72d517595fc,4,2025-03-07,2026-09-18,visa_requirement_criteria,ac2c67df-9c26-4215-9f13-aa9805ac720a,MANUAL_REVIEW,MAPPED,flat_schema_cannot_represent_nested_and_or,2026-08-25,중첩 AND/OR 원식을 평탄화하면 필수조건이 누락되므로 이관을 차단한다. 이슈 #44 task-12: 원천 visa_criterion_groups.csv의 기존 AND/OR 트리를 v2 group_key(f2r_applicant_status/f2r_education_or_income/f2r_economic_activity/f2r_employment/f2r_restricted_industries/f2r_employer/f2r_small_business_exception/f2r_entrepreneurship)로 재-키(re-key)하여 이관 완료.
251672d2-bba5-434f-82ad-80427159d374,a228433b-abe4-4785-8496-3e1cb3d597c1,A_F-2-R,visa_requirement_criteria,9e93f60d-80b8-5432-80eb-4645836219c1,root > excluded_applicants,6fe08cb5-96dd-4784-b266-f72d517595fc,8,2025-03-07,2026-09-18,visa_requirement_criteria,1d53343f-4842-4ff8-b369-4423f63531dd,COPY,MAPPED,,2026-08-24,그룹 없는 행으로 두어 다른 자격요건과 AND로 결합한다.
16f539dc-55fb-408b-9eea-fb34b8099b6e,a228433b-abe4-4785-8496-3e1cb3d597c1,A_F-2-R,visa_requirement_criteria,41d1fe16-7ca3-5cf6-accb-6d69ee524f8b,recommendation,6fe08cb5-96dd-4784-b266-f72d517595fc,16,2025-03-07,2026-09-18,NONE,,SKIP,BLOCKED,not_applicable in v1 mapping — target_table was empty,,승인 이후 의무·동반가족·상대 일정은 공통 자격 criteria에 넣지 않는다.
75e0f91d-7947-43f7-9046-605101cf9aa7,a228433b-abe4-4785-8496-3e1cb3d597c1,A_F-2-R,visa_requirement_criteria,8613330e-0620-5b01-b406-252525e6fb55,post_approval,6fe08cb5-96dd-4784-b266-f72d517595fc,2,2025-03-07,2026-09-18,NONE,,SKIP,BLOCKED,not_applicable in v1 mapping — target_table was empty,,"승인 이후 의무·동반가족·상대 일정은 공통 자격 criteria에 넣지 않는다. | target_table=NONE 규칙: v2 13개 테이블 중 대응 테이블 없음(원천 recommended_destination='admin_guide_corpus (future shared corpus)', group_path='post_approval')."
4adbfb87-dcb3-4b2d-b991-21070660da8d,a228433b-abe4-4785-8496-3e1cb3d597c1,A_F-2-R,visa_requirement_criteria,81ea7938-e0b5-5650-a5d4-00860245b895,post_approval,6fe08cb5-96dd-4784-b266-f72d517595fc,2,2025-03-07,2026-09-18,NONE,,SKIP,BLOCKED,not_applicable in v1 mapping — target_table was empty,,"승인 이후 의무·동반가족·상대 일정은 공통 자격 criteria에 넣지 않는다. | target_table=NONE 규칙: v2 13개 테이블 중 대응 테이블 없음(원천 recommended_destination='admin_guide_corpus (future shared corpus)', group_path='post_approval')."
1dd25de5-737a-4fc5-9272-451a7457cbb1,a228433b-abe4-4785-8496-3e1cb3d597c1,A_F-2-R,visa_requirement_criteria,9895900e-0abc-579b-92d3-bd8dd1424f47,post_approval,6fe08cb5-96dd-4784-b266-f72d517595fc,2,2025-03-07,2026-09-18,NONE,,SKIP,BLOCKED,not_applicable in v1 mapping — target_table was empty,,"승인 이후 의무·동반가족·상대 일정은 공통 자격 criteria에 넣지 않는다. | target_table=NONE 규칙: v2 13개 테이블 중 대응 테이블 없음(원천 recommended_destination='admin_guide_corpus (future shared corpus)', group_path='post_approval')."
c0591f41-46cb-4587-bb2c-74ea567ed9aa,a228433b-abe4-4785-8496-3e1cb3d597c1,A_F-2-R,visa_requirement_criteria,aaf46524-1968-5847-a71f-98290bdf04e2,post_approval,2c892d50-7de9-431f-95f7-c02c7b2a7d76,8,2025-03-07,2026-09-18,NONE,,SKIP,BLOCKED,not_applicable in v1 mapping — target_table was empty,,"승인 이후 의무·동반가족·상대 일정은 공통 자격 criteria에 넣지 않는다. | target_table=NONE 규칙: v2 13개 테이블 중 대응 테이블 없음(원천 recommended_destination='admin_guide_corpus (future shared corpus)', group_path='post_approval')."
1d2fb69d-fb52-4a8b-94fd-6503da634764,a228433b-abe4-4785-8496-3e1cb3d597c1,A_F-2-R,visa_requirement_criteria,d6817b68-b0d4-5232-a661-2d686baefa10,post_approval,2c892d50-7de9-431f-95f7-c02c7b2a7d76,8,2025-03-07,2026-09-18,NONE,,SKIP,BLOCKED,not_applicable in v1 mapping — target_table was empty,,"승인 이후 의무·동반가족·상대 일정은 공통 자격 criteria에 넣지 않는다. | target_table=NONE 규칙: v2 13개 테이블 중 대응 테이블 없음(원천 recommended_destination='admin_guide_corpus (future shared corpus)', group_path='post_approval')."
652f39bb-8a77-4a1e-b8f4-bfcc2a4535a9,a228433b-abe4-4785-8496-3e1cb3d597c1,A_F-2-R,visa_requirement_criteria,41d6b502-4417-5462-b2c1-ea733421a9e4,post_approval,2c892d50-7de9-431f-95f7-c02c7b2a7d76,8,2025-03-07,2026-09-18,NONE,,SKIP,BLOCKED,not_applicable in v1 mapping — target_table was empty,,"승인 이후 의무·동반가족·상대 일정은 공통 자격 criteria에 넣지 않는다. | target_table=NONE 규칙: v2 13개 테이블 중 대응 테이블 없음(원천 recommended_destination='admin_guide_corpus (future shared corpus)', group_path='post_approval')."
baa3d436-773e-47de-ae40-1f6f7b078e11,a228433b-abe4-4785-8496-3e1cb3d597c1,A_F-2-R,visa_requirement_criteria,779105e0-cae5-5ed4-a37b-20426f200bc4,dependent_family,6fe08cb5-96dd-4784-b266-f72d517595fc,3,2025-03-07,2026-09-18,NONE,,SKIP,BLOCKED,not_applicable in v1 mapping — target_table was empty,,"승인 이후 의무·동반가족·상대 일정은 공통 자격 criteria에 넣지 않는다. | target_table=NONE 규칙: v2 13개 테이블 중 대응 테이블 없음(원천 recommended_destination='admin_guide_corpus (future shared corpus)', group_path='dependent_family')."
b004b22b-9afe-449b-ba99-7c0073f528d6,a228433b-abe4-4785-8496-3e1cb3d597c1,A_F-2-R,visa_requirement_criteria,12e0ebd6-2a4d-5150-b4f7-da6acc2ff05f,dependent_family,6fe08cb5-96dd-4784-b266-f72d517595fc,3,2025-03-07,2026-09-18,NONE,,SKIP,BLOCKED,not_applicable in v1 mapping — target_table was empty,,"승인 이후 의무·동반가족·상대 일정은 공통 자격 criteria에 넣지 않는다. | target_table=NONE 규칙: v2 13개 테이블 중 대응 테이블 없음(원천 recommended_destination='admin_guide_corpus (future shared corpus)', group_path='dependent_family')."
b2d369f1-7bdf-4be9-a739-f28f0fae5a71,a228433b-abe4-4785-8496-3e1cb3d597c1,A_F-2-R,visa_requirement_criteria,512765ec-2510-51c0-846b-f5e667bbcbeb,dependent_family,6fe08cb5-96dd-4784-b266-f72d517595fc,3,2025-03-07,2026-09-18,NONE,,SKIP,BLOCKED,not_applicable in v1 mapping — target_table was empty,,"승인 이후 의무·동반가족·상대 일정은 공통 자격 criteria에 넣지 않는다. | target_table=NONE 규칙: v2 13개 테이블 중 대응 테이블 없음(원천 recommended_destination='admin_guide_corpus (future shared corpus)', group_path='dependent_family')."
204d4ca5-ad29-4455-951c-f84091f5024f,a228433b-abe4-4785-8496-3e1cb3d597c1,A_F-2-R,visa_requirement_criteria,a06153f0-63f3-5802-b45d-fb12c2ade02e,dependent_family,6fe08cb5-96dd-4784-b266-f72d517595fc,3,2025-03-07,2026-09-18,NONE,,SKIP,BLOCKED,not_applicable in v1 mapping — target_table was empty,,"승인 이후 의무·동반가족·상대 일정은 공통 자격 criteria에 넣지 않는다. | target_table=NONE 규칙: v2 13개 테이블 중 대응 테이블 없음(원천 recommended_destination='admin_guide_corpus (future shared corpus)', group_path='dependent_family')."
ef6ce43b-5c82-4433-9306-77382c5b83ed,346834f7-ac6e-4958-8e0d-8c2b4fb03a7e,B_E-7-4R,_review_current_requirements,REQ-001,,d3c64f30-9c86-4459-93d5-bfbb02863e5c,1,2026-01-12,2026-09-18,NONE,,SKIP,BLOCKED,실제 파일 이름은 모집공고 8차;이 부분은 본 사업의 목적 정도로 분류하는게 좋을듯,,실제 파일 이름은 모집공고 8차;이 부분은 본 사업의 목적 정도로 분류하는게 좋을듯 | target_table=NONE 규칙: v2 13개 테이블 중 대응 테이블 없음 (review_decision='excluded').
bd723862-9094-46c4-ac98-61b584d734a4,346834f7-ac6e-4958-8e0d-8c2b4fb03a7e,B_E-7-4R,_review_current_requirements,REQ-002,,d3c64f30-9c86-4459-93d5-bfbb02863e5c,1,2026-01-12,2026-09-18,NONE,,SKIP,BLOCKED,source_section 그 자체에 해당하는 내용,,공고 개요 | source_section 그 자체에 해당하는 내용 | target_table=NONE 규칙: v2 13개 테이블 중 대응 테이블 없음 (review_decision='excluded').
ea0cc916-fd24-44ae-9392-26c3beeea123,346834f7-ac6e-4958-8e0d-8c2b4fb03a7e,B_E-7-4R,_review_current_requirements,REQ-003,,d3c64f30-9c86-4459-93d5-bfbb02863e5c,1,2026-01-12,2026-09-18,visa_requirements,346834f7-ac6e-4958-8e0d-8c2b4fb03a7e,COPY,MAPPED,,2026-08-25,"공고 개요 | 대상 공통 테이블은 확정했으며, UUID 발급 후 target_record_id를 채움. | [Task 9 조사] 공고 개요 관련 원문 — E-7-4R visa_requirements 행은 아직 부트스트랩(visa_id+visa_code만)만 존재해 program_type/target_regions_json 등 실제 컬럼이 없으므로 대응 v2 값 없음. | Task 11(#44): E-7-4R v2 이관 완료, target_record_id 기록."
6d1d5d60-0a97-4f67-b013-d489c4840353,346834f7-ac6e-4958-8e0d-8c2b4fb03a7e,B_E-7-4R,_review_current_requirements,REQ-004,,d3c64f30-9c86-4459-93d5-bfbb02863e5c,1,2026-01-12,2026-09-18,visa_quota_snapshots,894caed7-bcc2-4ed7-9818-2cbbba242720,COPY,MAPPED,,2026-08-24,"공고 개요 | 대상 공통 테이블은 확정했으며, UUID 발급 및 target_record_id 기록 완료. [E-7-4R 충북 8차 쿼터 스냅샷 원천 행: REQ-004(모집규모 542/기추천 246/잔여 306), REQ-005(직전 자격 E-7-4 쿼터 미소모 10명) — 계획 문서 542/246/10/236/306 수치의 원천 근거. target_table은 v2 visa_quota_policies/visa_quota_snapshots로 분리 예정, 이 태스크에서는 매핑 기록만 함.]"
2cf10fb9-e375-410a-9cc0-0e6a569f692f,346834f7-ac6e-4958-8e0d-8c2b4fb03a7e,B_E-7-4R,_review_current_requirements,REQ-005,,d3c64f30-9c86-4459-93d5-bfbb02863e5c,1,2026-01-12,2026-09-18,visa_quota_snapshots,894caed7-bcc2-4ed7-9818-2cbbba242720,COPY,MAPPED,,2026-08-24,"공고 개요 | 대상 공통 테이블은 확정했으며, UUID 발급 및 target_record_id 기록 완료. [E-7-4R 충북 8차 쿼터 스냅샷 원천 행: REQ-004(모집규모 542/기추천 246/잔여 306), REQ-005(직전 자격 E-7-4 쿼터 미소모 10명) — 계획 문서 542/246/10/236/306 수치의 원천 근거. target_table은 v2 visa_quota_policies/visa_quota_snapshots로 분리 예정, 이 태스크에서는 매핑 기록만 함.]"
a384bf81-a1c6-4aef-8739-4e942b864fd4,346834f7-ac6e-4958-8e0d-8c2b4fb03a7e,B_E-7-4R,_review_current_requirements,REQ-006,공고 개요,d3c64f30-9c86-4459-93d5-bfbb02863e5c,1,2026-01-12,2026-09-18,visa_requirements,346834f7-ac6e-4958-8e0d-8c2b4fb03a7e,MERGE,MAPPED,,2026-08-25,2단계 원문·v2 대조 완료: 공고 개요의 사업지역·사업내용을 E-7-4R 서비스 기본정보에 병합.
cedefbd1-5111-45ee-bc7d-6d87d75902ef,346834f7-ac6e-4958-8e0d-8c2b4fb03a7e,B_E-7-4R,_review_current_requirements,REQ-007,공고 개요,d3c64f30-9c86-4459-93d5-bfbb02863e5c,1,2026-01-12,2026-09-18,visa_requirements,346834f7-ac6e-4958-8e0d-8c2b4fb03a7e,MERGE,MAPPED,,2026-08-25,2단계 원문·v2 대조 완료: 공고 개요의 사업지역·사업내용을 E-7-4R 서비스 기본정보에 병합.
33a9a667-7091-4311-99ce-efdf04f3fc97,346834f7-ac6e-4958-8e0d-8c2b4fb03a7e,B_E-7-4R,_review_current_requirements,REQ-008,공고 개요,d3c64f30-9c86-4459-93d5-bfbb02863e5c,1,2026-01-12,2026-09-18,visa_process_stages,ac419d10-617a-4fdf-a160-ceec3259432f,MERGE,MAPPED,,2026-08-25,2단계 원문·v2 대조 완료: 모집기간·접수처·방문접수·대리신청·보완·중복신청 제한을 신청 접수 단계에 병합.
271acbec-970c-4512-8b74-4f0dc15ed2b0,346834f7-ac6e-4958-8e0d-8c2b4fb03a7e,B_E-7-4R,_review_current_requirements,REQ-009,공고 개요,d3c64f30-9c86-4459-93d5-bfbb02863e5c,1,2026-01-12,2026-09-18,visa_process_stages,ac419d10-617a-4fdf-a160-ceec3259432f,MERGE,MAPPED,,2026-08-25,2단계 원문·v2 대조 완료: 모집기간·접수처·방문접수·대리신청·보완·중복신청 제한을 신청 접수 단계에 병합.
167e3967-5abe-434a-98e4-ca6e6cc6ba85,346834f7-ac6e-4958-8e0d-8c2b4fb03a7e,B_E-7-4R,_review_current_requirements,REQ-010,공고 개요,d3c64f30-9c86-4459-93d5-bfbb02863e5c,1,2026-01-12,2026-09-18,visa_process_stages,ac419d10-617a-4fdf-a160-ceec3259432f,MERGE,MAPPED,,2026-08-25,2단계 원문·v2 대조 완료: 모집기간·접수처·방문접수·대리신청·보완·중복신청 제한을 신청 접수 단계에 병합.
d20d9b8f-a84c-4c6a-8460-1f6fce26f93a,346834f7-ac6e-4958-8e0d-8c2b4fb03a7e,B_E-7-4R,_review_current_requirements,REQ-011,공고 개요,d3c64f30-9c86-4459-93d5-bfbb02863e5c,1,2026-01-12,2026-09-18,visa_process_stages,ac419d10-617a-4fdf-a160-ceec3259432f,MERGE,MAPPED,,2026-08-25,2단계 원문·v2 대조 완료: 모집기간·접수처·방문접수·대리신청·보완·중복신청 제한을 신청 접수 단계에 병합.
e999ae65-97be-4cc6-802b-ce6dd804760e,346834f7-ac6e-4958-8e0d-8c2b4fb03a7e,B_E-7-4R,_review_current_requirements,REQ-012,공고 개요,d3c64f30-9c86-4459-93d5-bfbb02863e5c,1,2026-01-12,2026-09-18,visa_process_stages,ac419d10-617a-4fdf-a160-ceec3259432f,MERGE,MAPPED,,2026-08-25,2단계 원문·v2 대조 완료: 모집기간·접수처·방문접수·대리신청·보완·중복신청 제한을 신청 접수 단계에 병합.
79533660-419f-42db-b71c-45c3392af864,346834f7-ac6e-4958-8e0d-8c2b4fb03a7e,B_E-7-4R,_review_current_requirements,REQ-013,공고 개요,d3c64f30-9c86-4459-93d5-bfbb02863e5c,1,2026-01-12,2026-09-18,visa_process_stages,ac419d10-617a-4fdf-a160-ceec3259432f,MERGE,MAPPED,,2026-08-25,2단계 원문·v2 대조 완료: 모집기간·접수처·방문접수·대리신청·보완·중복신청 제한을 신청 접수 단계에 병합.
71c363f8-693e-4c89-8666-1a007e3be618,346834f7-ac6e-4958-8e0d-8c2b4fb03a7e,B_E-7-4R,_review_current_requirements,REQ-014,공고 개요,d3c64f30-9c86-4459-93d5-bfbb02863e5c,1,2026-01-12,2026-09-18,visa_process_stages,ac419d10-617a-4fdf-a160-ceec3259432f,MERGE,MAPPED,,2026-08-25,2단계 원문·v2 대조 완료: 모집기간·접수처·방문접수·대리신청·보완·중복신청 제한을 신청 접수 단계에 병합.
952296ea-a162-4bc3-b49e-268091720ebb,346834f7-ac6e-4958-8e0d-8c2b4fb03a7e,B_E-7-4R,_review_current_requirements,REQ-015,공고 개요,d3c64f30-9c86-4459-93d5-bfbb02863e5c,1,2026-01-12,2026-09-18,visa_process_stages,ac419d10-617a-4fdf-a160-ceec3259432f,MERGE,MAPPED,,2026-08-25,2단계 원문·v2 대조 완료: 모집기간·접수처·방문접수·대리신청·보완·중복신청 제한을 신청 접수 단계에 병합.
c00dd13d-849d-4b5c-bdc0-d60d3e0a953d,346834f7-ac6e-4958-8e0d-8c2b4fb03a7e,B_E-7-4R,_review_current_requirements,REQ-016,공고 개요,d3c64f30-9c86-4459-93d5-bfbb02863e5c,1,2026-01-12,2026-09-18,visa_process_stages,ac419d10-617a-4fdf-a160-ceec3259432f,MERGE,MAPPED,,2026-08-25,2단계 원문·v2 대조 완료: 모집기간·접수처·방문접수·대리신청·보완·중복신청 제한을 신청 접수 단계에 병합.
e2e1ba39-1ed5-4e37-8c82-e11e3f997403,346834f7-ac6e-4958-8e0d-8c2b4fb03a7e,B_E-7-4R,_review_current_requirements,REQ-017,공고 개요,d3c64f30-9c86-4459-93d5-bfbb02863e5c,1,2026-01-12,2026-09-18,visa_process_stages,5b636b06-5984-4191-bdb6-f5b329334329,MERGE,MAPPED,,2026-08-25,2단계 원문·v2 대조 완료: 문자 결과통보와 매주 법무부 공문 통보 절차를 추천 심사 단계에 병합.
c53476c0-4e71-4add-9ce5-6985b04e20f0,346834f7-ac6e-4958-8e0d-8c2b4fb03a7e,B_E-7-4R,_review_current_requirements,REQ-018,,d3c64f30-9c86-4459-93d5-bfbb02863e5c,2,2026-01-12,2026-09-18,NONE,,SKIP,BLOCKED,"""2 |  | 추진 체계""는 source_section 그 자체에 해당하는 내용;표 형태지만 순서가 있지 않음; 복합 행을 REQ-018-01, REQ-018-02, REQ-018-03, REQ-018-04로 분리함 (추진 체계 표를 절차 단계별 행으로 분리)",,"추진 체계 | ""2 |  | 추진 체계""는 source_section 그 자체에 해당하는 내용;표 형태지만 순서가 있지 않음; 복합 행을 REQ-018-01, REQ-018-02, REQ-018-03, REQ-018-04로 분리함 (추진 체계 표를 절차 단계별 행으로 분리) | target_table=NONE 규칙: v2 13개 테이블 중 대응 테이블 없음 (review_decision='excluded')."
7de427be-a698-4684-b25b-e44c8ee4fe86,346834f7-ac6e-4958-8e0d-8c2b4fb03a7e,B_E-7-4R,_review_current_requirements,REQ-018-01,,d3c64f30-9c86-4459-93d5-bfbb02863e5c,2,2026-01-12,2026-09-18,visa_process_stages,a63c0046-58b3-46dd-9725-593655a3e8f1,COPY,MAPPED,,2026-08-24,"추진 체계 | 대상 공통 테이블은 확정했으며, UUID 발급 및 target_record_id 기록 완료."
91cf785f-6c0c-4e1f-a030-25223677869f,346834f7-ac6e-4958-8e0d-8c2b4fb03a7e,B_E-7-4R,_review_current_requirements,REQ-018-02,,d3c64f30-9c86-4459-93d5-bfbb02863e5c,2,2026-01-12,2026-09-18,visa_process_stages,ac419d10-617a-4fdf-a160-ceec3259432f,COPY,MAPPED,,2026-08-24,"추진 체계 | 대상 공통 테이블은 확정했으며, UUID 발급 및 target_record_id 기록 완료."
56fdb2e3-ef09-45d7-a076-6bf8bdec12fe,346834f7-ac6e-4958-8e0d-8c2b4fb03a7e,B_E-7-4R,_review_current_requirements,REQ-018-03,,d3c64f30-9c86-4459-93d5-bfbb02863e5c,2,2026-01-12,2026-09-18,visa_process_stages,5b636b06-5984-4191-bdb6-f5b329334329,COPY,MAPPED,,2026-08-24,"추진 체계 | 대상 공통 테이블은 확정했으며, UUID 발급 및 target_record_id 기록 완료."
c8a9164b-292f-49ab-910e-7afaf30a422c,346834f7-ac6e-4958-8e0d-8c2b4fb03a7e,B_E-7-4R,_review_current_requirements,REQ-018-04,,d3c64f30-9c86-4459-93d5-bfbb02863e5c,2,2026-01-12,2026-09-18,visa_process_stages,e51a4dfb-7caa-422c-bfec-b7e77ea70261,COPY,MAPPED,,2026-08-24,"추진 체계 | 대상 공통 테이블은 확정했으며, UUID 발급 및 target_record_id 기록 완료."
dcfc7e7e-03a4-490a-83f7-2357a1b8b06b,346834f7-ac6e-4958-8e0d-8c2b4fb03a7e,B_E-7-4R,_review_current_requirements,REQ-019,,d3c64f30-9c86-4459-93d5-bfbb02863e5c,2,2026-01-12,2026-09-18,NONE,,SKIP,BLOCKED,"""3 |  | 자격 요건""는 source_section 그 자체에 해당하는 내용",,"자격 요건 | ""3 |  | 자격 요건""는 source_section 그 자체에 해당하는 내용 | target_table=NONE 규칙: v2 13개 테이블 중 대응 테이블 없음 (review_decision='excluded')."
7cd55d2c-2d1b-4f13-9c45-5dafc33ab967,346834f7-ac6e-4958-8e0d-8c2b4fb03a7e,B_E-7-4R,_review_current_requirements,REQ-020,자격 요건 > 추천대상,d3c64f30-9c86-4459-93d5-bfbb02863e5c,2,2026-01-12,2026-09-18,visa_requirement_criteria,d7958d0a-6990-42c9-9adf-8c296e964690,TRANSFORM,MAPPED,,2026-08-25,"자격 요건 > 추천대상 | 대상 공통 테이블은 확정했으며, UUID 발급 후 target_record_id를 채움. | Task 11(#44): E-7-4R v2 이관 완료, target_record_id 기록."
9b39e4fe-c438-4f76-8aeb-3dde21ae2780,346834f7-ac6e-4958-8e0d-8c2b4fb03a7e,B_E-7-4R,_review_current_requirements,REQ-021,,d3c64f30-9c86-4459-93d5-bfbb02863e5c,2,2026-01-12,2026-09-18,visa_requirement_criteria,d7958d0a-6990-42c9-9adf-8c296e964690,TRANSFORM,MAPPED,,2026-08-25,"자격 요건 > 추천대상 | 대상 공통 테이블은 확정했으며, UUID 발급 후 target_record_id를 채움. | Task 11(#44): E-7-4R v2 이관 완료, target_record_id 기록."
d3e8ff90-5831-4336-b619-d171e09f01c9,346834f7-ac6e-4958-8e0d-8c2b4fb03a7e,B_E-7-4R,_review_current_requirements,REQ-022,,d3c64f30-9c86-4459-93d5-bfbb02863e5c,2,2026-01-12,2026-09-18,visa_requirement_criteria,17ae7c3f-3897-455e-b679-d22a8d5a16df,TRANSFORM,MAPPED,,2026-08-25,"자격 요건 > 추천대상 | 대상 공통 테이블은 확정했으며, UUID 발급 후 target_record_id를 채움. | Task 11(#44): E-7-4R v2 이관 완료, target_record_id 기록."
a125a7ca-700b-4263-a8b9-7b07a51038b7,346834f7-ac6e-4958-8e0d-8c2b4fb03a7e,B_E-7-4R,_review_current_requirements,REQ-023,자격 요건 > 추천대상 > 제외대상,d3c64f30-9c86-4459-93d5-bfbb02863e5c,2,2026-01-12,2026-09-18,visa_requirement_criteria,9992cdb1-92c6-4afc-89b6-e0396b4490fe,TRANSFORM,MAPPED,,2026-08-25,"자격 요건 > 추천대상 > 제외대상 | 대상 공통 테이블은 확정했으며, UUID 발급 후 target_record_id를 채움. | Task 11(#44): E-7-4R v2 이관 완료, target_record_id 기록."
514d99a1-35f6-4ff8-b90c-c0325893d4f6,346834f7-ac6e-4958-8e0d-8c2b4fb03a7e,B_E-7-4R,_review_current_requirements,REQ-024,,d3c64f30-9c86-4459-93d5-bfbb02863e5c,2,2026-01-12,2026-09-18,visa_requirement_criteria,38715576-8ac6-41a8-85ee-c93c9ffa2473,TRANSFORM,MAPPED,,2026-08-25,"자격 요건 > 추천대상 > 제외대상 | 대상 공통 테이블은 확정했으며, UUID 발급 후 target_record_id를 채움. | Task 11(#44): E-7-4R v2 이관 완료, target_record_id 기록."
4f794c45-ba3f-4da5-b5a9-2ac9d2f5d968,346834f7-ac6e-4958-8e0d-8c2b4fb03a7e,B_E-7-4R,_review_current_requirements,REQ-025,,d3c64f30-9c86-4459-93d5-bfbb02863e5c,2,2026-01-12,2026-09-18,visa_requirement_criteria,9bf2cba3-11fe-48ff-a892-a19a82d0faf6,TRANSFORM,MAPPED,,2026-08-25,"자격 요건 > 추천대상 > 제외대상 | 대상 공통 테이블은 확정했으며, UUID 발급 후 target_record_id를 채움. | Task 11(#44): E-7-4R v2 이관 완료, target_record_id 기록."
f2b5e706-e86d-4039-8bda-84f696b52c7a,346834f7-ac6e-4958-8e0d-8c2b4fb03a7e,B_E-7-4R,_review_current_requirements,REQ-026,,d3c64f30-9c86-4459-93d5-bfbb02863e5c,2,2026-01-12,2026-09-18,visa_requirement_criteria,db2f0d99-c93f-4fb0-9e47-f29d2650f308,TRANSFORM,MAPPED,,2026-08-25,"자격 요건 > 추천대상 > 제외대상 | 대상 공통 테이블은 확정했으며, UUID 발급 후 target_record_id를 채움. | Task 11(#44): E-7-4R v2 이관 완료, target_record_id 기록."
3100e651-c899-462c-aed1-f87bed37e1d7,346834f7-ac6e-4958-8e0d-8c2b4fb03a7e,B_E-7-4R,_review_current_requirements,REQ-027,,d3c64f30-9c86-4459-93d5-bfbb02863e5c,2,2026-01-12,2026-09-18,visa_requirement_criteria,ff188ac8-8138-4e39-9ce3-551d3072e865,TRANSFORM,MAPPED,,2026-08-25,"자격 요건 > 추천대상 > 제외대상 | 대상 공통 테이블은 확정했으며, UUID 발급 후 target_record_id를 채움. | Task 11(#44): E-7-4R v2 이관 완료, target_record_id 기록."
70448af5-ccc9-4eb2-8e64-a4dae2c1e307,346834f7-ac6e-4958-8e0d-8c2b4fb03a7e,B_E-7-4R,_review_current_requirements,REQ-028,,d3c64f30-9c86-4459-93d5-bfbb02863e5c,2,2026-01-12,2026-09-18,visa_requirement_criteria,b79d010b-91dc-437b-bca6-b805d54a761c,TRANSFORM,MAPPED,,2026-08-25,"자격 요건 > 추천대상 > 제외대상 | 대상 공통 테이블은 확정했으며, UUID 발급 후 target_record_id를 채움. | Task 11(#44): E-7-4R v2 이관 완료, target_record_id 기록."
3309a12b-c0ec-4474-ba2c-30af4af4b183,346834f7-ac6e-4958-8e0d-8c2b4fb03a7e,B_E-7-4R,_review_current_requirements,REQ-029,,d3c64f30-9c86-4459-93d5-bfbb02863e5c,2,2026-01-12,2026-09-18,visa_requirement_criteria,15afd115-e7f0-4817-984f-a00277a0f1d7,TRANSFORM,MAPPED,,2026-08-25,"자격 요건 > 추천대상 > 제외대상 | 대상 공통 테이블은 확정했으며, UUID 발급 후 target_record_id를 채움. | Task 11(#44): E-7-4R v2 이관 완료, target_record_id 기록."
13d44e15-8c8d-4cba-b328-dcc336a400c0,346834f7-ac6e-4958-8e0d-8c2b4fb03a7e,B_E-7-4R,_review_current_requirements,REQ-030,,d3c64f30-9c86-4459-93d5-bfbb02863e5c,2,2026-01-12,2026-09-18,NONE,,SKIP,BLOCKED,"자격 요건 > 추천대상 > 제외대상 으로 source_section 수정 필요; REQ-030, REQ-031, REQ-032, REQ-033를 하나의 원문 행으로 병합함 (한 줄의 보충 설명이 네 개의 추출 행으로 분리됨)",,"자격 요건 > 추천대상 > 제외대상 | 자격 요건 > 추천대상 > 제외대상 으로 source_section 수정 필요; REQ-030, REQ-031, REQ-032, REQ-033를 하나의 원문 행으로 병합함 (한 줄의 보충 설명이 네 개의 추출 행으로 분리됨) | target_table=NONE 규칙: v2 13개 테이블 중 대응 테이블 없음 (review_decision='excluded')."
6241cf26-f609-497e-b6f7-4e3fae0e817b,346834f7-ac6e-4958-8e0d-8c2b4fb03a7e,B_E-7-4R,_review_current_requirements,REQ-031,,d3c64f30-9c86-4459-93d5-bfbb02863e5c,2,2026-01-12,2026-09-18,NONE,,SKIP,BLOCKED,자격 요건 > 추천대상 > 제외대상 으로 source_section 수정 필요; REQ-030 대표 행에 병합된 원문 조각 (한 줄의 보충 설명이 네 개의 추출 행으로 분리됨),,자격 요건 > 추천대상 > 제외대상 | 자격 요건 > 추천대상 > 제외대상 으로 source_section 수정 필요; REQ-030 대표 행에 병합된 원문 조각 (한 줄의 보충 설명이 네 개의 추출 행으로 분리됨) | target_table=NONE 규칙: v2 13개 테이블 중 대응 테이블 없음 (review_decision='excluded').
4799963f-d112-4a10-bb39-08b2815e32d7,346834f7-ac6e-4958-8e0d-8c2b4fb03a7e,B_E-7-4R,_review_current_requirements,REQ-032,,d3c64f30-9c86-4459-93d5-bfbb02863e5c,2,2026-01-12,2026-09-18,NONE,,SKIP,BLOCKED,자격 요건 > 추천대상 > 제외대상 으로 source_section 수정 필요; REQ-030 대표 행에 병합된 원문 조각 (한 줄의 보충 설명이 네 개의 추출 행으로 분리됨),,자격 요건 > 추천대상 > 제외대상 | 자격 요건 > 추천대상 > 제외대상 으로 source_section 수정 필요; REQ-030 대표 행에 병합된 원문 조각 (한 줄의 보충 설명이 네 개의 추출 행으로 분리됨) | target_table=NONE 규칙: v2 13개 테이블 중 대응 테이블 없음 (review_decision='excluded').
f549dfeb-96d6-4963-9000-85617b5d4239,346834f7-ac6e-4958-8e0d-8c2b4fb03a7e,B_E-7-4R,_review_current_requirements,REQ-033,,d3c64f30-9c86-4459-93d5-bfbb02863e5c,2,2026-01-12,2026-09-18,NONE,,SKIP,BLOCKED,자격 요건 > 추천대상 > 제외대상 으로 source_section 수정 필요;REQ-030~REQ-034는 한 문장에 해당함; REQ-030 대표 행에 병합된 원문 조각 (한 줄의 보충 설명이 네 개의 추출 행으로 분리됨),,자격 요건 > 추천대상 > 제외대상 | 자격 요건 > 추천대상 > 제외대상 으로 source_section 수정 필요;REQ-030~REQ-034는 한 문장에 해당함; REQ-030 대표 행에 병합된 원문 조각 (한 줄의 보충 설명이 네 개의 추출 행으로 분리됨) | target_table=NONE 규칙: v2 13개 테이블 중 대응 테이블 없음 (review_decision='excluded').
c40a8fe0-1a21-4c11-af9f-b2b22f87d9e6,346834f7-ac6e-4958-8e0d-8c2b4fb03a7e,B_E-7-4R,_review_current_requirements,REQ-034,,d3c64f30-9c86-4459-93d5-bfbb02863e5c,3,2026-01-12,2026-09-18,NONE,,SKIP,BLOCKED,원본 HWPX section0 3페이지 대조 완료. 총점 기준과 점수표 표제·본문은 하위 scoring_items 및 SCORE-000으로 분리됨.,,자격 요건 > 점수제 심사 > 지역특화 숙련기능인력 점수표 > 기본 항목 | 원본 HWPX section0 3페이지 대조 완료. 총점 기준과 점수표 표제·본문은 하위 scoring_items 및 SCORE-000으로 분리됨. | target_table=NONE 규칙: v2 13개 테이블 중 대응 테이블 없음 (review_decision='excluded').
74f7d8da-f77b-4200-b409-369c3b98b144,346834f7-ac6e-4958-8e0d-8c2b4fb03a7e,B_E-7-4R,_review_current_requirements,REQ-034-01,,d3c64f30-9c86-4459-93d5-bfbb02863e5c,3,2026-01-12,2026-09-18,NONE,,SKIP,BLOCKED,원본 HWPX section0 3페이지 대조 완료. 지역특화 숙련기능인력 점수표/기본항목 표제 행으로 별도 이관하지 않음.,,자격 요건 > 점수제 심사 | 원본 HWPX section0 3페이지 대조 완료. 지역특화 숙련기능인력 점수표/기본항목 표제 행으로 별도 이관하지 않음. | target_table=NONE 규칙: v2 13개 테이블 중 대응 테이블 없음 (review_decision='excluded').
e597b2df-3816-45db-a937-8cda34da3082,346834f7-ac6e-4958-8e0d-8c2b4fb03a7e,B_E-7-4R,_review_current_requirements,REQ-034-02,,d3c64f30-9c86-4459-93d5-bfbb02863e5c,3,2026-01-12,2026-09-18,visa_scoring_items,8342bb1c-8fb3-41f9-b1bd-7397f03a9e8f,COPY,MAPPED,,2026-08-24,자격 요건 > 점수제 심사 | 기존 B_E-7-4R scoring_items의 동일 점수 항목과 대응함.
f38869e6-9e8d-4ec9-8aff-721e722d355b,346834f7-ac6e-4958-8e0d-8c2b4fb03a7e,B_E-7-4R,_review_current_requirements,REQ-034-02,,d3c64f30-9c86-4459-93d5-bfbb02863e5c,3,2026-01-12,2026-09-18,visa_scoring_items,a943a8ad-fc2a-4330-8cb5-19db555733ed,COPY,MAPPED,,2026-08-24,자격 요건 > 점수제 심사 | 기존 B_E-7-4R scoring_items의 동일 점수 항목과 대응함.
e19a9c9f-dec8-4ed5-b8c4-67190d91765f,346834f7-ac6e-4958-8e0d-8c2b4fb03a7e,B_E-7-4R,_review_current_requirements,REQ-034-02,,d3c64f30-9c86-4459-93d5-bfbb02863e5c,3,2026-01-12,2026-09-18,visa_scoring_items,1eb4aaa9-2582-44be-9ca0-88f40f851e1b,COPY,MAPPED,,2026-08-24,자격 요건 > 점수제 심사 | 기존 B_E-7-4R scoring_items의 동일 점수 항목과 대응함.
151c014d-5ba3-4601-847c-0b221b3a312b,346834f7-ac6e-4958-8e0d-8c2b4fb03a7e,B_E-7-4R,_review_current_requirements,REQ-034-02,,d3c64f30-9c86-4459-93d5-bfbb02863e5c,3,2026-01-12,2026-09-18,visa_scoring_items,6820a916-d072-4170-b97b-facc164ee28e,COPY,MAPPED,,2026-08-24,자격 요건 > 점수제 심사 | 기존 B_E-7-4R scoring_items의 동일 점수 항목과 대응함.
198dfed7-3d74-4aee-93e5-c17c6775f915,346834f7-ac6e-4958-8e0d-8c2b4fb03a7e,B_E-7-4R,_review_current_requirements,REQ-034-02,,d3c64f30-9c86-4459-93d5-bfbb02863e5c,3,2026-01-12,2026-09-18,visa_scoring_items,00c2aa1b-0dab-405d-96a9-6f95f2565928,COPY,MAPPED,,2026-08-24,자격 요건 > 점수제 심사 | 기존 B_E-7-4R scoring_items의 동일 점수 항목과 대응함.
f6fa473f-d853-47e2-a24d-5de414a53d1d,346834f7-ac6e-4958-8e0d-8c2b4fb03a7e,B_E-7-4R,_review_current_requirements,REQ-034-02,,d3c64f30-9c86-4459-93d5-bfbb02863e5c,3,2026-01-12,2026-09-18,visa_scoring_items,d8bf2fb6-2083-4717-8b33-4ea41b08c671,COPY,MAPPED,,2026-08-24,자격 요건 > 점수제 심사 | 기존 B_E-7-4R scoring_items의 동일 점수 항목과 대응함.
cca82164-3338-4f7c-a4ca-6c3a4e0a6470,346834f7-ac6e-4958-8e0d-8c2b4fb03a7e,B_E-7-4R,_review_current_requirements,REQ-034-03,,d3c64f30-9c86-4459-93d5-bfbb02863e5c,3,2026-01-12,2026-09-18,visa_scoring_items,8342bb1c-8fb3-41f9-b1bd-7397f03a9e8f,COPY,MAPPED,,2026-08-24,자격 요건 > 점수제 심사 | 기존 B_E-7-4R scoring_items의 동일 점수 항목과 대응함.
4cfd6f1f-c2ab-4b8f-98cb-6d90e094c145,346834f7-ac6e-4958-8e0d-8c2b4fb03a7e,B_E-7-4R,_review_current_requirements,REQ-034-03,,d3c64f30-9c86-4459-93d5-bfbb02863e5c,3,2026-01-12,2026-09-18,visa_scoring_items,a943a8ad-fc2a-4330-8cb5-19db555733ed,COPY,MAPPED,,2026-08-24,자격 요건 > 점수제 심사 | 기존 B_E-7-4R scoring_items의 동일 점수 항목과 대응함.
1576be73-f550-4051-9f13-2ea7873ed091,346834f7-ac6e-4958-8e0d-8c2b4fb03a7e,B_E-7-4R,_review_current_requirements,REQ-034-03,,d3c64f30-9c86-4459-93d5-bfbb02863e5c,3,2026-01-12,2026-09-18,visa_scoring_items,1eb4aaa9-2582-44be-9ca0-88f40f851e1b,COPY,MAPPED,,2026-08-24,자격 요건 > 점수제 심사 | 기존 B_E-7-4R scoring_items의 동일 점수 항목과 대응함.
5bdb7a7b-74e5-4a72-bd1a-b811c05ae528,346834f7-ac6e-4958-8e0d-8c2b4fb03a7e,B_E-7-4R,_review_current_requirements,REQ-034-03,,d3c64f30-9c86-4459-93d5-bfbb02863e5c,3,2026-01-12,2026-09-18,visa_scoring_items,6820a916-d072-4170-b97b-facc164ee28e,COPY,MAPPED,,2026-08-24,자격 요건 > 점수제 심사 | 기존 B_E-7-4R scoring_items의 동일 점수 항목과 대응함.
dcc9aa3f-4093-49c3-a0a3-9f1346ec9679,346834f7-ac6e-4958-8e0d-8c2b4fb03a7e,B_E-7-4R,_review_current_requirements,REQ-034-03,,d3c64f30-9c86-4459-93d5-bfbb02863e5c,3,2026-01-12,2026-09-18,visa_scoring_items,00c2aa1b-0dab-405d-96a9-6f95f2565928,COPY,MAPPED,,2026-08-24,자격 요건 > 점수제 심사 | 기존 B_E-7-4R scoring_items의 동일 점수 항목과 대응함.
755c1dcd-3dde-4645-8264-da3fd6bd3ad0,346834f7-ac6e-4958-8e0d-8c2b4fb03a7e,B_E-7-4R,_review_current_requirements,REQ-034-03,,d3c64f30-9c86-4459-93d5-bfbb02863e5c,3,2026-01-12,2026-09-18,visa_scoring_items,d8bf2fb6-2083-4717-8b33-4ea41b08c671,COPY,MAPPED,,2026-08-24,자격 요건 > 점수제 심사 | 기존 B_E-7-4R scoring_items의 동일 점수 항목과 대응함.
f2770496-1a28-4a18-b04b-7ab4630f3b77,346834f7-ac6e-4958-8e0d-8c2b4fb03a7e,B_E-7-4R,_review_current_requirements,REQ-035,,d3c64f30-9c86-4459-93d5-bfbb02863e5c,3,2026-01-12,2026-09-18,NONE,,SKIP,BLOCKED,"원본 HWPX section0 3페이지 대조 완료. 소득 예외와 한국어능력 표가 결합된 재추출 부모 행으로, 하위 행으로 분리함.",,"자격 요건 > 점수제 심사 | 원본 HWPX section0 3페이지 대조 완료. 소득 예외와 한국어능력 표가 결합된 재추출 부모 행으로, 하위 행으로 분리함. | target_table=NONE 규칙: v2 13개 테이블 중 대응 테이블 없음 (review_decision='excluded')."
81724c81-68f9-4e1d-87c8-852aff36eef7,346834f7-ac6e-4958-8e0d-8c2b4fb03a7e,B_E-7-4R,_review_current_requirements,REQ-035-01,,d3c64f30-9c86-4459-93d5-bfbb02863e5c,3,2026-01-12,2026-09-18,visa_scoring_items,e692d638-f4c0-4643-a8a9-fdaa3e1fc499,COPY,MAPPED,,2026-08-24,자격 요건 > 점수제 심사 | 기존 B_E-7-4R scoring_items의 동일 점수 항목과 대응함.
b13f5b8b-92fb-4209-8ade-f3720d28e7b0,346834f7-ac6e-4958-8e0d-8c2b4fb03a7e,B_E-7-4R,_review_current_requirements,REQ-035-01,,d3c64f30-9c86-4459-93d5-bfbb02863e5c,3,2026-01-12,2026-09-18,visa_scoring_items,50e64655-572c-436c-a466-1fe6ac9e0f7e,COPY,MAPPED,,2026-08-24,자격 요건 > 점수제 심사 | 기존 B_E-7-4R scoring_items의 동일 점수 항목과 대응함.
9cf12a39-0d52-4540-a4c3-6b7a08d15dff,346834f7-ac6e-4958-8e0d-8c2b4fb03a7e,B_E-7-4R,_review_current_requirements,REQ-035-01,,d3c64f30-9c86-4459-93d5-bfbb02863e5c,3,2026-01-12,2026-09-18,visa_scoring_items,d94a00c3-e7cb-45d8-8f5c-bc32e70c83f6,COPY,MAPPED,,2026-08-24,자격 요건 > 점수제 심사 | 기존 B_E-7-4R scoring_items의 동일 점수 항목과 대응함.
14601ae0-88e4-4faa-85cd-ca9895128971,346834f7-ac6e-4958-8e0d-8c2b4fb03a7e,B_E-7-4R,_review_current_requirements,REQ-036,,d3c64f30-9c86-4459-93d5-bfbb02863e5c,3,2026-01-12,2026-09-18,NONE,,SKIP,BLOCKED,"< 가점 항목 >은 source_section에 해당함;추천 | 도 가점 항목 안의 내용; 복합 행을 REQ-036-01, REQ-036-02로 분리함 (한국어능력 점수와 나이 점수 표가 하나의 추출 행에 결합되어 있어 분리)",,"자격 요건 > 점수제 심사 | < 가점 항목 >은 source_section에 해당함;추천 | 도 가점 항목 안의 내용; 복합 행을 REQ-036-01, REQ-036-02로 분리함 (한국어능력 점수와 나이 점수 표가 하나의 추출 행에 결합되어 있어 분리) | target_table=NONE 규칙: v2 13개 테이블 중 대응 테이블 없음 (review_decision='excluded')."
9a23924d-7d47-4799-aaee-07c60bd7a9c8,346834f7-ac6e-4958-8e0d-8c2b4fb03a7e,B_E-7-4R,_review_current_requirements,REQ-036-01,,d3c64f30-9c86-4459-93d5-bfbb02863e5c,3,2026-01-12,2026-09-18,visa_scoring_items,e692d638-f4c0-4643-a8a9-fdaa3e1fc499,COPY,MAPPED,,2026-08-24,자격 요건 > 점수제 심사 > 지역특화 숙련기능인력 점수표 > 가점 항목 | scoring_items 대상은 확정했으나 세부 SCORE-* 대응은 추가 대조 필요.
d37457ee-74ff-4386-9513-612bd66c6282,346834f7-ac6e-4958-8e0d-8c2b4fb03a7e,B_E-7-4R,_review_current_requirements,REQ-036-02,,d3c64f30-9c86-4459-93d5-bfbb02863e5c,3,2026-01-12,2026-09-18,visa_scoring_items,6c1ab39a-5436-46b1-8853-42350ebd91aa,COPY,MAPPED,,2026-08-24,자격 요건 > 점수제 심사 > 지역특화 숙련기능인력 점수표 > 가점 항목 | scoring_items 대상은 확정했으나 세부 SCORE-* 대응은 추가 대조 필요.
ddb2d43d-8ca0-41ee-879c-aaa55df589ef,346834f7-ac6e-4958-8e0d-8c2b4fb03a7e,B_E-7-4R,_review_current_requirements,REQ-037,,d3c64f30-9c86-4459-93d5-bfbb02863e5c,3,2026-01-12,2026-09-18,visa_scoring_items,2e10a5b1-bcb1-4e0e-b5e1-7bf7856482ba,COPY,MAPPED,,2026-08-24,자격 요건 > 점수제 심사 > 지역특화 숙련기능인력 점수표 > 가점 항목 | scoring_items 대상은 확정했으나 세부 SCORE-* 대응은 추가 대조 필요.
9d0be56c-9d74-4fff-9b89-fb8aa9ba7bac,346834f7-ac6e-4958-8e0d-8c2b4fb03a7e,B_E-7-4R,_review_current_requirements,REQ-038,,d3c64f30-9c86-4459-93d5-bfbb02863e5c,3,2026-01-12,2026-09-18,visa_scoring_items,0e9e8a81-1fdd-41b4-90ac-cc772aa2e3dc,COPY,MAPPED,,2026-08-24,자격 요건 > 점수제 심사 > 지역특화 숙련기능인력 점수표 > 가점 항목 | scoring_items 대상은 확정했으나 세부 SCORE-* 대응은 추가 대조 필요.
d02df9b5-06ca-4be5-9b74-6b10e96f6ec2,346834f7-ac6e-4958-8e0d-8c2b4fb03a7e,B_E-7-4R,_review_current_requirements,REQ-039,,d3c64f30-9c86-4459-93d5-bfbb02863e5c,3,2026-01-12,2026-09-18,visa_scoring_items,5a4de849-3ff8-4e12-b8a8-21264e9219ab,COPY,MAPPED,,2026-08-24,자격 요건 > 점수제 심사 > 지역특화 숙련기능인력 점수표 > 가점 항목 | scoring_items 대상은 확정했으나 세부 SCORE-* 대응은 추가 대조 필요.
521b4d8f-03b6-4d10-b1ab-a7b9a47f5352,346834f7-ac6e-4958-8e0d-8c2b4fb03a7e,B_E-7-4R,_review_current_requirements,REQ-040,,d3c64f30-9c86-4459-93d5-bfbb02863e5c,3,2026-01-12,2026-09-18,visa_scoring_items,a084d738-2223-4a02-b75f-488a6fbf0179,COPY,MAPPED,,2026-08-24,자격 요건 > 점수제 심사 > 지역특화 숙련기능인력 점수표 > 가점 항목 | scoring_items 대상은 확정했으나 세부 SCORE-* 대응은 추가 대조 필요.
183b59d9-aa26-41be-9d03-61640f51e0f3,346834f7-ac6e-4958-8e0d-8c2b4fb03a7e,B_E-7-4R,_review_current_requirements,REQ-041,자격 요건 > 점수제 심사 > 지역특화 숙련기능인력 점수표 > 가점 항목,d3c64f30-9c86-4459-93d5-bfbb02863e5c,3,2026-01-12,2026-09-18,NONE,,SKIP,BLOCKED,target_table=NONE 규칙: 독립적인 점수 항목이 아닌 표 번호 파싱 잔재(review_decision=excluded).,,중앙부처·광역지자체·고용기업체 추천 점수는 기존 visa_scoring_items에 이미 보존되어 있어 중복 행을 생성하지 않음.
50599ba9-acf5-4eff-8e7f-9e4aad4d46a5,346834f7-ac6e-4958-8e0d-8c2b4fb03a7e,B_E-7-4R,_review_current_requirements,REQ-042,자격 요건 > 점수제 심사 > 지역특화 숙련기능인력 점수표 > 가점 항목,d3c64f30-9c86-4459-93d5-bfbb02863e5c,3,2026-01-12,2026-09-18,visa_scoring_items,5a84d51e-9635-4164-a497-aeb952b7bf90,TRANSFORM,MAPPED,,2026-08-25,2단계 원문·v2 대조 완료: 가점표의 7개 점수 열을 각 가점 항목으로 일대다 분리.
be557636-7c07-4dc9-a2f2-dc3423e3cb9a,346834f7-ac6e-4958-8e0d-8c2b4fb03a7e,B_E-7-4R,_review_current_requirements,REQ-043,자격 요건 > 점수제 심사 > 지역특화 숙련기능인력 점수표 > 가점 항목,d3c64f30-9c86-4459-93d5-bfbb02863e5c,3,2026-01-12,2026-09-18,visa_scoring_models,eb2823dd-df20-48ac-a104-faef9e85d128,MERGE,MAPPED,,2026-08-25,2단계 원문·v2 대조 완료: REQ-045와 이어지는 가점 ①~⑥ 중복 가능·추천 중복 제외 규칙을 점수모델에 병합(PDF p.3 대조).
27b7764b-aee7-4d2c-a7c4-6b893aa156ec,346834f7-ac6e-4958-8e0d-8c2b4fb03a7e,B_E-7-4R,_review_current_requirements,REQ-044,자격 요건 > 점수제 심사 > 지역특화 숙련기능인력 점수표 > 가점 항목,d3c64f30-9c86-4459-93d5-bfbb02863e5c,3,2026-01-12,2026-09-18,visa_scoring_models,eb2823dd-df20-48ac-a104-faef9e85d128,MERGE,MAPPED,,2026-08-25,2단계 원문·v2 대조 완료: REQ-045와 이어지는 가점 ①~⑥ 중복 가능·추천 중복 제외 규칙을 점수모델에 병합(PDF p.3 대조).
61e1a5e1-15ae-40d0-8852-1f7683e75755,346834f7-ac6e-4958-8e0d-8c2b4fb03a7e,B_E-7-4R,_review_current_requirements,REQ-045,자격 요건 > 점수제 심사 > 지역특화 숙련기능인력 점수표 > 감점 항목,d3c64f30-9c86-4459-93d5-bfbb02863e5c,3,2026-01-12,2026-09-18,visa_scoring_models,eb2823dd-df20-48ac-a104-faef9e85d128,MERGE,MAPPED,,2026-08-25,2단계 원문 PDF 대조: 인접 파서 조각과 함께 기존 점수모델/운전면허 가점의 세부 규칙으로 병합.
77ead48f-fbc4-4eef-a812-76604de3ed6e,346834f7-ac6e-4958-8e0d-8c2b4fb03a7e,B_E-7-4R,_review_current_requirements,REQ-046,,d3c64f30-9c86-4459-93d5-bfbb02863e5c,3,2026-01-12,2026-09-18,visa_scoring_items,54822a8e-d972-4479-bd55-461d1d795ecd,COPY,MAPPED,,2026-08-24,자격 요건 > 점수제 심사 > 지역특화 숙련기능인력 점수표 > 감점 항목 | scoring_items 대상은 확정했으나 세부 SCORE-* 대응은 추가 대조 필요.
2d16b888-d2ba-4f88-9a8c-5be26d457e70,346834f7-ac6e-4958-8e0d-8c2b4fb03a7e,B_E-7-4R,_review_current_requirements,REQ-047,,d3c64f30-9c86-4459-93d5-bfbb02863e5c,3,2026-01-12,2026-09-18,visa_scoring_items,634534e0-870b-4367-85e5-ee5af38d366f,COPY,MAPPED,,2026-08-24,자격 요건 > 점수제 심사 > 지역특화 숙련기능인력 점수표 > 감점 항목 | scoring_items 대상은 확정했으나 세부 SCORE-* 대응은 추가 대조 필요.
c4b37f0c-521b-4118-abaa-17a71b80d40a,346834f7-ac6e-4958-8e0d-8c2b4fb03a7e,B_E-7-4R,_review_current_requirements,REQ-048,,d3c64f30-9c86-4459-93d5-bfbb02863e5c,3-4,2026-01-12,2026-09-18,NONE,,SKIP,BLOCKED,"<기본 항목> 가. 소 득 부분은 source_page = 4에 해당하는 영역임.;가. 소득은 다음 행의 source_section으로 들어가야 함.;자격요건 > 점수제 심사 > 지역특화 숙련기능인력 점수표 > 기본 항목 > 가. 소득으로 source_section 수정 필요; 복합 행을 REQ-048-01, REQ-048-02로 분리함 (점수 행과 다음 페이지의 점수표 섹션 제목을 분리)",,"자격 요건 > 점수제 심사 | <기본 항목> 가. 소 득 부분은 source_page = 4에 해당하는 영역임.;가. 소득은 다음 행의 source_section으로 들어가야 함.;자격요건 > 점수제 심사 > 지역특화 숙련기능인력 점수표 > 기본 항목 > 가. 소득으로 source_section 수정 필요; 복합 행을 REQ-048-01, REQ-048-02로 분리함 (점수 행과 다음 페이지의 점수표 섹션 제목을 분리) | target_table=NONE 규칙: v2 13개 테이블 중 대응 테이블 없음 (review_decision='excluded')."
dd9fb6ab-cd74-4c4f-b8e3-26a837c3893c,346834f7-ac6e-4958-8e0d-8c2b4fb03a7e,B_E-7-4R,_review_current_requirements,REQ-048-01,,d3c64f30-9c86-4459-93d5-bfbb02863e5c,3,2026-01-12,2026-09-18,visa_scoring_items,8211d47a-d312-4b71-a409-2da4cc77533c,COPY,MAPPED,,2026-08-24,자격 요건 > 점수제 심사 > 지역특화 숙련기능인력 점수표 > 기본 항목 > 가. 소득 | scoring_items 대상은 확정했으나 세부 SCORE-* 대응은 추가 대조 필요.
6bca71a5-21b6-4d12-8905-97b1d13e9b9b,346834f7-ac6e-4958-8e0d-8c2b4fb03a7e,B_E-7-4R,_review_current_requirements,REQ-048-02,,d3c64f30-9c86-4459-93d5-bfbb02863e5c,4,2026-01-12,2026-09-18,NONE,,SKIP,BLOCKED,"<기본 항목> 가. 소 득 부분은 source_page = 4에 해당하는 영역임.;가. 소득은 다음 행의 source_section으로 들어가야 함.;자격요건 > 점수제 심사 > 지역특화 숙련기능인력 점수표 > 기본 항목 > 가. 소득으로 source_section 수정 필요; 복합 행을 REQ-048-01, REQ-048-02로 분리함 (점수 행과 다음 페이지의 점수표 섹션 제목을 분리); REQ-048에서 파생된 하위 행 (점수 행과 다음 페이지의 점수표 섹션 제목을 분리)",,"자격 요건 > 점수제 심사 > 지역특화 숙련기능인력 점수표 > 기본 항목 > 가. 소득 | <기본 항목> 가. 소 득 부분은 source_page = 4에 해당하는 영역임.;가. 소득은 다음 행의 source_section으로 들어가야 함.;자격요건 > 점수제 심사 > 지역특화 숙련기능인력 점수표 > 기본 항목 > 가. 소득으로 source_section 수정 필요; 복합 행을 REQ-048-01, REQ-048-02로 분리함 (점수 행과 다음 페이지의 점수표 섹션 제목을 분리); REQ-048에서 파생된 하위 행 (점수 행과 다음 페이지의 점수표 섹션 제목을 분리) | target_table=NONE 규칙: v2 13개 테이블 중 대응 테이블 없음 (review_decision='excluded')."
992f2320-4f2c-4c8d-ba1e-ef307c5312b4,346834f7-ac6e-4958-8e0d-8c2b4fb03a7e,B_E-7-4R,_review_current_requirements,REQ-049,,d3c64f30-9c86-4459-93d5-bfbb02863e5c,4,2026-01-12,2026-09-18,visa_scoring_items,8342bb1c-8fb3-41f9-b1bd-7397f03a9e8f,COPY,MAPPED,,2026-08-24,자격 요건 > 점수제 심사 > 지역특화 숙련기능인력 점수표 > 기본 항목 > 가. 소득 | scoring_items 대상은 확정했으나 세부 SCORE-* 대응은 추가 대조 필요.
94a6d223-fbf5-4a39-a43b-be0b6a92d36f,346834f7-ac6e-4958-8e0d-8c2b4fb03a7e,B_E-7-4R,_review_current_requirements,REQ-050,자격 요건 > 점수제 심사 > 지역특화 숙련기능인력 점수표 > 기본 항목 > 가. 소득,d3c64f30-9c86-4459-93d5-bfbb02863e5c,4,2026-01-12,2026-09-18,visa_scoring_items,8342bb1c-8fb3-41f9-b1bd-7397f03a9e8f,TRANSFORM,MAPPED,,2026-08-25,2단계 원문·v2 대조 완료: 최근 2년 평균소득 계산·증빙·대체연도 규칙을 6개 소득구간에 병합.
2a341203-e630-4934-8baf-6763a58cbbaf,346834f7-ac6e-4958-8e0d-8c2b4fb03a7e,B_E-7-4R,_review_current_requirements,REQ-051,자격 요건 > 점수제 심사 > 지역특화 숙련기능인력 점수표 > 기본 항목 > 가. 소득,d3c64f30-9c86-4459-93d5-bfbb02863e5c,4,2026-01-12,2026-09-18,visa_scoring_items,8342bb1c-8fb3-41f9-b1bd-7397f03a9e8f,TRANSFORM,MAPPED,,2026-08-25,2단계 원문·v2 대조 완료: 최근 2년 평균소득 계산·증빙·대체연도 규칙을 6개 소득구간에 병합.
1a2bcce6-7303-4646-aa46-61e9f58de001,346834f7-ac6e-4958-8e0d-8c2b4fb03a7e,B_E-7-4R,_review_current_requirements,REQ-052,자격 요건 > 점수제 심사 > 지역특화 숙련기능인력 점수표 > 기본 항목 > 가. 소득,d3c64f30-9c86-4459-93d5-bfbb02863e5c,4,2026-01-12,2026-09-18,visa_requirement_criteria,cecbc5cf-ab3a-4eb4-8e55-1a08fcb9a6c3,TRANSFORM,MAPPED,,2026-08-25,2단계 원문·v2 대조 완료: 점수가 아닌 자격변경 후 계약연봉 요건을 일반·업종예외 기준으로 분리.
39a460f0-277f-421c-a130-f560eb572328,346834f7-ac6e-4958-8e0d-8c2b4fb03a7e,B_E-7-4R,_review_current_requirements,REQ-053,,d3c64f30-9c86-4459-93d5-bfbb02863e5c,4,2026-01-12,2026-09-18,visa_scoring_items,e692d638-f4c0-4643-a8a9-fdaa3e1fc499,COPY,MAPPED,,2026-08-24,자격 요건 > 점수제 심사 > 지역특화 숙련기능인력 점수표 > 기본 항목 > 나. 한국어 능력 | scoring_items 대상은 확정했으나 세부 SCORE-* 대응은 추가 대조 필요.
e019da63-a866-4e90-95b5-8f129b527ed8,346834f7-ac6e-4958-8e0d-8c2b4fb03a7e,B_E-7-4R,_review_current_requirements,REQ-054,,d3c64f30-9c86-4459-93d5-bfbb02863e5c,4,2026-01-12,2026-09-18,visa_scoring_items,e692d638-f4c0-4643-a8a9-fdaa3e1fc499,COPY,MAPPED,,2026-08-24,자격 요건 > 점수제 심사 > 지역특화 숙련기능인력 점수표 > 기본 항목 > 나. 한국어 능력 | scoring_items 대상은 확정했으나 세부 SCORE-* 대응은 추가 대조 필요.
fc6d6ea1-c3a8-4933-91ff-0ebbd58108b3,346834f7-ac6e-4958-8e0d-8c2b4fb03a7e,B_E-7-4R,_review_current_requirements,REQ-055,,d3c64f30-9c86-4459-93d5-bfbb02863e5c,4,2026-01-12,2026-09-18,visa_scoring_items,e692d638-f4c0-4643-a8a9-fdaa3e1fc499,COPY,MAPPED,,2026-08-24,자격 요건 > 점수제 심사 > 지역특화 숙련기능인력 점수표 > 기본 항목 > 나. 한국어 능력 | scoring_items 대상은 확정했으나 세부 SCORE-* 대응은 추가 대조 필요.
327e379b-422e-4afb-9fc5-0475cf4c6a75,346834f7-ac6e-4958-8e0d-8c2b4fb03a7e,B_E-7-4R,_review_current_requirements,REQ-056,,d3c64f30-9c86-4459-93d5-bfbb02863e5c,4,2026-01-12,2026-09-18,visa_scoring_items,e692d638-f4c0-4643-a8a9-fdaa3e1fc499,COPY,MAPPED,,2026-08-24,자격 요건 > 점수제 심사 > 지역특화 숙련기능인력 점수표 > 기본 항목 > 나. 한국어 능력 | scoring_items 대상은 확정했으나 세부 SCORE-* 대응은 추가 대조 필요.
9b8094dd-a56e-48dc-b7c4-2fe73387d788,346834f7-ac6e-4958-8e0d-8c2b4fb03a7e,B_E-7-4R,_review_current_requirements,REQ-057,,d3c64f30-9c86-4459-93d5-bfbb02863e5c,4,2026-01-12,2026-09-18,visa_scoring_items,e692d638-f4c0-4643-a8a9-fdaa3e1fc499,COPY,MAPPED,,2026-08-24,자격 요건 > 점수제 심사 > 지역특화 숙련기능인력 점수표 > 기본 항목 > 나. 한국어 능력 | scoring_items 대상은 확정했으나 세부 SCORE-* 대응은 추가 대조 필요.
2402d4f5-4d47-4513-9669-e8df9c9e368b,346834f7-ac6e-4958-8e0d-8c2b4fb03a7e,B_E-7-4R,_review_current_requirements,REQ-058,자격 요건 > 점수제 심사 > 지역특화 숙련기능인력 점수표 > 기본 항목 > 다. 나이,d3c64f30-9c86-4459-93d5-bfbb02863e5c,4,2026-01-12,2026-09-18,visa_scoring_items,e692d638-f4c0-4643-a8a9-fdaa3e1fc499,TRANSFORM,MAPPED,,2026-08-25,2단계 원문·v2 대조 완료: 한국어능력 사후보완 미충족 결과를 3개 한국어 점수구간에 병합.
767304db-badc-463e-8875-56768f9c0fd7,346834f7-ac6e-4958-8e0d-8c2b4fb03a7e,B_E-7-4R,_review_current_requirements,REQ-059,,d3c64f30-9c86-4459-93d5-bfbb02863e5c,4,2026-01-12,2026-09-18,visa_scoring_items,6c1ab39a-5436-46b1-8853-42350ebd91aa,COPY,MAPPED,,2026-08-24,자격 요건 > 점수제 심사 > 지역특화 숙련기능인력 점수표 > 기본 항목 > 다. 나이 | scoring_items 대상은 확정했으나 세부 SCORE-* 대응은 추가 대조 필요.
51611db2-6d93-4022-a630-0e27625a3187,346834f7-ac6e-4958-8e0d-8c2b4fb03a7e,B_E-7-4R,_review_current_requirements,REQ-060,,d3c64f30-9c86-4459-93d5-bfbb02863e5c,4-5,2026-01-12,2026-09-18,NONE,,SKIP,BLOCKED,"< 가점항목 >가. 고용주 및 지자체 추천(필수항목)은 source_page = 5에 해당하는 영역임;자격요건 > 점수제 심사 > 지역특화 숙련기능인력 점수표 > 가점 항목 > 가. 고용주 및 지자체 추천(필수항목)으로 source_section 수정 필요; 복합 행을 REQ-060-01, REQ-060-02로 분리함 (나이 계산 보충설명과 다음 페이지의 가점 섹션 제목을 분리)",,"자격 요건 > 점수제 심사 | < 가점항목 >가. 고용주 및 지자체 추천(필수항목)은 source_page = 5에 해당하는 영역임;자격요건 > 점수제 심사 > 지역특화 숙련기능인력 점수표 > 가점 항목 > 가. 고용주 및 지자체 추천(필수항목)으로 source_section 수정 필요; 복합 행을 REQ-060-01, REQ-060-02로 분리함 (나이 계산 보충설명과 다음 페이지의 가점 섹션 제목을 분리) | target_table=NONE 규칙: v2 13개 테이블 중 대응 테이블 없음 (review_decision='excluded')."
ff5474aa-13f6-42d5-a305-e4431bd9f1a4,346834f7-ac6e-4958-8e0d-8c2b4fb03a7e,B_E-7-4R,_review_current_requirements,REQ-060-01,자격 요건 > 점수제 심사 > 지역특화 숙련기능인력 점수표 > 기본 항목 > 다. 나이,d3c64f30-9c86-4459-93d5-bfbb02863e5c,4,2026-01-12,2026-09-18,visa_scoring_items,6c1ab39a-5436-46b1-8853-42350ebd91aa,TRANSFORM,MAPPED,,2026-08-25,2단계 원문·v2 대조 완료: 생일 경과 여부를 반영한 나이 계산규칙을 4개 나이구간에 병합.
dd1f9e70-4c43-4f35-81f6-f685a5749883,346834f7-ac6e-4958-8e0d-8c2b4fb03a7e,B_E-7-4R,_review_current_requirements,REQ-060-02,,d3c64f30-9c86-4459-93d5-bfbb02863e5c,5,2026-01-12,2026-09-18,NONE,,SKIP,BLOCKED,"< 가점항목 >가. 고용주 및 지자체 추천(필수항목)은 source_page = 5에 해당하는 영역임;자격요건 > 점수제 심사 > 지역특화 숙련기능인력 점수표 > 가점 항목 > 가. 고용주 및 지자체 추천(필수항목)으로 source_section 수정 필요; 복합 행을 REQ-060-01, REQ-060-02로 분리함 (나이 계산 보충설명과 다음 페이지의 가점 섹션 제목을 분리); REQ-060에서 파생된 하위 행 (나이 계산 보충설명과 다음 페이지의 가점 섹션 제목을 분리)",,"자격 요건 > 점수제 심사 > 지역특화 숙련기능인력 점수표 > 가점 항목 > 가. 고용주 및 지자체 추천(필수항목) | < 가점항목 >가. 고용주 및 지자체 추천(필수항목)은 source_page = 5에 해당하는 영역임;자격요건 > 점수제 심사 > 지역특화 숙련기능인력 점수표 > 가점 항목 > 가. 고용주 및 지자체 추천(필수항목)으로 source_section 수정 필요; 복합 행을 REQ-060-01, REQ-060-02로 분리함 (나이 계산 보충설명과 다음 페이지의 가점 섹션 제목을 분리); REQ-060에서 파생된 하위 행 (나이 계산 보충설명과 다음 페이지의 가점 섹션 제목을 분리) | target_table=NONE 규칙: v2 13개 테이블 중 대응 테이블 없음 (review_decision='excluded')."
b2dfebd8-48c8-400d-a95e-9baf383be318,346834f7-ac6e-4958-8e0d-8c2b4fb03a7e,B_E-7-4R,_review_current_requirements,REQ-061,,d3c64f30-9c86-4459-93d5-bfbb02863e5c,5,2026-01-12,2026-09-18,visa_scoring_items,ced36df4-ed05-4a36-98bc-06943f7bcd4c,COPY,MAPPED,,2026-08-24,자격 요건 > 점수제 심사 > 지역특화 숙련기능인력 점수표 > 가점 항목 > 가. 고용주 및 지자체 추천(필수항목) | scoring_items 대상은 확정했으나 세부 SCORE-* 대응은 추가 대조 필요.
fdd72f1e-9c1d-4cf9-ae05-f9559eb931d3,346834f7-ac6e-4958-8e0d-8c2b4fb03a7e,B_E-7-4R,_review_current_requirements,REQ-062,,d3c64f30-9c86-4459-93d5-bfbb02863e5c,5,2026-01-12,2026-09-18,visa_scoring_items,ced36df4-ed05-4a36-98bc-06943f7bcd4c,COPY,MAPPED,,2026-08-24,자격 요건 > 점수제 심사 > 지역특화 숙련기능인력 점수표 > 가점 항목 > 가. 고용주 및 지자체 추천(필수항목) | scoring_items 대상은 확정했으나 세부 SCORE-* 대응은 추가 대조 필요.
c3beb6ee-b0e6-4d84-8e47-0584c96a8b4a,346834f7-ac6e-4958-8e0d-8c2b4fb03a7e,B_E-7-4R,_review_current_requirements,REQ-063,자격 요건 > 점수제 심사 > 지역특화 숙련기능인력 점수표 > 가점 항목 > 가. 고용주 및 지자체 추천(필수항목),d3c64f30-9c86-4459-93d5-bfbb02863e5c,5,2026-01-12,2026-09-18,visa_scoring_items,ced36df4-ed05-4a36-98bc-06943f7bcd4c,MERGE,MAPPED,,2026-08-25,2단계 원문·v2 대조 완료: 고용기업 추천의 대체·합산·인구감소지역·정원·확인 규칙을 해당 가점에 병합.
570dc632-f8ed-4509-ab91-c3b70e49ba67,346834f7-ac6e-4958-8e0d-8c2b4fb03a7e,B_E-7-4R,_review_current_requirements,REQ-064,,d3c64f30-9c86-4459-93d5-bfbb02863e5c,5,2026-01-12,2026-09-18,visa_scoring_items,ced36df4-ed05-4a36-98bc-06943f7bcd4c,COPY,MAPPED,,2026-08-24,자격 요건 > 점수제 심사 > 지역특화 숙련기능인력 점수표 > 가점 항목 > 가. 고용주 및 지자체 추천(필수항목) | scoring_items 대상은 확정했으나 세부 SCORE-* 대응은 추가 대조 필요.
d951f1f3-c63c-4227-bee3-a78ed787823a,346834f7-ac6e-4958-8e0d-8c2b4fb03a7e,B_E-7-4R,_review_current_requirements,REQ-065,,d3c64f30-9c86-4459-93d5-bfbb02863e5c,5,2026-01-12,2026-09-18,visa_scoring_items,ced36df4-ed05-4a36-98bc-06943f7bcd4c,COPY,MAPPED,,2026-08-24,자격 요건 > 점수제 심사 > 지역특화 숙련기능인력 점수표 > 가점 항목 > 가. 고용주 및 지자체 추천(필수항목) | scoring_items 대상은 확정했으나 세부 SCORE-* 대응은 추가 대조 필요.
f6b392db-acd9-439e-9691-20e313b20abb,346834f7-ac6e-4958-8e0d-8c2b4fb03a7e,B_E-7-4R,_review_current_requirements,REQ-066,자격 요건 > 점수제 심사 > 지역특화 숙련기능인력 점수표 > 가점 항목 > 가. 고용주 및 지자체 추천(필수항목),d3c64f30-9c86-4459-93d5-bfbb02863e5c,5,2026-01-12,2026-09-18,visa_scoring_items,ced36df4-ed05-4a36-98bc-06943f7bcd4c,MERGE,MAPPED,,2026-08-25,2단계 원문·v2 대조 완료: 고용기업 추천의 대체·합산·인구감소지역·정원·확인 규칙을 해당 가점에 병합.
8afec524-48fd-4980-b341-d47858b8d085,346834f7-ac6e-4958-8e0d-8c2b4fb03a7e,B_E-7-4R,_review_current_requirements,REQ-067,자격 요건 > 점수제 심사 > 지역특화 숙련기능인력 점수표 > 가점 항목 > 가. 고용주 및 지자체 추천(필수항목),d3c64f30-9c86-4459-93d5-bfbb02863e5c,5,2026-01-12,2026-09-18,visa_scoring_items,ced36df4-ed05-4a36-98bc-06943f7bcd4c,MERGE,MAPPED,,2026-08-25,2단계 원문·v2 대조 완료: 고용기업 추천의 대체·합산·인구감소지역·정원·확인 규칙을 해당 가점에 병합.
4c61114c-fd62-4267-a2e0-7fbebf18d0a9,346834f7-ac6e-4958-8e0d-8c2b4fb03a7e,B_E-7-4R,_review_current_requirements,REQ-068,자격 요건 > 점수제 심사 > 지역특화 숙련기능인력 점수표 > 가점 항목 > 가. 고용주 및 지자체 추천(필수항목),d3c64f30-9c86-4459-93d5-bfbb02863e5c,5,2026-01-12,2026-09-18,visa_scoring_items,ced36df4-ed05-4a36-98bc-06943f7bcd4c,MERGE,MAPPED,,2026-08-25,2단계 원문·v2 대조 완료: 고용기업 추천의 대체·합산·인구감소지역·정원·확인 규칙을 해당 가점에 병합.
d8c6582f-dd86-4635-852d-58eaec044d7e,346834f7-ac6e-4958-8e0d-8c2b4fb03a7e,B_E-7-4R,_review_current_requirements,REQ-069,,d3c64f30-9c86-4459-93d5-bfbb02863e5c,5,2026-01-12,2026-09-18,visa_scoring_items,ced36df4-ed05-4a36-98bc-06943f7bcd4c,COPY,MAPPED,,2026-08-24,자격 요건 > 점수제 심사 > 지역특화 숙련기능인력 점수표 > 가점 항목 > 가. 고용주 및 지자체 추천(필수항목) | scoring_items 대상은 확정했으나 세부 SCORE-* 대응은 추가 대조 필요.
0172b8ba-aa04-4c82-83f3-97f456c74e62,346834f7-ac6e-4958-8e0d-8c2b4fb03a7e,B_E-7-4R,_review_current_requirements,REQ-070,자격 요건 > 점수제 심사 > 지역특화 숙련기능인력 점수표 > 가점 항목 > 가. 고용주 및 지자체 추천(필수항목),d3c64f30-9c86-4459-93d5-bfbb02863e5c,5,2026-01-12,2026-09-18,visa_scoring_items,ced36df4-ed05-4a36-98bc-06943f7bcd4c,MERGE,MAPPED,,2026-08-25,2단계 원문·v2 대조 완료: 고용기업 추천의 대체·합산·인구감소지역·정원·확인 규칙을 해당 가점에 병합.
1b045347-e1ef-4f36-b85d-5cd81c2f89a2,346834f7-ac6e-4958-8e0d-8c2b4fb03a7e,B_E-7-4R,_review_current_requirements,REQ-071,자격 요건 > 점수제 심사 > 지역특화 숙련기능인력 점수표 > 가점 항목 > 가. 고용주 및 지자체 추천(필수항목),d3c64f30-9c86-4459-93d5-bfbb02863e5c,5,2026-01-12,2026-09-18,visa_scoring_items,48fb7175-1356-47c4-aecd-d468162aa5fc,COPY,MAPPED,,2026-08-25,2단계 원문·v2 대조 완료: 광역지자체 추천 가점 제목과 정확히 대응.
a0322013-6f4d-4d11-8904-0c7c9c27c936,346834f7-ac6e-4958-8e0d-8c2b4fb03a7e,B_E-7-4R,_review_current_requirements,REQ-072,,d3c64f30-9c86-4459-93d5-bfbb02863e5c,5,2026-01-12,2026-09-18,visa_scoring_items,48fb7175-1356-47c4-aecd-d468162aa5fc,COPY,MAPPED,,2026-08-24,자격 요건 > 점수제 심사 > 지역특화 숙련기능인력 점수표 > 가점 항목 > 가. 고용주 및 지자체 추천(필수항목) | scoring_items 대상은 확정했으나 세부 SCORE-* 대응은 추가 대조 필요.
11711e1b-29bb-4109-b5d3-51e9b3eb34ef,346834f7-ac6e-4958-8e0d-8c2b4fb03a7e,B_E-7-4R,_review_current_requirements,REQ-073,자격 요건 > 점수제 심사,d3c64f30-9c86-4459-93d5-bfbb02863e5c,5,2026-01-12,2026-09-18,visa_process_stages,5b636b06-5984-4191-bdb6-f5b329334329,MERGE,MAPPED,,2026-08-25,2단계 원문·v2 대조 완료: 문자 결과통보와 매주 법무부 공문 통보 절차를 추천 심사 단계에 병합.
bdc887dd-1794-4daa-bd8a-9df66104c78f,346834f7-ac6e-4958-8e0d-8c2b4fb03a7e,B_E-7-4R,_review_current_requirements,REQ-074,,d3c64f30-9c86-4459-93d5-bfbb02863e5c,5,2026-01-12,2026-09-18,visa_scoring_items,2e10a5b1-bcb1-4e0e-b5e1-7bf7856482ba,COPY,MAPPED,,2026-08-24,자격 요건 > 점수제 심사 > 지역특화 숙련기능인력 점수표 > 가점 항목 > 나. 현 근무처 근속 | scoring_items 대상은 확정했으나 세부 SCORE-* 대응은 추가 대조 필요.
3537cf1f-d24e-46fa-bfb6-3ec32b5e7b4e,346834f7-ac6e-4958-8e0d-8c2b4fb03a7e,B_E-7-4R,_review_current_requirements,REQ-075,,d3c64f30-9c86-4459-93d5-bfbb02863e5c,5,2026-01-12,2026-09-18,visa_scoring_items,2e10a5b1-bcb1-4e0e-b5e1-7bf7856482ba,COPY,MAPPED,,2026-08-24,자격 요건 > 점수제 심사 > 지역특화 숙련기능인력 점수표 > 가점 항목 > 나. 현 근무처 근속 | scoring_items 대상은 확정했으나 세부 SCORE-* 대응은 추가 대조 필요.
81d4d1ed-c7bd-4a06-b0cc-c9d51bb70825,346834f7-ac6e-4958-8e0d-8c2b4fb03a7e,B_E-7-4R,_review_current_requirements,REQ-076,,d3c64f30-9c86-4459-93d5-bfbb02863e5c,5,2026-01-12,2026-09-18,visa_scoring_items,2e10a5b1-bcb1-4e0e-b5e1-7bf7856482ba,COPY,MAPPED,,2026-08-24,자격 요건 > 점수제 심사 > 지역특화 숙련기능인력 점수표 > 가점 항목 > 나. 현 근무처 근속 | scoring_items 대상은 확정했으나 세부 SCORE-* 대응은 추가 대조 필요.
1dcc73f5-524e-410a-bfb7-0f6d450ab162,346834f7-ac6e-4958-8e0d-8c2b4fb03a7e,B_E-7-4R,_review_current_requirements,REQ-077,,d3c64f30-9c86-4459-93d5-bfbb02863e5c,5-6,2026-01-12,2026-09-18,NONE,,SKIP,BLOCKED,"다. 인구감소지역 등 근무경력 부분은 source_page = 6에 해당.;다. 인구감소지역 등 근무경력은 source_section에 해당; 복합 행을 REQ-077-01, REQ-077-02로 분리함 (근속 보충설명과 다음 점수 항목 제목을 분리)",,"자격 요건 > 점수제 심사 | 다. 인구감소지역 등 근무경력 부분은 source_page = 6에 해당.;다. 인구감소지역 등 근무경력은 source_section에 해당; 복합 행을 REQ-077-01, REQ-077-02로 분리함 (근속 보충설명과 다음 점수 항목 제목을 분리) | target_table=NONE 규칙: v2 13개 테이블 중 대응 테이블 없음 (review_decision='excluded')."
efad5894-2225-49d2-bc9c-d80904d41bf4,346834f7-ac6e-4958-8e0d-8c2b4fb03a7e,B_E-7-4R,_review_current_requirements,REQ-077-01,자격 요건 > 점수제 심사 > 지역특화 숙련기능인력 점수표 > 가점 항목 > 나. 현 근무처 근속,d3c64f30-9c86-4459-93d5-bfbb02863e5c,5,2026-01-12,2026-09-18,visa_scoring_items,ced36df4-ed05-4a36-98bc-06943f7bcd4c,MERGE,MAPPED,,2026-08-25,2단계 원문·v2 대조 완료: 고용기업 추천의 대체·합산·인구감소지역·정원·확인 규칙을 해당 가점에 병합.
609dc171-be7d-449d-b5fa-9bcaff5d6420,346834f7-ac6e-4958-8e0d-8c2b4fb03a7e,B_E-7-4R,_review_current_requirements,REQ-077-02,,d3c64f30-9c86-4459-93d5-bfbb02863e5c,6,2026-01-12,2026-09-18,NONE,,SKIP,BLOCKED,"다. 인구감소지역 등 근무경력 부분은 source_page = 6에 해당.;다. 인구감소지역 등 근무경력은 source_section에 해당; 복합 행을 REQ-077-01, REQ-077-02로 분리함 (근속 보충설명과 다음 점수 항목 제목을 분리); REQ-077에서 파생된 하위 행 (근속 보충설명과 다음 점수 항목 제목을 분리)",,"자격 요건 > 점수제 심사 > 지역특화 숙련기능인력 점수표 > 가점 항목 > 다. 인구감소지역 등 근무경력 | 다. 인구감소지역 등 근무경력 부분은 source_page = 6에 해당.;다. 인구감소지역 등 근무경력은 source_section에 해당; 복합 행을 REQ-077-01, REQ-077-02로 분리함 (근속 보충설명과 다음 점수 항목 제목을 분리); REQ-077에서 파생된 하위 행 (근속 보충설명과 다음 점수 항목 제목을 분리) | target_table=NONE 규칙: v2 13개 테이블 중 대응 테이블 없음 (review_decision='excluded')."
70e2be76-1fc4-4df0-bd62-bb087db92f5e,346834f7-ac6e-4958-8e0d-8c2b4fb03a7e,B_E-7-4R,_review_current_requirements,REQ-078,,d3c64f30-9c86-4459-93d5-bfbb02863e5c,6,2026-01-12,2026-09-18,visa_scoring_items,0e9e8a81-1fdd-41b4-90ac-cc772aa2e3dc,COPY,MAPPED,,2026-08-24,자격 요건 > 점수제 심사 > 지역특화 숙련기능인력 점수표 > 가점 항목 > 다. 인구감소지역 등 근무경력 | scoring_items 대상은 확정했으나 세부 SCORE-* 대응은 추가 대조 필요.
44aa2a1e-034c-4d1c-ae6a-f07ec0c993c3,346834f7-ac6e-4958-8e0d-8c2b4fb03a7e,B_E-7-4R,_review_current_requirements,REQ-079,,d3c64f30-9c86-4459-93d5-bfbb02863e5c,6,2026-01-12,2026-09-18,visa_scoring_items,0e9e8a81-1fdd-41b4-90ac-cc772aa2e3dc,COPY,MAPPED,,2026-08-24,자격 요건 > 점수제 심사 > 지역특화 숙련기능인력 점수표 > 가점 항목 > 라. 자격증 소지 | scoring_items 대상은 확정했으나 세부 SCORE-* 대응은 추가 대조 필요.
dbd28f59-e0a8-449d-9cad-d2a5a68e6e75,346834f7-ac6e-4958-8e0d-8c2b4fb03a7e,B_E-7-4R,_review_current_requirements,REQ-080,,d3c64f30-9c86-4459-93d5-bfbb02863e5c,6,2026-01-12,2026-09-18,visa_scoring_items,5a4de849-3ff8-4e12-b8a8-21264e9219ab,COPY,MAPPED,,2026-08-24,자격 요건 > 점수제 심사 > 지역특화 숙련기능인력 점수표 > 가점 항목 > 라. 자격증 소지 | scoring_items 대상은 확정했으나 세부 SCORE-* 대응은 추가 대조 필요.
08851675-8314-4630-baf5-4f44ee75ff0c,346834f7-ac6e-4958-8e0d-8c2b4fb03a7e,B_E-7-4R,_review_current_requirements,REQ-081,,d3c64f30-9c86-4459-93d5-bfbb02863e5c,6,2026-01-12,2026-09-18,visa_scoring_items,5a4de849-3ff8-4e12-b8a8-21264e9219ab,COPY,MAPPED,,2026-08-24,자격 요건 > 점수제 심사 > 지역특화 숙련기능인력 점수표 > 가점 항목 > 마. 국내대학 학위 | scoring_items 대상은 확정했으나 세부 SCORE-* 대응은 추가 대조 필요.
67f59753-d886-4ad3-9024-2f450412ab3e,346834f7-ac6e-4958-8e0d-8c2b4fb03a7e,B_E-7-4R,_review_current_requirements,REQ-082,,d3c64f30-9c86-4459-93d5-bfbb02863e5c,6,2026-01-12,2026-09-18,visa_scoring_items,5a4de849-3ff8-4e12-b8a8-21264e9219ab,COPY,MAPPED,,2026-08-24,자격 요건 > 점수제 심사 > 지역특화 숙련기능인력 점수표 > 가점 항목 > 마. 국내대학 학위 | scoring_items 대상은 확정했으나 세부 SCORE-* 대응은 추가 대조 필요.
e286b9c3-6ac4-4355-a555-a96102d90fe9,346834f7-ac6e-4958-8e0d-8c2b4fb03a7e,B_E-7-4R,_review_current_requirements,REQ-083,,d3c64f30-9c86-4459-93d5-bfbb02863e5c,6,2026-01-12,2026-09-18,visa_scoring_items,5a4de849-3ff8-4e12-b8a8-21264e9219ab,COPY,MAPPED,,2026-08-24,자격 요건 > 점수제 심사 > 지역특화 숙련기능인력 점수표 > 가점 항목 > 바. 국내 운전면허증 | scoring_items 대상은 확정했으나 세부 SCORE-* 대응은 추가 대조 필요.
23a6802d-8cee-47af-a09a-8be67a062de7,346834f7-ac6e-4958-8e0d-8c2b4fb03a7e,B_E-7-4R,_review_current_requirements,REQ-084,자격 요건 > 점수제 심사 > 지역특화 숙련기능인력 점수표 > 가점 항목 > 바. 국내 운전면허증,d3c64f30-9c86-4459-93d5-bfbb02863e5c,6,2026-01-12,2026-09-18,visa_scoring_items,a084d738-2223-4a02-b75f-488a6fbf0179,MERGE,MAPPED,,2026-08-25,2단계 원문 PDF 대조: 인접 파서 조각과 함께 기존 점수모델/운전면허 가점의 세부 규칙으로 병합.
e2f70258-818d-451c-b52e-597a3e2a68bd,346834f7-ac6e-4958-8e0d-8c2b4fb03a7e,B_E-7-4R,_review_current_requirements,REQ-085,자격 요건 > 점수제 심사 > 지역특화 숙련기능인력 점수표 > 가점 항목 > 바. 국내 운전면허증,d3c64f30-9c86-4459-93d5-bfbb02863e5c,6,2026-01-12,2026-09-18,visa_scoring_items,a084d738-2223-4a02-b75f-488a6fbf0179,MERGE,MAPPED,,2026-08-25,2단계 원문 PDF 대조: 인접 파서 조각과 함께 기존 점수모델/운전면허 가점의 세부 규칙으로 병합.
01093aea-985b-4e1c-91b4-2ba4f8a50cc1,346834f7-ac6e-4958-8e0d-8c2b4fb03a7e,B_E-7-4R,_review_current_requirements,REQ-086,자격 요건 > 점수제 심사 > 지역특화 숙련기능인력 점수표 > 가점 항목 > 바. 국내 운전면허증,d3c64f30-9c86-4459-93d5-bfbb02863e5c,6,2026-01-12,2026-09-18,visa_scoring_items,a084d738-2223-4a02-b75f-488a6fbf0179,MERGE,MAPPED,,2026-08-25,2단계 원문·v2 대조 완료: REQ-084~087의 경찰청 교통민원24 진위조회 경로와 인정 면허범위를 국내 운전면허 가점에 병합(PDF p.6 대조).
2bc6f4ba-1c0e-46a1-976e-05e5d625a808,346834f7-ac6e-4958-8e0d-8c2b4fb03a7e,B_E-7-4R,_review_current_requirements,REQ-087,자격 요건 > 점수제 심사 > 지역특화 숙련기능인력 점수표 > 감점 항목,d3c64f30-9c86-4459-93d5-bfbb02863e5c,6,2026-01-12,2026-09-18,visa_scoring_items,a084d738-2223-4a02-b75f-488a6fbf0179,MERGE,MAPPED,,2026-08-25,2단계 원문·v2 대조 완료: REQ-084~087의 경찰청 교통민원24 진위조회 경로와 인정 면허범위를 국내 운전면허 가점에 병합(PDF p.6 대조).
0c7bfe57-36c5-4afd-a491-272bfcb0fe57,346834f7-ac6e-4958-8e0d-8c2b4fb03a7e,B_E-7-4R,_review_current_requirements,REQ-088,,d3c64f30-9c86-4459-93d5-bfbb02863e5c,6,2026-01-12,2026-09-18,visa_scoring_models,eb2823dd-df20-48ac-a104-faef9e85d128,COPY,MAPPED,,2026-08-24,자격 요건 > 점수제 심사 > 지역특화 숙련기능인력 점수표 > 감점 항목 | scoring_items 대상은 확정했으나 세부 SCORE-* 대응은 추가 대조 필요.
94f21fbd-ad49-4396-a638-9d5b2a817af5,346834f7-ac6e-4958-8e0d-8c2b4fb03a7e,B_E-7-4R,_review_current_requirements,REQ-089,,d3c64f30-9c86-4459-93d5-bfbb02863e5c,6,2026-01-12,2026-09-18,visa_scoring_items,54822a8e-d972-4479-bd55-461d1d795ecd,COPY,MAPPED,,2026-08-24,자격 요건 > 점수제 심사 > 지역특화 숙련기능인력 점수표 > 감점 항목 | scoring_items 대상은 확정했으나 세부 SCORE-* 대응은 추가 대조 필요. | [Task 9 2차 보완] 카테고리 3개 tier(1회/2회/3회이상) 전부로 확장.
0ccf55dc-d805-4fea-a9cf-b7cdd41315e1,346834f7-ac6e-4958-8e0d-8c2b4fb03a7e,B_E-7-4R,_review_current_requirements,REQ-090,,d3c64f30-9c86-4459-93d5-bfbb02863e5c,6,2026-01-12,2026-09-18,visa_scoring_items,634534e0-870b-4367-85e5-ee5af38d366f,COPY,MAPPED,,2026-08-24,자격 요건 > 점수제 심사 > 지역특화 숙련기능인력 점수표 > 감점 항목 | scoring_items 대상은 확정했으나 세부 SCORE-* 대응은 추가 대조 필요. | [Task 9 2차 보완] 카테고리 3개 tier(1회/2회/3회이상) 전부로 확장.
407a1bfd-feae-4ae7-9391-844ede6616a5,346834f7-ac6e-4958-8e0d-8c2b4fb03a7e,B_E-7-4R,_review_current_requirements,REQ-091,,d3c64f30-9c86-4459-93d5-bfbb02863e5c,6,2026-01-12,2026-09-18,visa_scoring_items,8211d47a-d312-4b71-a409-2da4cc77533c,COPY,MAPPED,,2026-08-24,자격 요건 > 점수제 심사 > 지역특화 숙련기능인력 점수표 > 감점 항목 | scoring_items 대상은 확정했으나 세부 SCORE-* 대응은 추가 대조 필요. | [Task 9 2차 보완] 카테고리 3개 tier(1회/2회/3회이상) 전부로 확장.
daa626df-d387-4b7c-8b7c-b047dcd84884,346834f7-ac6e-4958-8e0d-8c2b4fb03a7e,B_E-7-4R,_review_current_requirements,REQ-092,자격 요건 > 점수제 심사 > 지역특화 숙련기능인력 점수표 > 감점 항목,d3c64f30-9c86-4459-93d5-bfbb02863e5c,6,2026-01-12,2026-09-18,visa_scoring_items,8211d47a-d312-4b71-a409-2da4cc77533c,TRANSFORM,MAPPED,,2026-08-25,2단계 원문·v2 대조 완료: 사범처리 횟수의 경고 포함·과태료 제외 규칙을 3개 위반횟수 감점구간에 병합.
02e1a633-1929-42b1-bd03-e718f3f13c66,346834f7-ac6e-4958-8e0d-8c2b4fb03a7e,B_E-7-4R,_review_current_requirements,REQ-093,,d3c64f30-9c86-4459-93d5-bfbb02863e5c,7,2026-01-12,2026-09-18,visa_requirement_criteria,5b0dc472-10b6-456a-b8c3-e915ee94dfd5,TRANSFORM,MAPPED,,2026-08-25,"자격 요건 > 고용기업 및 고용주 요건 > 가. 고용기업 요건 | 대상 공통 테이블은 확정했으며, UUID 발급 후 target_record_id를 채움. | Task 11(#44): E-7-4R v2 이관 완료, target_record_id 기록."
7946ff58-38cd-4309-8c6a-cb96de8ba50d,346834f7-ac6e-4958-8e0d-8c2b4fb03a7e,B_E-7-4R,_review_current_requirements,REQ-094,,d3c64f30-9c86-4459-93d5-bfbb02863e5c,7,2026-01-12,2026-09-18,visa_requirement_criteria,5b0dc472-10b6-456a-b8c3-e915ee94dfd5,TRANSFORM,MAPPED,,2026-08-25,"자격 요건 > 고용기업 및 고용주 요건 > 가. 고용기업 요건 | 대상 공통 테이블은 확정했으며, UUID 발급 후 target_record_id를 채움. | Task 11(#44): E-7-4R v2 이관 완료, target_record_id 기록."
11c457fa-b65f-4ab4-aada-200aaaa7ece0,346834f7-ac6e-4958-8e0d-8c2b4fb03a7e,B_E-7-4R,_review_current_requirements,REQ-095,,d3c64f30-9c86-4459-93d5-bfbb02863e5c,7,2026-01-12,2026-09-18,NONE,,SKIP,BLOCKED,"자격 요건 > 고용기업 및 고용주 요건 > 가. 고용기업 요건으로 source_section 수정 필요; 복합 행을 REQ-095-01, REQ-095-02, REQ-095-03, REQ-095-04, REQ-095-05로 분리함 (고용 가능 인원 구간표를 구간별 자격요건 행으로 분리)",,"자격 요건 > 고용기업 및 고용주 요건 > 가. 고용기업 요건 | 자격 요건 > 고용기업 및 고용주 요건 > 가. 고용기업 요건으로 source_section 수정 필요; 복합 행을 REQ-095-01, REQ-095-02, REQ-095-03, REQ-095-04, REQ-095-05로 분리함 (고용 가능 인원 구간표를 구간별 자격요건 행으로 분리) | target_table=NONE 규칙: v2 13개 테이블 중 대응 테이블 없음 (review_decision='excluded')."
b267afb0-03c4-4cac-bc5e-e082d8a8cc7d,346834f7-ac6e-4958-8e0d-8c2b4fb03a7e,B_E-7-4R,_review_current_requirements,REQ-095-01,자격 요건 > 고용기업 및 고용주 요건 > 가. 고용기업 요건,d3c64f30-9c86-4459-93d5-bfbb02863e5c,7,2026-01-12,2026-09-18,visa_requirement_criteria,97929f68-4234-4893-81fb-c6ad56784a9b,COPY,MAPPED,,2026-08-25,2단계 원문·v2 대조 완료: 내국인 1~5명 고용가능인원 구간과 정확히 대응.
640cbb86-422e-4155-b264-0e451b78509f,346834f7-ac6e-4958-8e0d-8c2b4fb03a7e,B_E-7-4R,_review_current_requirements,REQ-095-02,자격 요건 > 고용기업 및 고용주 요건 > 가. 고용기업 요건,d3c64f30-9c86-4459-93d5-bfbb02863e5c,7,2026-01-12,2026-09-18,visa_requirement_criteria,9ce773b0-9c3b-488b-be39-52052439831e,COPY,MAPPED,,2026-08-25,2단계 원문·v2 대조 완료: 내국인 6~50명 고용가능인원 구간과 정확히 대응.
89a64baf-637d-41dd-b347-52694eea2b1a,346834f7-ac6e-4958-8e0d-8c2b4fb03a7e,B_E-7-4R,_review_current_requirements,REQ-095-03,자격 요건 > 고용기업 및 고용주 요건 > 가. 고용기업 요건,d3c64f30-9c86-4459-93d5-bfbb02863e5c,7,2026-01-12,2026-09-18,visa_requirement_criteria,76a211b2-d4ea-4d24-a097-3b8d59196d32,COPY,MAPPED,,2026-08-25,2단계 원문·v2 대조 완료: 내국인 51~100명 고용가능인원 구간과 정확히 대응.
173b717f-6fd2-4acd-bab0-e79b65cefd2d,346834f7-ac6e-4958-8e0d-8c2b4fb03a7e,B_E-7-4R,_review_current_requirements,REQ-095-04,자격 요건 > 고용기업 및 고용주 요건 > 가. 고용기업 요건,d3c64f30-9c86-4459-93d5-bfbb02863e5c,7,2026-01-12,2026-09-18,visa_requirement_criteria,b079de33-28e5-4cbe-b158-11c5a9889d19,COPY,MAPPED,,2026-08-25,2단계 원문·v2 대조 완료: 내국인 101~150명 고용가능인원 구간과 정확히 대응.
88389aec-e2e7-45b5-a8bf-e0e1dbac5e42,346834f7-ac6e-4958-8e0d-8c2b4fb03a7e,B_E-7-4R,_review_current_requirements,REQ-095-05,자격 요건 > 고용기업 및 고용주 요건 > 가. 고용기업 요건,d3c64f30-9c86-4459-93d5-bfbb02863e5c,7,2026-01-12,2026-09-18,visa_requirement_criteria,543a048f-a792-435b-8bf9-408daca8f1b4,COPY,MAPPED,,2026-08-25,2단계 원문·v2 대조 완료: 내국인 151명 이상 고용가능인원 구간과 정확히 대응.
45ae5765-a354-483a-b890-c81b9c7f0119,346834f7-ac6e-4958-8e0d-8c2b4fb03a7e,B_E-7-4R,_review_current_requirements,REQ-096,,d3c64f30-9c86-4459-93d5-bfbb02863e5c,7,2026-01-12,2026-09-18,visa_requirement_criteria,a4df5c6d-7588-4654-adab-4181b0b36b83,TRANSFORM,MAPPED,,2026-08-25,"자격 요건 > 고용기업 및 고용주 요건 > 가. 고용기업 요건 | 대상 공통 테이블은 확정했으며, UUID 발급 후 target_record_id를 채움. | Task 11(#44): E-7-4R v2 이관 완료, target_record_id 기록."
2e74e195-645d-4ec9-aa04-979707f72b50,346834f7-ac6e-4958-8e0d-8c2b4fb03a7e,B_E-7-4R,_review_current_requirements,REQ-097,,d3c64f30-9c86-4459-93d5-bfbb02863e5c,7,2026-01-12,2026-09-18,visa_requirement_criteria,a4df5c6d-7588-4654-adab-4181b0b36b83,TRANSFORM,MAPPED,,2026-08-25,"자격 요건 > 고용기업 및 고용주 요건 > 가. 고용기업 요건 | 대상 공통 테이블은 확정했으며, UUID 발급 후 target_record_id를 채움. | Task 11(#44): E-7-4R v2 이관 완료, target_record_id 기록."
3f59115a-fa36-4d46-a84b-d859106b0c24,346834f7-ac6e-4958-8e0d-8c2b4fb03a7e,B_E-7-4R,_review_current_requirements,REQ-098,,d3c64f30-9c86-4459-93d5-bfbb02863e5c,7,2026-01-12,2026-09-18,visa_requirement_criteria,8ce908e2-1df2-41c5-aa4d-f799a5ca4ac8,TRANSFORM,MAPPED,,2026-08-25,"자격 요건 > 고용기업 및 고용주 요건 > 가. 고용기업 요건 | 대상 공통 테이블은 확정했으며, UUID 발급 후 target_record_id를 채움. | Task 11(#44): E-7-4R v2 이관 완료, target_record_id 기록."
dd65c48b-9675-45ba-8070-78f126f9ef0f,346834f7-ac6e-4958-8e0d-8c2b4fb03a7e,B_E-7-4R,_review_current_requirements,REQ-099,,d3c64f30-9c86-4459-93d5-bfbb02863e5c,7,2026-01-12,2026-09-18,visa_requirement_criteria,e30b9b6d-7bb9-4e1f-92ac-033d149075b7,TRANSFORM,MAPPED,,2026-08-25,"자격 요건 > 고용기업 및 고용주 요건 > 가. 고용기업 요건 | 대상 공통 테이블은 확정했으며, UUID 발급 후 target_record_id를 채움. | Task 11(#44): E-7-4R v2 이관 완료, target_record_id 기록."
0c58a59e-d6c1-42d9-868f-e3e027fb5a02,346834f7-ac6e-4958-8e0d-8c2b4fb03a7e,B_E-7-4R,_review_current_requirements,REQ-100,,d3c64f30-9c86-4459-93d5-bfbb02863e5c,7,2026-01-12,2026-09-18,visa_requirement_criteria,80026db1-a932-4472-ad37-24969b3840b1,TRANSFORM,MAPPED,,2026-08-25,"자격 요건 > 고용기업 및 고용주 요건 > 가. 고용기업 요건 | 대상 공통 테이블은 확정했으며, UUID 발급 후 target_record_id를 채움. | Task 11(#44): E-7-4R v2 이관 완료, target_record_id 기록."
6c9f5809-5fcf-4d51-98ec-270905f9fc5b,346834f7-ac6e-4958-8e0d-8c2b4fb03a7e,B_E-7-4R,_review_current_requirements,REQ-101,,d3c64f30-9c86-4459-93d5-bfbb02863e5c,7,2026-01-12,2026-09-18,visa_requirement_criteria,07af9b1c-7266-4781-8f4d-3e230340d607,TRANSFORM,MAPPED,,2026-08-25,"자격 요건 > 고용기업 및 고용주 요건 > 가. 고용기업 요건 | 대상 공통 테이블은 확정했으며, UUID 발급 후 target_record_id를 채움. | Task 11(#44): E-7-4R v2 이관 완료, target_record_id 기록."
678e2e9d-8011-4985-a2b0-48b9ece9c91a,346834f7-ac6e-4958-8e0d-8c2b4fb03a7e,B_E-7-4R,_review_current_requirements,REQ-102,,d3c64f30-9c86-4459-93d5-bfbb02863e5c,7,2026-01-12,2026-09-18,visa_requirement_criteria,ce918998-4485-46fb-b5b5-cd8ec33a4fcd,TRANSFORM,MAPPED,,2026-08-25,"자격 요건 > 고용기업 및 고용주 요건 > 가. 고용기업 요건 | 대상 공통 테이블은 확정했으며, UUID 발급 후 target_record_id를 채움. | Task 11(#44): E-7-4R v2 이관 완료, target_record_id 기록."
18ac1bff-b347-416d-8d33-69d57001de2b,346834f7-ac6e-4958-8e0d-8c2b4fb03a7e,B_E-7-4R,_review_current_requirements,REQ-103,,d3c64f30-9c86-4459-93d5-bfbb02863e5c,7-8,2026-01-12,2026-09-18,NONE,,SKIP,BLOCKED,"나. 고용주 요건(법무부 조회사항)은 source_page = 8에 해당함. ;나. 고용주 요건(법무부 조회사항)은 다음 행의 source_section에 해당함.; 복합 행을 REQ-103-01, REQ-103-02로 분리함 (고용 조건과 다음 페이지의 고용주 요건 제목을 분리)",,"자격 요건 > 고용기업 및 고용주 요건 > 가. 고용기업 요건 | 나. 고용주 요건(법무부 조회사항)은 source_page = 8에 해당함. ;나. 고용주 요건(법무부 조회사항)은 다음 행의 source_section에 해당함.; 복합 행을 REQ-103-01, REQ-103-02로 분리함 (고용 조건과 다음 페이지의 고용주 요건 제목을 분리) | target_table=NONE 규칙: v2 13개 테이블 중 대응 테이블 없음 (review_decision='excluded')."
955a28ab-9550-472d-899f-390f139263fb,346834f7-ac6e-4958-8e0d-8c2b4fb03a7e,B_E-7-4R,_review_current_requirements,REQ-103-01,자격 요건 > 고용기업 및 고용주 요건 > 가. 고용기업 요건,d3c64f30-9c86-4459-93d5-bfbb02863e5c,7,2026-01-12,2026-09-18,visa_requirement_criteria,17709673-04ed-465c-92e1-d08a2ee8e769,TRANSFORM,MAPPED,,2026-08-25,2단계 원문·v2 대조 완료: E-7-4/E-7-4R 동시고용 특례의 71명 초과·135명 이상 경로를 분리.
ecd26899-bc52-4232-a620-94666d5283fb,346834f7-ac6e-4958-8e0d-8c2b4fb03a7e,B_E-7-4R,_review_current_requirements,REQ-103-02,,d3c64f30-9c86-4459-93d5-bfbb02863e5c,8,2026-01-12,2026-09-18,NONE,,SKIP,BLOCKED,"나. 고용주 요건(법무부 조회사항)은 source_page = 8에 해당함. ;나. 고용주 요건(법무부 조회사항)은 다음 행의 source_section에 해당함.; 복합 행을 REQ-103-01, REQ-103-02로 분리함 (고용 조건과 다음 페이지의 고용주 요건 제목을 분리); REQ-103에서 파생된 하위 행 (고용 조건과 다음 페이지의 고용주 요건 제목을 분리)",,"자격 요건 > 고용기업 및 고용주 요건 > 나. 고용주 요건 | 나. 고용주 요건(법무부 조회사항)은 source_page = 8에 해당함. ;나. 고용주 요건(법무부 조회사항)은 다음 행의 source_section에 해당함.; 복합 행을 REQ-103-01, REQ-103-02로 분리함 (고용 조건과 다음 페이지의 고용주 요건 제목을 분리); REQ-103에서 파생된 하위 행 (고용 조건과 다음 페이지의 고용주 요건 제목을 분리) | target_table=NONE 규칙: v2 13개 테이블 중 대응 테이블 없음 (review_decision='excluded')."
4e0bbfed-df89-4ec5-bb5b-c283a7397505,346834f7-ac6e-4958-8e0d-8c2b4fb03a7e,B_E-7-4R,_review_current_requirements,REQ-104,,d3c64f30-9c86-4459-93d5-bfbb02863e5c,8,2026-01-12,2026-09-18,visa_requirement_criteria,82978fc6-a68a-4a5c-bd66-f27436818ecc,TRANSFORM,MAPPED,,2026-08-25,"자격 요건 > 고용기업 및 고용주 요건 > 나. 고용주 요건 | 대상 공통 테이블은 확정했으며, UUID 발급 후 target_record_id를 채움. | Task 11(#44): E-7-4R v2 이관 완료, target_record_id 기록."
afb05e86-8443-4ac7-b40a-abe6c00a6a74,346834f7-ac6e-4958-8e0d-8c2b4fb03a7e,B_E-7-4R,_review_current_requirements,REQ-105,,d3c64f30-9c86-4459-93d5-bfbb02863e5c,8,2026-01-12,2026-09-18,visa_requirement_criteria,82978fc6-a68a-4a5c-bd66-f27436818ecc,TRANSFORM,MAPPED,,2026-08-25,"자격 요건 > 고용기업 및 고용주 요건 > 나. 고용주 요건 | 대상 공통 테이블은 확정했으며, UUID 발급 후 target_record_id를 채움. | Task 11(#44): E-7-4R v2 이관 완료, target_record_id 기록."
a372f07b-d9ab-4504-a1f6-26e953c3ad89,346834f7-ac6e-4958-8e0d-8c2b4fb03a7e,B_E-7-4R,_review_current_requirements,REQ-106,,d3c64f30-9c86-4459-93d5-bfbb02863e5c,8,2026-01-12,2026-09-18,visa_requirement_criteria,2050f835-f9e7-495e-a39e-57b8d66dfd4e,TRANSFORM,MAPPED,,2026-08-25,"자격 요건 > 고용기업 및 고용주 요건 > 다. 제외 대상 | 대상 공통 테이블은 확정했으며, UUID 발급 후 target_record_id를 채움. | Task 11(#44): E-7-4R v2 이관 완료, target_record_id 기록."
df47612b-7e73-4591-9b82-c362c983046a,346834f7-ac6e-4958-8e0d-8c2b4fb03a7e,B_E-7-4R,_review_current_requirements,REQ-107,자격 요건 > 고용기업 및 고용주 요건 > 다. 제외 대상,d3c64f30-9c86-4459-93d5-bfbb02863e5c,8,2026-01-12,2026-09-18,visa_requirement_criteria,2a85408f-1106-4c54-952f-f94ee5dbbc42,TRANSFORM,MAPPED,,2026-08-25,"자격 요건 > 고용기업 및 고용주 요건 > 다. 제외 대상 | 대상 공통 테이블은 확정했으며, UUID 발급 후 target_record_id를 채움. | Task 11(#44): E-7-4R v2 이관 완료, target_record_id 기록."
d59e77c5-0e4e-4de6-a5db-0e00bc76131f,346834f7-ac6e-4958-8e0d-8c2b4fb03a7e,B_E-7-4R,_review_current_requirements,REQ-108,,d3c64f30-9c86-4459-93d5-bfbb02863e5c,8,2026-01-12,2026-09-18,visa_requirement_criteria,e9fea9f5-eb88-4ffb-bc88-8161a941085c,TRANSFORM,MAPPED,,2026-08-25,"자격 요건 > 체류허가 사항 | 대상 공통 테이블은 확정했으며, UUID 발급 후 target_record_id를 채움. | Task 11(#44): E-7-4R v2 이관 완료, target_record_id 기록."
b2067f3c-e1ec-44f3-a1cf-c6e8e178aa62,346834f7-ac6e-4958-8e0d-8c2b4fb03a7e,B_E-7-4R,_review_current_requirements,REQ-109,,d3c64f30-9c86-4459-93d5-bfbb02863e5c,8,2026-01-12,2026-09-18,visa_requirement_criteria,709ad6bc-f07b-4f64-acf0-21dd948f84d2,TRANSFORM,MAPPED,,2026-08-25,"자격 요건 > 체류허가 사항 | 대상 공통 테이블은 확정했으며, UUID 발급 후 target_record_id를 채움. | Task 11(#44): E-7-4R v2 이관 완료, target_record_id 기록."
57116781-9df2-4d02-8077-57a1d443f8ec,346834f7-ac6e-4958-8e0d-8c2b4fb03a7e,B_E-7-4R,_review_current_requirements,REQ-110,,d3c64f30-9c86-4459-93d5-bfbb02863e5c,8,2026-01-12,2026-09-18,visa_requirement_criteria,d8f312a0-9884-4df9-a521-2d3bb4b8d47b,TRANSFORM,MAPPED,,2026-08-25,"자격 요건 > 체류허가 사항 | 대상 공통 테이블은 확정했으며, UUID 발급 후 target_record_id를 채움. | Task 11(#44): E-7-4R v2 이관 완료, target_record_id 기록."
30e3bd30-3ca7-4dd1-b5b0-91dba480c8fa,346834f7-ac6e-4958-8e0d-8c2b4fb03a7e,B_E-7-4R,_review_current_requirements,REQ-111,,d3c64f30-9c86-4459-93d5-bfbb02863e5c,9,2026-01-12,2026-09-18,NONE,,SKIP,BLOCKED,"4 |  | 제출서류 와 <시군 제출 서류>는 source_section에 들어가는게 맞아보임; ""제출 서류 > 시군 제출 서류 > 필수 서류"" 형태로 source_section에 기재",,"제출서류 | 4 |  | 제출서류 와 <시군 제출 서류>는 source_section에 들어가는게 맞아보임; ""제출 서류 > 시군 제출 서류 > 필수 서류"" 형태로 source_section에 기재 | target_table=NONE 규칙: v2 13개 테이블 중 대응 테이블 없음 (review_decision='excluded')."
4cd4165d-734b-4197-903d-502978aad965,346834f7-ac6e-4958-8e0d-8c2b4fb03a7e,B_E-7-4R,_review_current_requirements,REQ-112,,d3c64f30-9c86-4459-93d5-bfbb02863e5c,9,2026-01-12,2026-09-18,document_requirements,286b1be1-66fb-4602-bbb5-139e1b76f629,COPY,MAPPED,,2026-08-24,"제출서류 > 필수 서류: 모든 신청자 반드시 제출 | 대상 공통 테이블은 확정했으며, UUID 발급 및 target_record_id 기록 완료."
eb0931c6-d1c4-4990-9b6d-cb40249b2ff1,346834f7-ac6e-4958-8e0d-8c2b4fb03a7e,B_E-7-4R,_review_current_requirements,REQ-113,,d3c64f30-9c86-4459-93d5-bfbb02863e5c,9,2026-01-12,2026-09-18,document_requirements,a5a02353-5574-449d-85c6-383367973bb5,COPY,MAPPED,,2026-08-24,"제출서류 > 필수 서류: 모든 신청자 반드시 제출 | 대상 공통 테이블은 확정했으며, UUID 발급 및 target_record_id 기록 완료."
f53b3c99-62e1-458d-9df3-7c924971d4b5,346834f7-ac6e-4958-8e0d-8c2b4fb03a7e,B_E-7-4R,_review_current_requirements,REQ-114,,d3c64f30-9c86-4459-93d5-bfbb02863e5c,9,2026-01-12,2026-09-18,document_requirements,9c74807b-929a-4b5f-97aa-2b0bb54bee2f,COPY,MAPPED,,2026-08-24,"제출서류 > 추가 서류: 해당자에 한 해 제출 | 대상 공통 테이블은 확정했으며, UUID 발급 및 target_record_id 기록 완료."
3df7f236-12ac-41d6-9975-10bc19edf6ac,346834f7-ac6e-4958-8e0d-8c2b4fb03a7e,B_E-7-4R,_review_current_requirements,REQ-115,,d3c64f30-9c86-4459-93d5-bfbb02863e5c,10,2026-01-12,2026-09-18,NONE,,SKIP,BLOCKED,5 |  | 추천서 발급 신청방법 및 결과안내 는 source_section에 해당,,추천서 발급 신청방법 및 결과안내 | 5 |  | 추천서 발급 신청방법 및 결과안내 는 source_section에 해당 | target_table=NONE 규칙: v2 13개 테이블 중 대응 테이블 없음 (review_decision='excluded').
654ed0d8-325c-4da8-8caa-71d864d17322,346834f7-ac6e-4958-8e0d-8c2b4fb03a7e,B_E-7-4R,_review_current_requirements,REQ-116,추천서 발급 신청방법 및 결과안내,d3c64f30-9c86-4459-93d5-bfbb02863e5c,10,2026-01-12,2026-09-18,visa_process_stages,ac419d10-617a-4fdf-a160-ceec3259432f,MERGE,MAPPED,,2026-08-25,2단계 원문·v2 대조 완료: 모집기간·접수처·방문접수·대리신청·보완·중복신청 제한을 신청 접수 단계에 병합.
c4fb78ca-9ef8-4a77-8526-dd47a48484ff,346834f7-ac6e-4958-8e0d-8c2b4fb03a7e,B_E-7-4R,_review_current_requirements,REQ-117,추천서 발급 신청방법 및 결과안내,d3c64f30-9c86-4459-93d5-bfbb02863e5c,10,2026-01-12,2026-09-18,visa_process_stages,ac419d10-617a-4fdf-a160-ceec3259432f,MERGE,MAPPED,,2026-08-25,2단계 원문·v2 대조 완료: 모집기간·접수처·방문접수·대리신청·보완·중복신청 제한을 신청 접수 단계에 병합.
983488ae-c22a-4213-b603-3fa44d37d977,346834f7-ac6e-4958-8e0d-8c2b4fb03a7e,B_E-7-4R,_review_current_requirements,REQ-118,추천서 발급 신청방법 및 결과안내,d3c64f30-9c86-4459-93d5-bfbb02863e5c,10,2026-01-12,2026-09-18,visa_process_stages,ac419d10-617a-4fdf-a160-ceec3259432f,MERGE,MAPPED,,2026-08-25,2단계 원문·v2 대조 완료: 모집기간·접수처·방문접수·대리신청·보완·중복신청 제한을 신청 접수 단계에 병합.
e71f9dc2-a03d-49f0-97e9-68a384180b24,346834f7-ac6e-4958-8e0d-8c2b4fb03a7e,B_E-7-4R,_review_current_requirements,REQ-119,추천서 발급 신청방법 및 결과안내,d3c64f30-9c86-4459-93d5-bfbb02863e5c,10,2026-01-12,2026-09-18,visa_process_stages,ac419d10-617a-4fdf-a160-ceec3259432f,MERGE,MAPPED,,2026-08-25,2단계 원문·v2 대조 완료: 모집기간·접수처·방문접수·대리신청·보완·중복신청 제한을 신청 접수 단계에 병합.
0860695d-4751-4a9e-9a5d-45cc7079e017,346834f7-ac6e-4958-8e0d-8c2b4fb03a7e,B_E-7-4R,_review_current_requirements,REQ-120,추천서 발급 신청방법 및 결과안내,d3c64f30-9c86-4459-93d5-bfbb02863e5c,10,2026-01-12,2026-09-18,visa_process_stages,ac419d10-617a-4fdf-a160-ceec3259432f,MERGE,MAPPED,,2026-08-25,2단계 원문·v2 대조 완료: 모집기간·접수처·방문접수·대리신청·보완·중복신청 제한을 신청 접수 단계에 병합.
18d0b3ab-d5cc-445d-b5f8-465b3d42d9c5,346834f7-ac6e-4958-8e0d-8c2b4fb03a7e,B_E-7-4R,_review_current_requirements,REQ-121,추천서 발급 신청방법 및 결과안내,d3c64f30-9c86-4459-93d5-bfbb02863e5c,10,2026-01-12,2026-09-18,visa_process_stages,ac419d10-617a-4fdf-a160-ceec3259432f,MERGE,MAPPED,,2026-08-25,2단계 원문·v2 대조 완료: 모집기간·접수처·방문접수·대리신청·보완·중복신청 제한을 신청 접수 단계에 병합.
3ba7ab5e-2cba-4afb-9842-163b70514732,346834f7-ac6e-4958-8e0d-8c2b4fb03a7e,B_E-7-4R,_review_current_requirements,REQ-122,,d3c64f30-9c86-4459-93d5-bfbb02863e5c,10,2026-01-12,2026-09-18,NONE,,SKIP,BLOCKED,제대로 들어감,,추천서 발급 신청방법 및 결과안내 | 제대로 들어감 | target_table=NONE 규칙: v2 13개 테이블 중 대응 테이블 없음 (review_decision='excluded').
f6af0437-ba47-4674-8b3c-a6f6b0e6a4ca,346834f7-ac6e-4958-8e0d-8c2b4fb03a7e,B_E-7-4R,_review_current_requirements,REQ-123,추천서 발급 신청방법 및 결과안내,d3c64f30-9c86-4459-93d5-bfbb02863e5c,10,2026-01-12,2026-09-18,visa_process_stages,ac419d10-617a-4fdf-a160-ceec3259432f,MERGE,MAPPED,,2026-08-25,2단계 원문·v2 대조 완료: 모집기간·접수처·방문접수·대리신청·보완·중복신청 제한을 신청 접수 단계에 병합.
fed512c2-e489-4281-bf3f-6816059725fa,346834f7-ac6e-4958-8e0d-8c2b4fb03a7e,B_E-7-4R,_review_current_requirements,REQ-124,,d3c64f30-9c86-4459-93d5-bfbb02863e5c,10,2026-01-12,2026-09-18,visa_process_stages,a63c0046-58b3-46dd-9725-593655a3e8f1,COPY,MAPPED,,2026-08-24,"추천서 발급 신청방법 및 결과안내 | 대상 공통 테이블은 확정했으며, UUID 발급 및 target_record_id 기록 완료."
3485d884-dcae-47bd-a6e7-6bef93a8a203,346834f7-ac6e-4958-8e0d-8c2b4fb03a7e,B_E-7-4R,_review_current_requirements,REQ-125,,d3c64f30-9c86-4459-93d5-bfbb02863e5c,10,2026-01-12,2026-09-18,visa_process_stages,ac419d10-617a-4fdf-a160-ceec3259432f,COPY,MAPPED,,2026-08-24,"추천서 발급 신청방법 및 결과안내 | 대상 공통 테이블은 확정했으며, UUID 발급 및 target_record_id 기록 완료."
94fcd673-b329-4117-bcfb-ff28ca5f6e0b,346834f7-ac6e-4958-8e0d-8c2b4fb03a7e,B_E-7-4R,_review_current_requirements,REQ-126,,d3c64f30-9c86-4459-93d5-bfbb02863e5c,10,2026-01-12,2026-09-18,visa_process_stages,5b636b06-5984-4191-bdb6-f5b329334329,COPY,MAPPED,,2026-08-24,"추천서 발급 신청방법 및 결과안내 | 대상 공통 테이블은 확정했으며, UUID 발급 및 target_record_id 기록 완료."
c013d636-1add-48ba-b7a8-0563e3d692dc,346834f7-ac6e-4958-8e0d-8c2b4fb03a7e,B_E-7-4R,_review_current_requirements,REQ-127,,d3c64f30-9c86-4459-93d5-bfbb02863e5c,11,2026-01-12,2026-09-18,NONE,,SKIP,BLOCKED,대제목에 해당.  source_section에 들어가는게 맞을듯,,기타 사항 | 대제목에 해당.  source_section에 들어가는게 맞을듯 | target_table=NONE 규칙: v2 13개 테이블 중 대응 테이블 없음 (review_decision='excluded').
927c4685-b999-4aa0-901d-873073524e01,346834f7-ac6e-4958-8e0d-8c2b4fb03a7e,B_E-7-4R,_review_current_requirements,REQ-128,기타 사항,d3c64f30-9c86-4459-93d5-bfbb02863e5c,11,2026-01-12,2026-09-18,visa_process_stages,e51a4dfb-7caa-422c-bfec-b7e77ea70261,MERGE,MAPPED,,2026-08-25,2단계 원문·v2 대조 완료: 법무부 반려 가능성과 추천서 3개월 유효·자동취소 규칙을 자격변경 단계에 병합.
4d0cca8d-db03-4df5-8f9e-5ac8c360c0f9,346834f7-ac6e-4958-8e0d-8c2b4fb03a7e,B_E-7-4R,_review_current_requirements,REQ-129,기타 사항,d3c64f30-9c86-4459-93d5-bfbb02863e5c,11,2026-01-12,2026-09-18,visa_process_stages,e51a4dfb-7caa-422c-bfec-b7e77ea70261,MERGE,MAPPED,,2026-08-25,2단계 원문·v2 대조 완료: 법무부 반려 가능성과 추천서 3개월 유효·자동취소 규칙을 자격변경 단계에 병합.
b0decf57-d8fa-49a6-88b7-96f42eef63c1,346834f7-ac6e-4958-8e0d-8c2b4fb03a7e,B_E-7-4R,_review_current_requirements,REQ-130,기타 사항,d3c64f30-9c86-4459-93d5-bfbb02863e5c,11,2026-01-12,2026-09-18,visa_process_stages,ac419d10-617a-4fdf-a160-ceec3259432f,MERGE,MAPPED,,2026-08-25,2단계 원문·v2 대조 완료: 모집기간·접수처·방문접수·대리신청·보완·중복신청 제한을 신청 접수 단계에 병합.
aa5ab584-d56f-4fb2-bfa0-0d0bc2ad201e,346834f7-ac6e-4958-8e0d-8c2b4fb03a7e,B_E-7-4R,_review_current_requirements,REQ-131,기타 사항,d3c64f30-9c86-4459-93d5-bfbb02863e5c,11,2026-01-12,2026-09-18,visa_requirement_criteria,f2dc4707-ea40-42d8-ac4a-dacacdd6d48b,COPY,MAPPED,,2026-08-25,2단계 원문·v2 대조 완료: 원문이 직접 명시한 자격변경 허가 전 근무 개시 금지 안내에 대응.
e4a85838-b206-4e59-b323-02d5c10ffffa,346834f7-ac6e-4958-8e0d-8c2b4fb03a7e,B_E-7-4R,_review_current_requirements,REQ-132,기타 사항,d3c64f30-9c86-4459-93d5-bfbb02863e5c,11,2026-01-12,2026-09-18,visa_requirement_criteria,709ad6bc-f07b-4f64-acf0-21dd948f84d2,MERGE,MAPPED,,2026-08-25,2단계 원문·v2 대조 완료: 거주·취업 유지의무 위반 시 체류자격 취소·출국명령 근거를 기존 허가조건에 병합.
64c4d00e-97b6-4f9d-9a47-3f945f241751,346834f7-ac6e-4958-8e0d-8c2b4fb03a7e,B_E-7-4R,_review_current_requirements,REQ-133,기타 사항,d3c64f30-9c86-4459-93d5-bfbb02863e5c,11,2026-01-12,2026-09-18,visa_process_stages,5b636b06-5984-4191-bdb6-f5b329334329,TRANSFORM,MAPPED,,2026-08-25,2단계 원문·v2 대조 완료: 도지사 추천서 발급과 법무부 비자전환 승인 역할을 두 절차 단계로 분리.
34f03047-d431-41d2-abc0-9cbf834bb859,346834f7-ac6e-4958-8e0d-8c2b4fb03a7e,B_E-7-4R,_review_current_requirements,REQ-134,기타 사항,d3c64f30-9c86-4459-93d5-bfbb02863e5c,11,2026-01-12,2026-09-18,visa_requirement_criteria,ccd00ea6-7986-4ffd-bd47-d92e23ec03f5,COPY,MAPPED,,2026-08-25,2단계 원문·v2 대조 완료: 원문이 직접 명시한 중복지원 취소·추천 제한 및 허위서류 책임 안내에 대응.
b6ed9932-59d3-4575-b758-3cda872e6026,346834f7-ac6e-4958-8e0d-8c2b4fb03a7e,B_E-7-4R,_review_current_requirements,REQ-135,,d3c64f30-9c86-4459-93d5-bfbb02863e5c,11-12,2026-01-12,2026-09-18,NONE,,SKIP,BLOCKED,"[서  식]은 source_page = 12에 해당함.; 복합 행을 REQ-135-01, REQ-135-02로 분리함 (기타 안내 문장과 서식 섹션 제목을 분리)",,"기타 사항 | [서  식]은 source_page = 12에 해당함.; 복합 행을 REQ-135-01, REQ-135-02로 분리함 (기타 안내 문장과 서식 섹션 제목을 분리) | target_table=NONE 규칙: v2 13개 테이블 중 대응 테이블 없음 (review_decision='excluded')."
73f4d58e-6139-4f16-95fe-7686a398568d,346834f7-ac6e-4958-8e0d-8c2b4fb03a7e,B_E-7-4R,_review_current_requirements,REQ-135-01,,d3c64f30-9c86-4459-93d5-bfbb02863e5c,11,2026-01-12,2026-09-18,NONE,,SKIP,BLOCKED,target_table=NONE 규칙: v2 13개 테이블 중 대응 테이블 없음(review_decision=approved) — SKIP 행은 BLOCKED로 통일(mapping_status=READY+mapping_action=SKIP 조합은 정의되지 않음),,"기타 사항 | [서  식]은 source_page = 12에 해당함.; 복합 행을 REQ-135-01, REQ-135-02로 분리함 (기타 안내 문장과 서식 섹션 제목을 분리); REQ-135에서 파생된 하위 행 (기타 안내 문장과 서식 섹션 제목을 분리) | target_table=NONE 규칙: v2 13개 테이블 중 대응 테이블 없음 (review_decision='approved')."
1000de20-11e4-469c-899e-fa12a28bbee9,346834f7-ac6e-4958-8e0d-8c2b4fb03a7e,B_E-7-4R,_review_current_requirements,REQ-135-02,,d3c64f30-9c86-4459-93d5-bfbb02863e5c,12,2026-01-12,2026-09-18,NONE,,SKIP,BLOCKED,target_table=NONE 규칙: v2 13개 테이블 중 대응 테이블 없음(review_decision=approved) — SKIP 행은 BLOCKED로 통일(mapping_status=READY+mapping_action=SKIP 조합은 정의되지 않음),,"기타 사항 | [서  식]은 source_page = 12에 해당함.; 복합 행을 REQ-135-01, REQ-135-02로 분리함 (기타 안내 문장과 서식 섹션 제목을 분리); REQ-135에서 파생된 하위 행 (기타 안내 문장과 서식 섹션 제목을 분리) | target_table=NONE 규칙: v2 13개 테이블 중 대응 테이블 없음 (review_decision='approved')."
ceed8301-1090-4769-9435-14add86d98c2,346834f7-ac6e-4958-8e0d-8c2b4fb03a7e,B_E-7-4R,change_history,CHG-001,3. 자격 요건 > 고용기업 및 고용주 요건 > 고용 가능 인원 산정 기준,5a8d1bdc-94c6-4411-88b2-7cf59d930363,7→7,2026-01-12,2026-09-18,change_history,090929de-9ca7-42c6-9049-1947ee9875e2,COPY,MAPPED,,2026-08-25,2단계 원문·v2 대조 완료: CHG-001 before/after·PDF 페이지 검증 이관; source_dates=2026-01-13→2026-02-09; source_document_id=5a8d1bdc-94c6-4411-88b2-7cf59d930363.
6e4aab56-868b-462d-a215-d0d8146647c7,346834f7-ac6e-4958-8e0d-8c2b4fb03a7e,B_E-7-4R,change_history,CHG-002,3. 자격 요건 > 체류허가 사항 > 체류기간,5a8d1bdc-94c6-4411-88b2-7cf59d930363,7→7,2026-01-12,2026-09-18,change_history,343711fe-5ca3-460b-8b51-cfa6f062f4c7,COPY,MAPPED,,2026-08-25,2단계 원문·v2 대조 완료: CHG-002 before/after·PDF 페이지 검증 이관; source_dates=2026-01-13→2026-02-09; source_document_id=5a8d1bdc-94c6-4411-88b2-7cf59d930363.
a8c0ec90-dcd6-4e33-a657-ba9f400aaac8,346834f7-ac6e-4958-8e0d-8c2b4fb03a7e,B_E-7-4R,change_history,CHG-003,3. 자격 요건 > 체류허가 사항 > 허가조건,5a8d1bdc-94c6-4411-88b2-7cf59d930363,7→7,2026-01-12,2026-09-18,change_history,94bc460e-b7d9-4a44-9f98-276f5687ba2e,COPY,MAPPED,,2026-08-25,2단계 원문·v2 대조 완료: CHG-003 before/after·PDF 페이지 검증 이관; source_dates=2026-01-13→2026-02-09; source_document_id=5a8d1bdc-94c6-4411-88b2-7cf59d930363.
8b10788f-1c57-46c1-8a82-babf49508ce5,346834f7-ac6e-4958-8e0d-8c2b4fb03a7e,B_E-7-4R,change_history,CHG-004,3. 자격 요건 > 고용주 요건,5a8d1bdc-94c6-4411-88b2-7cf59d930363,7→7,2026-01-12,2026-09-18,change_history,b5a5a452-f7d1-419b-a273-5179ef0423b5,COPY,MAPPED,,2026-08-25,2단계 원문·v2 대조 완료: CHG-004 before/after·PDF 페이지 검증 이관; source_dates=2026-01-13→2026-02-09; source_document_id=5a8d1bdc-94c6-4411-88b2-7cf59d930363.
03c6f01b-720f-413a-a7ec-e98448ff700c,346834f7-ac6e-4958-8e0d-8c2b4fb03a7e,B_E-7-4R,change_history,CHG-005,서식8 > 광역지자체장 추천서,5a8d1bdc-94c6-4411-88b2-7cf59d930363,21→21,2026-01-12,2026-09-18,change_history,21f4a726-b27e-4e88-90b6-2373b2ed419b,COPY,MAPPED,,2026-08-25,2단계 원문·v2 대조 완료: CHG-005 before/after·PDF 페이지 검증 이관; source_dates=2026-01-13→2026-02-09; source_document_id=5a8d1bdc-94c6-4411-88b2-7cf59d930363.
62d75800-a7ce-47f5-a1ce-d14a5db25b8e,346834f7-ac6e-4958-8e0d-8c2b4fb03a7e,B_E-7-4R,change_history,CHG-006,서식3 > 점수제 자체 심사표 > 기본요건,5a8d1bdc-94c6-4411-88b2-7cf59d930363,→15,2026-01-12,2026-09-18,change_history,f6e81cb9-ae58-4919-adbd-b2dbc49034c7,COPY,MAPPED,,2026-08-25,2단계 원문·v2 대조 완료: CHG-006 before/after·PDF 페이지 검증 이관; source_dates=2026-01-13→2026-02-09; source_document_id=5a8d1bdc-94c6-4411-88b2-7cf59d930363.
d39f5fb0-42b1-4f69-9f7f-3abceff7c208,346834f7-ac6e-4958-8e0d-8c2b4fb03a7e,B_E-7-4R,change_history,CHG-007,4. 제출서류 > 시군 제출 서류 > 필수 서류,a501551f-63d8-4ba5-8fb6-72e37c412d88,→8,2026-01-12,2026-09-18,change_history,843396fe-8934-4f61-8839-41133dcd8690,COPY,MAPPED,,2026-08-25,2단계 원문·v2 대조 완료: CHG-007 before/after·PDF 페이지 검증 이관; source_dates=2026-04-13→2026-05-12; source_document_id=a501551f-63d8-4ba5-8fb6-72e37c412d88.
7be5362c-0548-4f95-b809-e7a2398f8cd2,346834f7-ac6e-4958-8e0d-8c2b4fb03a7e,B_E-7-4R,change_history,CHG-008,3. 자격 요건 > 추천대상 > 제외대상,81b7eefb-0a51-4f1e-ac02-1ffe9cc3b38b,2→2,2026-01-12,2026-09-18,change_history,1ecda8ab-1262-4e77-b6ba-6e49a5874daf,COPY,MAPPED,,2026-08-25,2단계 원문·v2 대조 완료: CHG-008 before/after·PDF 페이지 검증 이관; source_dates=2026-07-08→2026-08-03; source_document_id=81b7eefb-0a51-4f1e-ac02-1ffe9cc3b38b.
1e299be9-7699-4ca4-aff3-b8a380e11352,346834f7-ac6e-4958-8e0d-8c2b4fb03a7e,B_E-7-4R,change_history,CHG-009,3. 자격 요건 > 점수제 심사 > 감점 항목,81b7eefb-0a51-4f1e-ac02-1ffe9cc3b38b,3→3,2026-01-12,2026-09-18,change_history,a78a5425-6082-40e2-89f1-5a8f6ab74f55,COPY,MAPPED,,2026-08-25,2단계 원문·v2 대조 완료: CHG-009 before/after·PDF 페이지 검증 이관; source_dates=2026-07-08→2026-08-03; source_document_id=81b7eefb-0a51-4f1e-ac02-1ffe9cc3b38b.
4facd20a-8dcb-4c18-b489-b127988bac32,346834f7-ac6e-4958-8e0d-8c2b4fb03a7e,B_E-7-4R,change_history,CHG-010,3. 자격 요건 > 점수제 심사 > 감점 항목 및 감점 기준 각주,81b7eefb-0a51-4f1e-ac02-1ffe9cc3b38b,3→3,2026-01-12,2026-09-18,change_history,fb9098df-34a2-4966-a3c4-994b7b99f91d,COPY,MAPPED,,2026-08-25,2단계 원문·v2 대조 완료: CHG-010 before/after·PDF 페이지 검증 이관; source_dates=2026-07-08→2026-08-03; source_document_id=81b7eefb-0a51-4f1e-ac02-1ffe9cc3b38b.
58be068f-f8d9-4441-ad36-492d1222075a,346834f7-ac6e-4958-8e0d-8c2b4fb03a7e,B_E-7-4R,change_history,CHG-011,3. 자격 요건 > 고용기업 요건 > 근속자 특례,81b7eefb-0a51-4f1e-ac02-1ffe9cc3b38b,7→8,2026-01-12,2026-09-18,change_history,219c77b3-cd57-41d0-89fb-701c708e59cc,COPY,MAPPED,,2026-08-25,2단계 원문·v2 대조 완료: CHG-011 before/after·PDF 페이지 검증 이관; source_dates=2026-07-08→2026-08-03; source_document_id=81b7eefb-0a51-4f1e-ac02-1ffe9cc3b38b.
4c421956-4d78-4321-a1ab-ce40448ccde0,346834f7-ac6e-4958-8e0d-8c2b4fb03a7e,B_E-7-4R,change_history,CHG-012,3. 자격 요건 > 고용기업 요건 > E-7-4/E-7-4R 동시 고용 특례,81b7eefb-0a51-4f1e-ac02-1ffe9cc3b38b,→8,2026-01-12,2026-09-18,change_history,de8f279e-6285-4112-b189-5151dd96dc20,COPY,MAPPED,,2026-08-25,2단계 원문·v2 대조 완료: CHG-012 before/after·PDF 페이지 검증 이관; source_dates=2026-07-08→2026-08-03; source_document_id=81b7eefb-0a51-4f1e-ac02-1ffe9cc3b38b.
5ae26ff1-2436-4531-a1ff-23f381f3f235,346834f7-ac6e-4958-8e0d-8c2b4fb03a7e,B_E-7-4R,change_history,CHG-013,공고 개요 > 모집규모,61b08f67-7593-4db0-9997-02c322b4600c,1→1,2026-01-12,2026-09-18,change_history,bc95cd89-2bd5-4721-8896-5a63f82d8b32,COPY,MAPPED,,2026-08-25,2단계 원문·v2 대조 완료: CHG-013 before/after·PDF 페이지 검증 이관; source_dates=2026-02-09→2026-03-03; source_document_id=61b08f67-7593-4db0-9997-02c322b4600c.
117cc633-5d69-4d4e-950a-29959f014c1e,346834f7-ac6e-4958-8e0d-8c2b4fb03a7e,B_E-7-4R,change_history,CHG-014,공고 개요 > 모집규모,a428bbd3-7702-4d9f-96d7-696cea92c415,1→1,2026-01-12,2026-09-18,change_history,a939c4b3-df8d-4bce-9d5f-6ce0b8cd6254,COPY,MAPPED,,2026-08-25,2단계 원문·v2 대조 완료: CHG-014 before/after·PDF 페이지 검증 이관; source_dates=2026-03-03→2026-04-13; source_document_id=a428bbd3-7702-4d9f-96d7-696cea92c415.
17a2b951-9f87-4b6a-8dd5-75a121754212,346834f7-ac6e-4958-8e0d-8c2b4fb03a7e,B_E-7-4R,change_history,CHG-015,공고 개요 > 모집규모,900ab670-83f2-4d5b-89d5-511d6b2b0a60,1→1,2026-01-12,2026-09-18,change_history,2fdf751c-8133-4a3e-953b-caea55d695de,COPY,MAPPED,,2026-08-25,2단계 원문·v2 대조 완료: CHG-015 before/after·PDF 페이지 검증 이관; source_dates=2026-05-12→2026-06-09; source_document_id=900ab670-83f2-4d5b-89d5-511d6b2b0a60.
73fc2d59-4759-40c3-be64-7cada754aaae,346834f7-ac6e-4958-8e0d-8c2b4fb03a7e,B_E-7-4R,change_history,CHG-016,공고 개요 > 모집규모,8b39ddbc-892a-4987-8ceb-a4d5f7b9c40a,1→1,2026-01-12,2026-09-18,change_history,950b835c-b596-4abd-9d1a-f6b240a85c27,COPY,MAPPED,,2026-08-25,2단계 원문·v2 대조 완료: CHG-016 before/after·PDF 페이지 검증 이관; source_dates=2026-06-09→2026-07-08; source_document_id=8b39ddbc-892a-4987-8ceb-a4d5f7b9c40a.
92366c6b-4ce8-49f5-9510-e2f1ba5195c9,346834f7-ac6e-4958-8e0d-8c2b4fb03a7e,B_E-7-4R,change_history,CHG-017,공고 개요 > 모집규모,81b7eefb-0a51-4f1e-ac02-1ffe9cc3b38b,1→1,2026-01-12,2026-09-18,change_history,42260815-e0cb-4edf-a534-2dc249b627a1,COPY,MAPPED,,2026-08-25,2단계 원문·v2 대조 완료: CHG-017 before/after·PDF 페이지 검증 이관; source_dates=2026-07-08→2026-08-03; source_document_id=81b7eefb-0a51-4f1e-ac02-1ffe9cc3b38b.
1a7027e1-e932-44ab-aacd-df5f9e35ff00,346834f7-ac6e-4958-8e0d-8c2b4fb03a7e,B_E-7-4R,scoring_items,SCORE-000,,d3c64f30-9c86-4459-93d5-bfbb02863e5c,3,2026-01-12,2026-09-18,visa_scoring_models,eb2823dd-df20-48ac-a104-faef9e85d128,COPY,MAPPED,,2026-08-24,PR #43 schema_mapping.csv 원장에 이 SCORE-* 행에 대한 참조가 없음(기존 매핑 원장의 공백) — 이 태스크에서 새로 추가. criterion='총점 및 최소 득점 기준'
ac63970f-4b51-4a24-a050-5c5007d58cb8,346834f7-ac6e-4958-8e0d-8c2b4fb03a7e,B_E-7-4R,scoring_items,SCORE-031,,d3c64f30-9c86-4459-93d5-bfbb02863e5c,3,2026-01-12,2026-09-18,visa_scoring_items,6c1ab39a-5436-46b1-8853-42350ebd91aa,COPY,MAPPED,,2026-08-24,PR #43 schema_mapping.csv 원장에 이 SCORE-* 행에 대한 참조가 없음(기존 매핑 원장의 공백) — 이 태스크에서 새로 추가. criterion='나이(만 나이 기준)'
3624dd31-a700-4c04-9e92-24bbd38845b6,346834f7-ac6e-4958-8e0d-8c2b4fb03a7e,B_E-7-4R,scoring_items,SCORE-032,,d3c64f30-9c86-4459-93d5-bfbb02863e5c,3,2026-01-12,2026-09-18,visa_scoring_items,6e9009dd-6833-4eb6-9892-3f74e87dc1fe,COPY,MAPPED,,2026-08-24,PR #43 schema_mapping.csv 원장에 이 SCORE-* 행에 대한 참조가 없음(기존 매핑 원장의 공백) — 이 태스크에서 새로 추가. criterion='나이(만 나이 기준)'
79f04ff7-a7d9-4dbb-a226-f537f1d3a32a,346834f7-ac6e-4958-8e0d-8c2b4fb03a7e,B_E-7-4R,scoring_items,SCORE-033,,d3c64f30-9c86-4459-93d5-bfbb02863e5c,3,2026-01-12,2026-09-18,visa_scoring_items,128c440e-e7c7-4458-bb7c-752ae7ba49a9,COPY,MAPPED,,2026-08-24,PR #43 schema_mapping.csv 원장에 이 SCORE-* 행에 대한 참조가 없음(기존 매핑 원장의 공백) — 이 태스크에서 새로 추가. criterion='나이(만 나이 기준)'
f0f782d7-ffd1-46da-b694-0d579a9febec,346834f7-ac6e-4958-8e0d-8c2b4fb03a7e,B_E-7-4R,scoring_items,SCORE-034,,d3c64f30-9c86-4459-93d5-bfbb02863e5c,3,2026-01-12,2026-09-18,visa_scoring_items,d2953518-41e3-415a-8306-87666eae68b5,COPY,MAPPED,,2026-08-24,PR #43 schema_mapping.csv 원장에 이 SCORE-* 행에 대한 참조가 없음(기존 매핑 원장의 공백) — 이 태스크에서 새로 추가. criterion='나이(만 나이 기준)'
4fe202ba-92d7-4e08-a6ec-aebea1072c5e,346834f7-ac6e-4958-8e0d-8c2b4fb03a7e,B_E-7-4R,scoring_items,SCORE-041,,d3c64f30-9c86-4459-93d5-bfbb02863e5c,6,2026-01-12,2026-09-18,visa_scoring_items,5a84d51e-9635-4164-a497-aeb952b7bf90,COPY,MAPPED,,2026-08-24,PR #43 schema_mapping.csv 원장에 이 SCORE-* 행에 대한 참조가 없음(기존 매핑 원장의 공백) — 이 태스크에서 새로 추가. criterion='추천 - 중앙부처'
362db792-5489-4a1c-bf78-82027b7c3318,346834f7-ac6e-4958-8e0d-8c2b4fb03a7e,B_E-7-4R,scoring_items,SCORE-042,,d3c64f30-9c86-4459-93d5-bfbb02863e5c,6,2026-01-12,2026-09-18,visa_scoring_items,48fb7175-1356-47c4-aecd-d468162aa5fc,COPY,MAPPED,,2026-08-24,PR #43 schema_mapping.csv 원장에 이 SCORE-* 행에 대한 참조가 없음(기존 매핑 원장의 공백) — 이 태스크에서 새로 추가. criterion='추천 - 광역지자체'
f23b4422-7454-46a0-80c9-db9cbf5c0ffe,346834f7-ac6e-4958-8e0d-8c2b4fb03a7e,B_E-7-4R,scoring_items,SCORE-043,,d3c64f30-9c86-4459-93d5-bfbb02863e5c,6,2026-01-12,2026-09-18,visa_scoring_items,ced36df4-ed05-4a36-98bc-06943f7bcd4c,COPY,MAPPED,,2026-08-24,PR #43 schema_mapping.csv 원장에 이 SCORE-* 행에 대한 참조가 없음(기존 매핑 원장의 공백) — 이 태스크에서 새로 추가. criterion='고용기업체 추천'
5ee53236-f3ed-468d-8427-7cc69106fb1b,346834f7-ac6e-4958-8e0d-8c2b4fb03a7e,B_E-7-4R,scoring_items,SCORE-044,,d3c64f30-9c86-4459-93d5-bfbb02863e5c,6,2026-01-12,2026-09-18,visa_scoring_items,2e10a5b1-bcb1-4e0e-b5e1-7bf7856482ba,COPY,MAPPED,,2026-08-24,PR #43 schema_mapping.csv 원장에 이 SCORE-* 행에 대한 참조가 없음(기존 매핑 원장의 공백) — 이 태스크에서 새로 추가. criterion='현근무처 3년 이상 근속'
feccaefb-ce45-4bb7-afae-c80d2b3f2759,346834f7-ac6e-4958-8e0d-8c2b4fb03a7e,B_E-7-4R,scoring_items,SCORE-045,,d3c64f30-9c86-4459-93d5-bfbb02863e5c,7,2026-01-12,2026-09-18,visa_scoring_items,0e9e8a81-1fdd-41b4-90ac-cc772aa2e3dc,COPY,MAPPED,,2026-08-24,PR #43 schema_mapping.csv 원장에 이 SCORE-* 행에 대한 참조가 없음(기존 매핑 원장의 공백) — 이 태스크에서 새로 추가. criterion='인구감소(관심)지역 및(또는) 읍·면지역 3년 이상 근무'
25971cb8-d8e2-4ae5-9239-b892b177cfcd,346834f7-ac6e-4958-8e0d-8c2b4fb03a7e,B_E-7-4R,scoring_items,SCORE-046,,d3c64f30-9c86-4459-93d5-bfbb02863e5c,7,2026-01-12,2026-09-18,visa_scoring_items,5a4de849-3ff8-4e12-b8a8-21264e9219ab,COPY,MAPPED,,2026-08-24,PR #43 schema_mapping.csv 원장에 이 SCORE-* 행에 대한 참조가 없음(기존 매핑 원장의 공백) — 이 태스크에서 새로 추가. criterion='자격증 또는 국내 학위'
c80f736b-8cd5-4a8c-a695-5d0067519e7b,346834f7-ac6e-4958-8e0d-8c2b4fb03a7e,B_E-7-4R,scoring_items,SCORE-047,,d3c64f30-9c86-4459-93d5-bfbb02863e5c,7,2026-01-12,2026-09-18,visa_scoring_items,a084d738-2223-4a02-b75f-488a6fbf0179,COPY,MAPPED,,2026-08-24,PR #43 schema_mapping.csv 원장에 이 SCORE-* 행에 대한 참조가 없음(기존 매핑 원장의 공백) — 이 태스크에서 새로 추가. criterion='국내 운전면허증'
809209e1-f549-4b1f-b2ab-c4003c6eb7fd,346834f7-ac6e-4958-8e0d-8c2b4fb03a7e,B_E-7-4R,scoring_items,SCORE-0511,,d3c64f30-9c86-4459-93d5-bfbb02863e5c,3,2026-01-12,2026-09-18,visa_scoring_items,54822a8e-d972-4479-bd55-461d1d795ecd,COPY,MAPPED,,2026-08-24,PR #43 schema_mapping.csv 원장에 이 SCORE-* 행에 대한 참조가 없음(기존 매핑 원장의 공백) — 이 태스크에서 새로 추가. criterion='벌금 300만원 미만의 형 - 1회'
aa12edc6-fa60-42da-8461-befc4b1eea43,346834f7-ac6e-4958-8e0d-8c2b4fb03a7e,B_E-7-4R,scoring_items,SCORE-0512,,d3c64f30-9c86-4459-93d5-bfbb02863e5c,3,2026-01-12,2026-09-18,visa_scoring_items,7b7036ad-fbc1-4f0f-9bbd-ad03e92a07db,COPY,MAPPED,,2026-08-24,PR #43 schema_mapping.csv 원장에 이 SCORE-* 행에 대한 참조가 없음(기존 매핑 원장의 공백) — 이 태스크에서 새로 추가. criterion='벌금 300만원 미만의 형 - 2회'
c4cc4041-6397-49f7-ae92-f0fa62f137a4,346834f7-ac6e-4958-8e0d-8c2b4fb03a7e,B_E-7-4R,scoring_items,SCORE-0513,,d3c64f30-9c86-4459-93d5-bfbb02863e5c,3,2026-01-12,2026-09-18,visa_scoring_items,010296e3-7228-4c16-98ad-139e2d583d7f,COPY,MAPPED,,2026-08-24,PR #43 schema_mapping.csv 원장에 이 SCORE-* 행에 대한 참조가 없음(기존 매핑 원장의 공백) — 이 태스크에서 새로 추가. criterion='벌금 300만원 미만의 형 - 3회(이상)'
50ff7359-7443-420a-9c84-6817de3b956b,346834f7-ac6e-4958-8e0d-8c2b4fb03a7e,B_E-7-4R,scoring_items,SCORE-0521,,d3c64f30-9c86-4459-93d5-bfbb02863e5c,3,2026-01-12,2026-09-18,visa_scoring_items,634534e0-870b-4367-85e5-ee5af38d366f,COPY,MAPPED,,2026-08-24,PR #43 schema_mapping.csv 원장에 이 SCORE-* 행에 대한 참조가 없음(기존 매핑 원장의 공백) — 이 태스크에서 새로 추가. criterion='체납으로 체류허가 제한을 받은 사실이 있는 자 - 1회'
760fda8b-1612-4ca6-916b-851f081a59b8,346834f7-ac6e-4958-8e0d-8c2b4fb03a7e,B_E-7-4R,scoring_items,SCORE-0522,,d3c64f30-9c86-4459-93d5-bfbb02863e5c,3,2026-01-12,2026-09-18,visa_scoring_items,467d23e6-b83c-4b39-b020-2e4371f0f8b6,COPY,MAPPED,,2026-08-24,PR #43 schema_mapping.csv 원장에 이 SCORE-* 행에 대한 참조가 없음(기존 매핑 원장의 공백) — 이 태스크에서 새로 추가. criterion='체납으로 체류허가 제한을 받은 사실이 있는 자 - 2회'
eb308930-1a52-4275-a88a-ec08e06f6d06,346834f7-ac6e-4958-8e0d-8c2b4fb03a7e,B_E-7-4R,scoring_items,SCORE-0523,,d3c64f30-9c86-4459-93d5-bfbb02863e5c,3,2026-01-12,2026-09-18,visa_scoring_items,aa1fa18f-800a-43fc-9255-a64123080b31,COPY,MAPPED,,2026-08-24,PR #43 schema_mapping.csv 원장에 이 SCORE-* 행에 대한 참조가 없음(기존 매핑 원장의 공백) — 이 태스크에서 새로 추가. criterion='체납으로 체류허가 제한을 받은 사실이 있는 자 - 3회(이상)'
0d361fe2-459f-42e0-836b-91f99c07a603,346834f7-ac6e-4958-8e0d-8c2b4fb03a7e,B_E-7-4R,scoring_items,SCORE-0531,,d3c64f30-9c86-4459-93d5-bfbb02863e5c,3,2026-01-12,2026-09-18,visa_scoring_items,8211d47a-d312-4b71-a409-2da4cc77533c,COPY,MAPPED,,2026-08-24,PR #43 schema_mapping.csv 원장에 이 SCORE-* 행에 대한 참조가 없음(기존 매핑 원장의 공백) — 이 태스크에서 새로 추가. criterion='출입국관리법 3회 이하 위반자로 행정처분을 받은 자(과태료 미포함) - 1회'
d80fdd42-baa0-49c4-bce4-344ba82fda21,346834f7-ac6e-4958-8e0d-8c2b4fb03a7e,B_E-7-4R,scoring_items,SCORE-0532,,d3c64f30-9c86-4459-93d5-bfbb02863e5c,3,2026-01-12,2026-09-18,visa_scoring_items,235d2100-e8be-4912-a468-81b350259428,COPY,MAPPED,,2026-08-24,PR #43 schema_mapping.csv 원장에 이 SCORE-* 행에 대한 참조가 없음(기존 매핑 원장의 공백) — 이 태스크에서 새로 추가. criterion='출입국관리법 3회 이하 위반자로 행정처분을 받은 자(과태료 미포함) - 2회'
1a1883b3-03ec-4d9d-a422-c8fc189908cf,346834f7-ac6e-4958-8e0d-8c2b4fb03a7e,B_E-7-4R,scoring_items,SCORE-0533,,d3c64f30-9c86-4459-93d5-bfbb02863e5c,3,2026-01-12,2026-09-18,visa_scoring_items,76ab4875-42e6-4601-8090-0fed1b2b045c,COPY,MAPPED,,2026-08-24,PR #43 schema_mapping.csv 원장에 이 SCORE-* 행에 대한 참조가 없음(기존 매핑 원장의 공백) — 이 태스크에서 새로 추가. criterion='출입국관리법 3회 이하 위반자로 행정처분을 받은 자(과태료 미포함) - 3회(이상)'
d9e8502b-238a-4b56-a64b-9289c1cab4e7,346834f7-ac6e-4958-8e0d-8c2b4fb03a7e,B_E-7-4R,document_forms,서식1,,d3c64f30-9c86-4459-93d5-bfbb02863e5c,14-15,2026-01-12,2026-09-18,document_requirements,8f28a393-d0e4-4f33-ae7c-56de386bd45a,COPY,MAPPED,,2026-08-24,PR #43 schema_mapping.csv 원장에 이 서식 행에 대한 참조가 전혀 없음(기존 매핑 원장의 공백) — 이 태스크에서 새로 추가. form_name='지역특화형 비자사업 추천서 발급신청서'
8049320f-92ce-46b3-9d33-e05fd6f69bab,346834f7-ac6e-4958-8e0d-8c2b4fb03a7e,B_E-7-4R,document_forms,서식1-2,,d3c64f30-9c86-4459-93d5-bfbb02863e5c,16,2026-01-12,2026-09-18,document_requirements,38f87f10-58d7-45c4-8773-1b9fafd83bfd,COPY,MAPPED,,2026-08-24,PR #43 schema_mapping.csv 원장에 이 서식 행에 대한 참조가 전혀 없음(기존 매핑 원장의 공백) — 이 태스크에서 새로 추가. form_name='위임장'
8ba97318-5f48-4b47-9ae0-3a935b7163eb,346834f7-ac6e-4958-8e0d-8c2b4fb03a7e,B_E-7-4R,document_forms,서식3,,d3c64f30-9c86-4459-93d5-bfbb02863e5c,17,2026-01-12,2026-09-18,document_requirements,4644e464-e8f3-4b11-aafd-741f5fa8c4d9,COPY,MAPPED,,2026-08-24,PR #43 schema_mapping.csv 원장에 이 서식 행에 대한 참조가 전혀 없음(기존 매핑 원장의 공백) — 이 태스크에서 새로 추가. form_name='점수제 자체 심사표'
abb46491-1d43-47a1-b025-bd22c45a6afa,346834f7-ac6e-4958-8e0d-8c2b4fb03a7e,B_E-7-4R,document_forms,서식4,,d3c64f30-9c86-4459-93d5-bfbb02863e5c,18,2026-01-12,2026-09-18,document_requirements,1285146a-a7ab-4067-bf58-27bdca5cdb73,COPY,MAPPED,,2026-08-24,PR #43 schema_mapping.csv 원장에 이 서식 행에 대한 참조가 전혀 없음(기존 매핑 원장의 공백) — 이 태스크에서 새로 추가. form_name='신상 기술서'
2d6e56c2-8ff7-40c9-897b-47a0038f423b,346834f7-ac6e-4958-8e0d-8c2b4fb03a7e,B_E-7-4R,document_forms,서식5,,d3c64f30-9c86-4459-93d5-bfbb02863e5c,19,2026-01-12,2026-09-18,document_requirements,9f7377b5-6a67-4e5c-baf4-e095e57a6321,COPY,MAPPED,,2026-08-24,PR #43 schema_mapping.csv 원장에 이 서식 행에 대한 참조가 전혀 없음(기존 매핑 원장의 공백) — 이 태스크에서 새로 추가. form_name='고용기업 추천서'
24802547-1310-40c7-bd6e-7b78c1b8f50f,346834f7-ac6e-4958-8e0d-8c2b4fb03a7e,B_E-7-4R,document_forms,서식6,,d3c64f30-9c86-4459-93d5-bfbb02863e5c,20-21,2026-01-12,2026-09-18,document_requirements,51dfe979-f2b1-4a49-bf23-c889f175fe3a,COPY,MAPPED,,2026-08-24,PR #43 schema_mapping.csv 원장에 이 서식 행에 대한 참조가 전혀 없음(기존 매핑 원장의 공백) — 이 태스크에서 새로 추가. form_name='외국인근로자 표준근로계약서(예시)'
c4172143-efea-4ce1-ad51-23264240229d,346834f7-ac6e-4958-8e0d-8c2b4fb03a7e,B_E-7-4R,document_forms,서식7,,d3c64f30-9c86-4459-93d5-bfbb02863e5c,22,2026-01-12,2026-09-18,document_requirements,8ede6bdc-94c9-4ff4-994a-3dcef1d54b78,COPY,MAPPED,,2026-08-24,PR #43 schema_mapping.csv 원장에 이 서식 행에 대한 참조가 전혀 없음(기존 매핑 원장의 공백) — 이 태스크에서 새로 추가. form_name='신원보증서(별지 제129호)'
6bfd5081-31da-4d16-9b0f-51b7b787ec51,346834f7-ac6e-4958-8e0d-8c2b4fb03a7e,B_E-7-4R,document_forms,서식8,,d3c64f30-9c86-4459-93d5-bfbb02863e5c,23,2026-01-12,2026-09-18,document_requirements,fc854714-d6b9-4d96-aa21-284be718d9c0,COPY,MAPPED,,2026-08-24,PR #43 schema_mapping.csv 원장에 이 서식 행에 대한 참조가 전혀 없음(기존 매핑 원장의 공백) — 이 태스크에서 새로 추가. form_name='광역지자체장 추천서'
f7c33294-1c88-44f8-bf76-1b79bf84ef06,346834f7-ac6e-4958-8e0d-8c2b4fb03a7e,B_E-7-4R,document_forms,서식9,,d3c64f30-9c86-4459-93d5-bfbb02863e5c,24,2026-01-12,2026-09-18,document_requirements,925b35e4-9280-464c-a805-9934d8d156b4,COPY,MAPPED,,2026-08-24,PR #43 schema_mapping.csv 원장에 이 서식 행에 대한 참조가 전혀 없음(기존 매핑 원장의 공백) — 이 태스크에서 새로 추가. form_name='통합신청서(출입국관리법 시행규칙 별지 제34호서식)'
8f41226f-50ae-42e1-8d6b-11393ca77124,8a295d32-46dd-43a8-8a9d-b3713251bf1f,C_D-2-common,parttime_work_rules,4faad570-c74a-4c2c-93ca-14314f00832c,,0b93750b-5c28-46bb-9b46-207c8ed26dc9,13,,,NONE,,SKIP,BLOCKED,D-2는 plan step 8에 따라 Lookup/Rule 구조를 유지하고 공통 마스터 이관 대상이 아님 — 연결만 별도 검증,,원천 valid_from이 확인되지 않아(원문에 시행일 자체 없음) 공란으로 둠 — 값 추정 금지 원칙.
d1c84f1f-2f7b-491a-8b99-d2a4154fe3d5,8a295d32-46dd-43a8-8a9d-b3713251bf1f,C_D-2-common,parttime_work_rules,25e061a0-599e-4270-b1a7-8b60250aa8a7,,0b93750b-5c28-46bb-9b46-207c8ed26dc9,13,,,NONE,,SKIP,BLOCKED,D-2는 plan step 8에 따라 Lookup/Rule 구조를 유지하고 공통 마스터 이관 대상이 아님 — 연결만 별도 검증,,원천 valid_from이 확인되지 않아(원문에 시행일 자체 없음) 공란으로 둠 — 값 추정 금지 원칙.
a3c3b3b4-5b87-4a7f-869b-4861b3fef84b,8a295d32-46dd-43a8-8a9d-b3713251bf1f,C_D-2-common,parttime_work_rules,892557e4-0c33-4c97-bad2-7b11942ce602,,0b93750b-5c28-46bb-9b46-207c8ed26dc9,13,,,NONE,,SKIP,BLOCKED,D-2는 plan step 8에 따라 Lookup/Rule 구조를 유지하고 공통 마스터 이관 대상이 아님 — 연결만 별도 검증,,원천 valid_from이 확인되지 않아(원문에 시행일 자체 없음) 공란으로 둠 — 값 추정 금지 원칙.
d46c08e0-5c87-439e-83d0-c0bd4f2c11a1,8a295d32-46dd-43a8-8a9d-b3713251bf1f,C_D-2-common,parttime_work_rules,2da63ee2-f618-46db-96b0-9b86dee3be8d,,0b93750b-5c28-46bb-9b46-207c8ed26dc9,13,,,NONE,,SKIP,BLOCKED,D-2는 plan step 8에 따라 Lookup/Rule 구조를 유지하고 공통 마스터 이관 대상이 아님 — 연결만 별도 검증,,원천 valid_from이 확인되지 않아(원문에 시행일 자체 없음) 공란으로 둠 — 값 추정 금지 원칙.
8498337f-5f73-434e-8540-07fdd49377a8,8a295d32-46dd-43a8-8a9d-b3713251bf1f,C_D-2-common,parttime_work_rules,e044cd8f-c02c-49b7-8ce0-d762877db123,,0b93750b-5c28-46bb-9b46-207c8ed26dc9,13,,,NONE,,SKIP,BLOCKED,D-2는 plan step 8에 따라 Lookup/Rule 구조를 유지하고 공통 마스터 이관 대상이 아님 — 연결만 별도 검증,,원천 valid_from이 확인되지 않아(원문에 시행일 자체 없음) 공란으로 둠 — 값 추정 금지 원칙.
11311fbf-7402-4b9c-bf5b-b1a2e09a14d0,8a295d32-46dd-43a8-8a9d-b3713251bf1f,C_D-2-common,parttime_work_rules,2ba5ad34-85c4-4877-bc14-916d06e1ef30,,0b93750b-5c28-46bb-9b46-207c8ed26dc9,13,,,NONE,,SKIP,BLOCKED,D-2는 plan step 8에 따라 Lookup/Rule 구조를 유지하고 공통 마스터 이관 대상이 아님 — 연결만 별도 검증,,원천 valid_from이 확인되지 않아(원문에 시행일 자체 없음) 공란으로 둠 — 값 추정 금지 원칙.
5e3e12d5-b579-4344-b6a6-c434014832ca,8a295d32-46dd-43a8-8a9d-b3713251bf1f,C_D-2-common,parttime_work_rules,aebfdb31-e653-4dce-b0db-3538a817bd03,,0b93750b-5c28-46bb-9b46-207c8ed26dc9,13,,,NONE,,SKIP,BLOCKED,D-2는 plan step 8에 따라 Lookup/Rule 구조를 유지하고 공통 마스터 이관 대상이 아님 — 연결만 별도 검증,,원천 valid_from이 확인되지 않아(원문에 시행일 자체 없음) 공란으로 둠 — 값 추정 금지 원칙.
b174b7af-587b-4c6c-a058-5d23763d379c,8a295d32-46dd-43a8-8a9d-b3713251bf1f,C_D-2-common,parttime_work_rules,05e77943-4fd3-4b4b-8f95-1b7142d2ceb1,,0b93750b-5c28-46bb-9b46-207c8ed26dc9,13,,,NONE,,SKIP,BLOCKED,D-2는 plan step 8에 따라 Lookup/Rule 구조를 유지하고 공통 마스터 이관 대상이 아님 — 연결만 별도 검증,,원천 valid_from이 확인되지 않아(원문에 시행일 자체 없음) 공란으로 둠 — 값 추정 금지 원칙.
63c6ac63-cc7f-4e90-9e99-b368ee68e9a1,8a295d32-46dd-43a8-8a9d-b3713251bf1f,C_D-2-common,parttime_work_rules,ae90b88a-9f74-4c19-b818-537aec5f3814,,0b93750b-5c28-46bb-9b46-207c8ed26dc9,13,,,NONE,,SKIP,BLOCKED,D-2는 plan step 8에 따라 Lookup/Rule 구조를 유지하고 공통 마스터 이관 대상이 아님 — 연결만 별도 검증,,원천 valid_from이 확인되지 않아(원문에 시행일 자체 없음) 공란으로 둠 — 값 추정 금지 원칙.
caaca30f-8148-4e7d-ac0a-c720e4d97e87,8a295d32-46dd-43a8-8a9d-b3713251bf1f,C_D-2-common,parttime_work_rules,209e549d-0cba-4a13-8d37-5ca1fe0fb7d1,,0b93750b-5c28-46bb-9b46-207c8ed26dc9,13,,,NONE,,SKIP,BLOCKED,D-2는 plan step 8에 따라 Lookup/Rule 구조를 유지하고 공통 마스터 이관 대상이 아님 — 연결만 별도 검증,,원천 valid_from이 확인되지 않아(원문에 시행일 자체 없음) 공란으로 둠 — 값 추정 금지 원칙.
6a9a2918-2f85-4693-aa1b-07d263d48299,8a295d32-46dd-43a8-8a9d-b3713251bf1f,C_D-2-common,certified_universities,a00ffaf2-baaa-4ddd-a565-96ba7154e2fe,,a7636111-8179-412a-a9c7-36abf86a2c04,,2026-03-01,2030-02-28,NONE,,SKIP,BLOCKED,D-2는 plan step 8에 따라 Lookup/Rule 구조를 유지하고 공통 마스터 이관 대상이 아님 — 연결만 별도 검증,,
e7830617-9669-41a6-9f9a-ede6a7d4191a,8a295d32-46dd-43a8-8a9d-b3713251bf1f,C_D-2-common,certified_universities,fa745a9c-7668-40a8-8034-d6dcc1797126,,a7636111-8179-412a-a9c7-36abf86a2c04,,2026-03-01,2030-02-28,NONE,,SKIP,BLOCKED,D-2는 plan step 8에 따라 Lookup/Rule 구조를 유지하고 공통 마스터 이관 대상이 아님 — 연결만 별도 검증,,
679b27c7-7f7d-4a37-abfc-09c63efc8617,8a295d32-46dd-43a8-8a9d-b3713251bf1f,C_D-2-common,certified_universities,c3801873-d0e2-4c6a-94dd-52628a05c65e,,a7636111-8179-412a-a9c7-36abf86a2c04,,2026-03-01,2030-02-28,NONE,,SKIP,BLOCKED,D-2는 plan step 8에 따라 Lookup/Rule 구조를 유지하고 공통 마스터 이관 대상이 아님 — 연결만 별도 검증,,
1db2d5af-68a1-44b2-a953-cdf1ed15f275,8a295d32-46dd-43a8-8a9d-b3713251bf1f,C_D-2-common,certified_universities,4444704d-542a-4ef7-b4bd-130d59d9219d,,a7636111-8179-412a-a9c7-36abf86a2c04,,2026-03-01,2030-02-28,NONE,,SKIP,BLOCKED,D-2는 plan step 8에 따라 Lookup/Rule 구조를 유지하고 공통 마스터 이관 대상이 아님 — 연결만 별도 검증,,
130c9ee2-6780-45ce-a7f5-aa090b2671f2,8a295d32-46dd-43a8-8a9d-b3713251bf1f,C_D-2-common,certified_universities,0d36d147-b1e5-4dbf-a80d-d5a88f2d5893,,a7636111-8179-412a-a9c7-36abf86a2c04,,2026-03-01,2030-02-28,NONE,,SKIP,BLOCKED,D-2는 plan step 8에 따라 Lookup/Rule 구조를 유지하고 공통 마스터 이관 대상이 아님 — 연결만 별도 검증,,
7c7f07d1-5a94-4818-bea9-383e8aec1449,8a295d32-46dd-43a8-8a9d-b3713251bf1f,C_D-2-common,certified_universities,217afa5c-5782-46cb-8854-4373356c6b33,,a7636111-8179-412a-a9c7-36abf86a2c04,,2026-03-01,2030-02-28,NONE,,SKIP,BLOCKED,D-2는 plan step 8에 따라 Lookup/Rule 구조를 유지하고 공통 마스터 이관 대상이 아님 — 연결만 별도 검증,,
bd5c755d-5525-4c87-8c73-dcfb6e12fab2,8a295d32-46dd-43a8-8a9d-b3713251bf1f,C_D-2-common,certified_universities,9a7e8b1d-00e4-4978-9e0c-5b0a8b8ff343,,a7636111-8179-412a-a9c7-36abf86a2c04,,2026-03-01,2030-02-28,NONE,,SKIP,BLOCKED,D-2는 plan step 8에 따라 Lookup/Rule 구조를 유지하고 공통 마스터 이관 대상이 아님 — 연결만 별도 검증,,
632a93f9-29c4-449f-b726-abc0762ff6c2,8a295d32-46dd-43a8-8a9d-b3713251bf1f,C_D-2-common,certified_universities,b448515c-bcbd-41bc-b50f-f769ab96bd27,,a7636111-8179-412a-a9c7-36abf86a2c04,,2026-03-01,2030-02-28,NONE,,SKIP,BLOCKED,D-2는 plan step 8에 따라 Lookup/Rule 구조를 유지하고 공통 마스터 이관 대상이 아님 — 연결만 별도 검증,,
fcc14919-8f75-45a7-8ae4-476a1555b1bd,8a295d32-46dd-43a8-8a9d-b3713251bf1f,C_D-2-common,certified_universities,00abd3c5-6efd-4027-a6f3-30b7172a7425,,a7636111-8179-412a-a9c7-36abf86a2c04,,2026-03-01,2030-02-28,NONE,,SKIP,BLOCKED,D-2는 plan step 8에 따라 Lookup/Rule 구조를 유지하고 공통 마스터 이관 대상이 아님 — 연결만 별도 검증,,
6efadbd8-c4bb-48db-86c3-144d11479177,8a295d32-46dd-43a8-8a9d-b3713251bf1f,C_D-2-common,certified_universities,d5ff6022-eb78-4b20-a21d-5afacfeb9d0b,,a7636111-8179-412a-a9c7-36abf86a2c04,,2026-03-01,2030-02-28,NONE,,SKIP,BLOCKED,D-2는 plan step 8에 따라 Lookup/Rule 구조를 유지하고 공통 마스터 이관 대상이 아님 — 연결만 별도 검증,,
a524e6ee-d021-495b-8406-b23d4f0e3f33,8a295d32-46dd-43a8-8a9d-b3713251bf1f,C_D-2-common,certified_universities,68b90edf-6e54-4eed-870b-459d05762ceb,,a7636111-8179-412a-a9c7-36abf86a2c04,,2026-03-01,2030-02-28,NONE,,SKIP,BLOCKED,D-2는 plan step 8에 따라 Lookup/Rule 구조를 유지하고 공통 마스터 이관 대상이 아님 — 연결만 별도 검증,,
cc995150-1427-4050-a9a9-a97b66d24e18,8a295d32-46dd-43a8-8a9d-b3713251bf1f,C_D-2-common,certified_universities,d0c21fce-6083-46eb-b1ed-926f3af1f081,,a7636111-8179-412a-a9c7-36abf86a2c04,,2026-03-01,2030-02-28,NONE,,SKIP,BLOCKED,D-2는 plan step 8에 따라 Lookup/Rule 구조를 유지하고 공통 마스터 이관 대상이 아님 — 연결만 별도 검증,,
ed232949-2fa5-4f54-a7fb-b85912dcc339,8a295d32-46dd-43a8-8a9d-b3713251bf1f,C_D-2-common,certified_universities,72df245d-e8d5-4884-b464-641492c41ac0,,a7636111-8179-412a-a9c7-36abf86a2c04,,2026-03-01,2030-02-28,NONE,,SKIP,BLOCKED,D-2는 plan step 8에 따라 Lookup/Rule 구조를 유지하고 공통 마스터 이관 대상이 아님 — 연결만 별도 검증,,
ef15a49a-08c1-4e15-8336-5a80ced06de5,8a295d32-46dd-43a8-8a9d-b3713251bf1f,C_D-2-common,certified_universities,465e2444-5a16-4af9-bccf-7572dd67f579,,a7636111-8179-412a-a9c7-36abf86a2c04,,2026-03-01,2030-02-28,NONE,,SKIP,BLOCKED,D-2는 plan step 8에 따라 Lookup/Rule 구조를 유지하고 공통 마스터 이관 대상이 아님 — 연결만 별도 검증,,
4ed1f330-ebfd-44e2-8384-deba84d238ff,8a295d32-46dd-43a8-8a9d-b3713251bf1f,C_D-2-common,certified_universities,033e69e2-5f03-471e-9dc7-14e8be2b6d3c,,a7636111-8179-412a-a9c7-36abf86a2c04,,2026-03-01,2030-02-28,NONE,,SKIP,BLOCKED,D-2는 plan step 8에 따라 Lookup/Rule 구조를 유지하고 공통 마스터 이관 대상이 아님 — 연결만 별도 검증,,
dd40bbf5-852b-43d6-89ab-8cfb4aff61f6,8a295d32-46dd-43a8-8a9d-b3713251bf1f,C_D-2-common,certified_universities,51f6c20f-83ab-490d-a08e-6fda920d5703,,a7636111-8179-412a-a9c7-36abf86a2c04,,2026-03-01,2030-02-28,NONE,,SKIP,BLOCKED,D-2는 plan step 8에 따라 Lookup/Rule 구조를 유지하고 공통 마스터 이관 대상이 아님 — 연결만 별도 검증,,
a42a68f0-8615-4b51-bafd-a63c6164bbe1,8a295d32-46dd-43a8-8a9d-b3713251bf1f,C_D-2-common,certified_universities,47e8621f-2ed8-48fe-b405-fbccc3abdbf6,,a7636111-8179-412a-a9c7-36abf86a2c04,,2026-03-01,2030-02-28,NONE,,SKIP,BLOCKED,D-2는 plan step 8에 따라 Lookup/Rule 구조를 유지하고 공통 마스터 이관 대상이 아님 — 연결만 별도 검증,,
2e169da7-43e1-4cc0-bf15-7d524dc8caa0,8a295d32-46dd-43a8-8a9d-b3713251bf1f,C_D-2-common,certified_universities,28ce7966-467a-4fc4-9634-5b6cf475cc6e,,a7636111-8179-412a-a9c7-36abf86a2c04,,2026-03-01,2030-02-28,NONE,,SKIP,BLOCKED,D-2는 plan step 8에 따라 Lookup/Rule 구조를 유지하고 공통 마스터 이관 대상이 아님 — 연결만 별도 검증,,
21b113d7-815a-4903-bd40-5b53213128b4,8a295d32-46dd-43a8-8a9d-b3713251bf1f,C_D-2-common,gwangyeok_eligible_departments,ff9fbee7-f94c-4a86-96dd-ef9458b70666,,06b66855-95c2-4806-af13-a63fe1522a22,7-8,2025-06-01,2026-12-31,NONE,,SKIP,BLOCKED,D-2는 plan step 8에 따라 Lookup/Rule 구조를 유지하고 공통 마스터 이관 대상이 아님 — 연결만 별도 검증,,
e91684f4-50d1-468c-88eb-e5a6d3024ff4,8a295d32-46dd-43a8-8a9d-b3713251bf1f,C_D-2-common,gwangyeok_eligible_departments,dfc62e5e-22b2-4471-89b6-559d96ab7cbf,,06b66855-95c2-4806-af13-a63fe1522a22,7-8,2025-06-01,2026-12-31,NONE,,SKIP,BLOCKED,D-2는 plan step 8에 따라 Lookup/Rule 구조를 유지하고 공통 마스터 이관 대상이 아님 — 연결만 별도 검증,,
bdb51d30-5848-4c3d-95a5-57e12c2fd961,8a295d32-46dd-43a8-8a9d-b3713251bf1f,C_D-2-common,gwangyeok_eligible_departments,d88b6105-f0bb-4582-a8b7-cfd6c3d735dd,,06b66855-95c2-4806-af13-a63fe1522a22,7-8,2025-06-01,2026-12-31,NONE,,SKIP,BLOCKED,D-2는 plan step 8에 따라 Lookup/Rule 구조를 유지하고 공통 마스터 이관 대상이 아님 — 연결만 별도 검증,,
f4eab1e2-cfc4-4424-8f21-02834167d4f1,8a295d32-46dd-43a8-8a9d-b3713251bf1f,C_D-2-common,gwangyeok_eligible_departments,563e3c5e-bd55-436e-a2fb-10eb09b76a1a,,06b66855-95c2-4806-af13-a63fe1522a22,7-8,2025-06-01,2026-12-31,NONE,,SKIP,BLOCKED,D-2는 plan step 8에 따라 Lookup/Rule 구조를 유지하고 공통 마스터 이관 대상이 아님 — 연결만 별도 검증,,
161c6431-54e4-401d-a14f-1f5bfa775735,8a295d32-46dd-43a8-8a9d-b3713251bf1f,C_D-2-common,gwangyeok_eligible_departments,d3d5152c-ae16-4bae-833b-0163909f4d48,,06b66855-95c2-4806-af13-a63fe1522a22,7-8,2025-06-01,2026-12-31,NONE,,SKIP,BLOCKED,D-2는 plan step 8에 따라 Lookup/Rule 구조를 유지하고 공통 마스터 이관 대상이 아님 — 연결만 별도 검증,,
05c056f4-df99-4fce-a774-93dd911b7ed5,8a295d32-46dd-43a8-8a9d-b3713251bf1f,C_D-2-common,gwangyeok_eligible_departments,b5113960-faa8-480f-8554-134b5b2f395f,,06b66855-95c2-4806-af13-a63fe1522a22,7-8,2025-06-01,2026-12-31,NONE,,SKIP,BLOCKED,D-2는 plan step 8에 따라 Lookup/Rule 구조를 유지하고 공통 마스터 이관 대상이 아님 — 연결만 별도 검증,,
c3aa1862-9d11-47d9-a0f5-f2477616e38d,8a295d32-46dd-43a8-8a9d-b3713251bf1f,C_D-2-common,gwangyeok_eligible_departments,d3eb87bf-05f9-4ee0-95d6-0db6d69f03aa,,06b66855-95c2-4806-af13-a63fe1522a22,7-8,2025-06-01,2026-12-31,NONE,,SKIP,BLOCKED,D-2는 plan step 8에 따라 Lookup/Rule 구조를 유지하고 공통 마스터 이관 대상이 아님 — 연결만 별도 검증,,
3f400d03-6fbb-462a-8518-ce013a9b2bc9,8a295d32-46dd-43a8-8a9d-b3713251bf1f,C_D-2-common,gwangyeok_eligible_departments,cdcafad8-bfc3-4c8b-89de-9291ef8a5d93,,06b66855-95c2-4806-af13-a63fe1522a22,7-8,2025-06-01,2026-12-31,NONE,,SKIP,BLOCKED,D-2는 plan step 8에 따라 Lookup/Rule 구조를 유지하고 공통 마스터 이관 대상이 아님 — 연결만 별도 검증,,
4d4a67f5-ca18-49a4-b284-8a2deedc6d63,8a295d32-46dd-43a8-8a9d-b3713251bf1f,C_D-2-common,gwangyeok_eligible_departments,f07ffb99-4d23-471f-9435-f4190cd39ae9,,06b66855-95c2-4806-af13-a63fe1522a22,7-8,2025-06-01,2026-12-31,NONE,,SKIP,BLOCKED,D-2는 plan step 8에 따라 Lookup/Rule 구조를 유지하고 공통 마스터 이관 대상이 아님 — 연결만 별도 검증,,
a13ac368-3542-4842-96be-947703cc5f72,8a295d32-46dd-43a8-8a9d-b3713251bf1f,C_D-2-common,gwangyeok_eligible_departments,4601aa04-d490-47fb-80bd-f7b95fa1a9b8,,06b66855-95c2-4806-af13-a63fe1522a22,7-8,2025-06-01,2026-12-31,NONE,,SKIP,BLOCKED,D-2는 plan step 8에 따라 Lookup/Rule 구조를 유지하고 공통 마스터 이관 대상이 아님 — 연결만 별도 검증,,
82ea8702-7cc4-4194-9f49-f174bd602aa5,8a295d32-46dd-43a8-8a9d-b3713251bf1f,C_D-2-common,gwangyeok_eligible_departments,bd14af80-2848-4b1d-8ad6-d2023078015e,,06b66855-95c2-4806-af13-a63fe1522a22,7-8,2025-06-01,2026-12-31,NONE,,SKIP,BLOCKED,D-2는 plan step 8에 따라 Lookup/Rule 구조를 유지하고 공통 마스터 이관 대상이 아님 — 연결만 별도 검증,,
6a9fac6e-f542-4858-bcd6-230a20beb315,8a295d32-46dd-43a8-8a9d-b3713251bf1f,C_D-2-common,gwangyeok_eligible_departments,7256eb68-f337-4ebe-b1be-a90cd29448be,,06b66855-95c2-4806-af13-a63fe1522a22,7-8,2025-06-01,2026-12-31,NONE,,SKIP,BLOCKED,D-2는 plan step 8에 따라 Lookup/Rule 구조를 유지하고 공통 마스터 이관 대상이 아님 — 연결만 별도 검증,,
9df6dd42-6d7b-423d-818e-d6735b505cdb,8a295d32-46dd-43a8-8a9d-b3713251bf1f,C_D-2-common,gwangyeok_eligible_departments,db6f5e14-6da7-4c58-b591-6a3168da19da,,06b66855-95c2-4806-af13-a63fe1522a22,7-8,2025-06-01,2026-12-31,NONE,,SKIP,BLOCKED,D-2는 plan step 8에 따라 Lookup/Rule 구조를 유지하고 공통 마스터 이관 대상이 아님 — 연결만 별도 검증,,
94a6c17a-0b06-4b79-bae0-f23271f5252a,8a295d32-46dd-43a8-8a9d-b3713251bf1f,C_D-2-common,gwangyeok_eligible_departments,e113a54b-65d7-4723-bbb3-d7dbccb613ae,,06b66855-95c2-4806-af13-a63fe1522a22,7-8,2025-06-01,2026-12-31,NONE,,SKIP,BLOCKED,D-2는 plan step 8에 따라 Lookup/Rule 구조를 유지하고 공통 마스터 이관 대상이 아님 — 연결만 별도 검증,,
e747d557-e15f-4243-a55f-b96a96a48c63,8a295d32-46dd-43a8-8a9d-b3713251bf1f,C_D-2-common,gwangyeok_eligible_departments,3a86ece4-6440-430f-8c94-a5cecb26d89a,,06b66855-95c2-4806-af13-a63fe1522a22,7-8,2025-06-01,2026-12-31,NONE,,SKIP,BLOCKED,D-2는 plan step 8에 따라 Lookup/Rule 구조를 유지하고 공통 마스터 이관 대상이 아님 — 연결만 별도 검증,,
a99d579f-c72d-4cb3-a9ea-2ee5186745f3,8a295d32-46dd-43a8-8a9d-b3713251bf1f,C_D-2-common,gwangyeok_eligible_departments,0ac7fe86-b9d2-4701-837b-82d707cd2ec1,,06b66855-95c2-4806-af13-a63fe1522a22,7-8,2025-06-01,2026-12-31,NONE,,SKIP,BLOCKED,D-2는 plan step 8에 따라 Lookup/Rule 구조를 유지하고 공통 마스터 이관 대상이 아님 — 연결만 별도 검증,,
4a7a8dc5-fb74-43c1-b222-dd195b1bde4b,8a295d32-46dd-43a8-8a9d-b3713251bf1f,C_D-2-common,gwangyeok_eligible_departments,dae6f66e-80ae-462d-ba45-4e6644b8d1f6,,06b66855-95c2-4806-af13-a63fe1522a22,7-8,2025-06-01,2026-12-31,NONE,,SKIP,BLOCKED,D-2는 plan step 8에 따라 Lookup/Rule 구조를 유지하고 공통 마스터 이관 대상이 아님 — 연결만 별도 검증,,
e3eae426-a798-442f-9b60-fdf7e49fee50,8a295d32-46dd-43a8-8a9d-b3713251bf1f,C_D-2-common,gwangyeok_eligible_departments,b3b82750-3b80-4483-802c-6e0e11432505,,06b66855-95c2-4806-af13-a63fe1522a22,7-8,2025-06-01,2026-12-31,NONE,,SKIP,BLOCKED,D-2는 plan step 8에 따라 Lookup/Rule 구조를 유지하고 공통 마스터 이관 대상이 아님 — 연결만 별도 검증,,
2a092d20-32ad-4568-b8be-31d4cf355f85,8a295d32-46dd-43a8-8a9d-b3713251bf1f,C_D-2-common,gwangyeok_eligible_departments,39cb431c-2016-4903-a174-8ac3bdf0b133,,06b66855-95c2-4806-af13-a63fe1522a22,7-8,2025-06-01,2026-12-31,NONE,,SKIP,BLOCKED,D-2는 plan step 8에 따라 Lookup/Rule 구조를 유지하고 공통 마스터 이관 대상이 아님 — 연결만 별도 검증,,
b272b500-64f0-4e75-9318-3821e11ae4f0,8a295d32-46dd-43a8-8a9d-b3713251bf1f,C_D-2-common,gwangyeok_eligible_departments,f8cdaaed-b48b-46d1-954e-a3d0e3ca64f8,,06b66855-95c2-4806-af13-a63fe1522a22,7-8,2025-06-01,2026-12-31,NONE,,SKIP,BLOCKED,D-2는 plan step 8에 따라 Lookup/Rule 구조를 유지하고 공통 마스터 이관 대상이 아님 — 연결만 별도 검증,,
4f688348-b85d-42fe-b3d5-c5a60415a3f0,8a295d32-46dd-43a8-8a9d-b3713251bf1f,C_D-2-common,gwangyeok_eligible_departments,0031a8be-9eb5-4ff1-858d-5f9c670c270f,,06b66855-95c2-4806-af13-a63fe1522a22,7-8,2025-06-01,2026-12-31,NONE,,SKIP,BLOCKED,D-2는 plan step 8에 따라 Lookup/Rule 구조를 유지하고 공통 마스터 이관 대상이 아님 — 연결만 별도 검증,,
1c35ca38-f917-4689-a979-25749b66c190,8a295d32-46dd-43a8-8a9d-b3713251bf1f,C_D-2-common,gwangyeok_eligible_departments,3b3fcf05-7b8a-4c3f-bf3c-b36223410c10,,06b66855-95c2-4806-af13-a63fe1522a22,7-8,2025-06-01,2026-12-31,NONE,,SKIP,BLOCKED,D-2는 plan step 8에 따라 Lookup/Rule 구조를 유지하고 공통 마스터 이관 대상이 아님 — 연결만 별도 검증,,
e0f40d71-4800-4e34-8282-9031b0d42192,8a295d32-46dd-43a8-8a9d-b3713251bf1f,C_D-2-common,gwangyeok_eligible_departments,78f06087-088f-46ee-acc8-0311cb85a16b,,06b66855-95c2-4806-af13-a63fe1522a22,7-8,2025-06-01,2026-12-31,NONE,,SKIP,BLOCKED,D-2는 plan step 8에 따라 Lookup/Rule 구조를 유지하고 공통 마스터 이관 대상이 아님 — 연결만 별도 검증,,
4177641f-4843-4ba1-8a04-4a667bf9f1c1,8a295d32-46dd-43a8-8a9d-b3713251bf1f,C_D-2-common,gwangyeok_eligible_departments,b0ed0264-84bd-4902-ab2f-36a88825e742,,06b66855-95c2-4806-af13-a63fe1522a22,7-8,2025-06-01,2026-12-31,NONE,,SKIP,BLOCKED,D-2는 plan step 8에 따라 Lookup/Rule 구조를 유지하고 공통 마스터 이관 대상이 아님 — 연결만 별도 검증,,
7b9e6ed5-9c51-4e95-a640-de7457327547,8a295d32-46dd-43a8-8a9d-b3713251bf1f,C_D-2-common,gwangyeok_eligible_departments,b0a97f81-71c3-4206-ac4e-c7d6f88cd57a,,06b66855-95c2-4806-af13-a63fe1522a22,7-8,2025-06-01,2026-12-31,NONE,,SKIP,BLOCKED,D-2는 plan step 8에 따라 Lookup/Rule 구조를 유지하고 공통 마스터 이관 대상이 아님 — 연결만 별도 검증,,
aa9cda50-33cf-42dd-8878-79ada4e0d57c,8a295d32-46dd-43a8-8a9d-b3713251bf1f,C_D-2-common,gwangyeok_eligible_departments,c8945c9b-0704-4689-b9e1-0b2555dc40bc,,06b66855-95c2-4806-af13-a63fe1522a22,7-8,2025-06-01,2026-12-31,NONE,,SKIP,BLOCKED,D-2는 plan step 8에 따라 Lookup/Rule 구조를 유지하고 공통 마스터 이관 대상이 아님 — 연결만 별도 검증,,
8f4b66aa-1250-4dc1-b739-589072341cc0,8a295d32-46dd-43a8-8a9d-b3713251bf1f,C_D-2-common,gwangyeok_eligible_departments,5efc50ba-4046-47a8-acfd-19f4f35aa3e1,,06b66855-95c2-4806-af13-a63fe1522a22,7-8,2025-06-01,2026-12-31,NONE,,SKIP,BLOCKED,D-2는 plan step 8에 따라 Lookup/Rule 구조를 유지하고 공통 마스터 이관 대상이 아님 — 연결만 별도 검증,,
c8f77b9b-1e84-470c-9ad9-991c9b080d14,8a295d32-46dd-43a8-8a9d-b3713251bf1f,C_D-2-common,gwangyeok_eligible_departments,31d2b78f-0927-49b0-ae8c-25679d44c89b,,06b66855-95c2-4806-af13-a63fe1522a22,7-8,2025-06-01,2026-12-31,NONE,,SKIP,BLOCKED,D-2는 plan step 8에 따라 Lookup/Rule 구조를 유지하고 공통 마스터 이관 대상이 아님 — 연결만 별도 검증,,
e3d1662b-8fe0-48d9-98dd-901ed09100ac,8a295d32-46dd-43a8-8a9d-b3713251bf1f,C_D-2-common,gwangyeok_eligible_departments,e66041b8-4cb3-4c63-96bf-d345a283e534,,06b66855-95c2-4806-af13-a63fe1522a22,7-8,2025-06-01,2026-12-31,NONE,,SKIP,BLOCKED,D-2는 plan step 8에 따라 Lookup/Rule 구조를 유지하고 공통 마스터 이관 대상이 아님 — 연결만 별도 검증,,
654ed4aa-dec1-426f-8306-ac6ba6a3afef,8a295d32-46dd-43a8-8a9d-b3713251bf1f,C_D-2-common,gwangyeok_eligible_departments,62c7482b-49b6-4c32-9e79-8dceaca23903,,06b66855-95c2-4806-af13-a63fe1522a22,7-8,2025-06-01,2026-12-31,NONE,,SKIP,BLOCKED,D-2는 plan step 8에 따라 Lookup/Rule 구조를 유지하고 공통 마스터 이관 대상이 아님 — 연결만 별도 검증,,
69c65f6a-d0c6-4c8d-9d8f-f5be72c202b0,8a295d32-46dd-43a8-8a9d-b3713251bf1f,C_D-2-common,gwangyeok_eligible_departments,1103c3f0-9b2d-4e47-bae1-edc0e2d169ef,,06b66855-95c2-4806-af13-a63fe1522a22,7-8,2025-06-01,2026-12-31,NONE,,SKIP,BLOCKED,D-2는 plan step 8에 따라 Lookup/Rule 구조를 유지하고 공통 마스터 이관 대상이 아님 — 연결만 별도 검증,,
7e735b7d-941d-4ae4-a1e3-5571331c7191,8a295d32-46dd-43a8-8a9d-b3713251bf1f,C_D-2-common,gwangyeok_eligible_departments,51a55da2-df00-43b0-87d1-1de09efa8be0,,06b66855-95c2-4806-af13-a63fe1522a22,7-8,2025-06-01,2026-12-31,NONE,,SKIP,BLOCKED,D-2는 plan step 8에 따라 Lookup/Rule 구조를 유지하고 공통 마스터 이관 대상이 아님 — 연결만 별도 검증,,
0d1f72b6-eaa3-414d-8093-ed754f9a2473,8a295d32-46dd-43a8-8a9d-b3713251bf1f,C_D-2-common,gwangyeok_eligible_departments,da443885-f885-4f9a-8c88-193ee2180dea,,06b66855-95c2-4806-af13-a63fe1522a22,7-8,2025-06-01,2026-12-31,NONE,,SKIP,BLOCKED,D-2는 plan step 8에 따라 Lookup/Rule 구조를 유지하고 공통 마스터 이관 대상이 아님 — 연결만 별도 검증,,
21833f3c-1187-4f93-b915-f293f03b75ec,8a295d32-46dd-43a8-8a9d-b3713251bf1f,C_D-2-common,gwangyeok_eligible_departments,ef8301d7-dc9f-4bf7-8ff9-ebf54330fd82,,06b66855-95c2-4806-af13-a63fe1522a22,7-8,2025-06-01,2026-12-31,NONE,,SKIP,BLOCKED,D-2는 plan step 8에 따라 Lookup/Rule 구조를 유지하고 공통 마스터 이관 대상이 아님 — 연결만 별도 검증,,
e93dbd21-857e-459a-a977-6b08c2960892,8a295d32-46dd-43a8-8a9d-b3713251bf1f,C_D-2-common,gwangyeok_eligible_departments,962f4423-2358-4df3-af16-6d280b01b4e1,,06b66855-95c2-4806-af13-a63fe1522a22,7-8,2025-06-01,2026-12-31,NONE,,SKIP,BLOCKED,D-2는 plan step 8에 따라 Lookup/Rule 구조를 유지하고 공통 마스터 이관 대상이 아님 — 연결만 별도 검증,,
d3873a3a-5ea8-4043-97a4-f25fbb1164b9,8a295d32-46dd-43a8-8a9d-b3713251bf1f,C_D-2-common,gwangyeok_eligible_departments,a724ae78-941f-43dc-a235-3a08712a1b96,,06b66855-95c2-4806-af13-a63fe1522a22,7-8,2025-06-01,2026-12-31,NONE,,SKIP,BLOCKED,D-2는 plan step 8에 따라 Lookup/Rule 구조를 유지하고 공통 마스터 이관 대상이 아님 — 연결만 별도 검증,,
760dd7cf-972e-481d-b51d-5a873a1aca86,8a295d32-46dd-43a8-8a9d-b3713251bf1f,C_D-2-common,gwangyeok_eligible_departments,0cea12d5-e104-4661-a132-4785c21574fe,,06b66855-95c2-4806-af13-a63fe1522a22,7-8,2025-06-01,2026-12-31,NONE,,SKIP,BLOCKED,D-2는 plan step 8에 따라 Lookup/Rule 구조를 유지하고 공통 마스터 이관 대상이 아님 — 연결만 별도 검증,,
f068688e-edfa-4584-bbb7-7ee42851ff62,8a295d32-46dd-43a8-8a9d-b3713251bf1f,C_D-2-common,gwangyeok_eligible_departments,5b129b9d-edeb-4c6f-b341-8c1cc0c1dc20,,06b66855-95c2-4806-af13-a63fe1522a22,7-8,2025-06-01,2026-12-31,NONE,,SKIP,BLOCKED,D-2는 plan step 8에 따라 Lookup/Rule 구조를 유지하고 공통 마스터 이관 대상이 아님 — 연결만 별도 검증,,
88ddeafe-aaac-4523-afa7-993d1f6f47b1,8a295d32-46dd-43a8-8a9d-b3713251bf1f,C_D-2-common,gwangyeok_eligible_departments,ff899516-052c-43e8-8524-fc065d4fe2f1,,06b66855-95c2-4806-af13-a63fe1522a22,7-8,2025-06-01,2026-12-31,NONE,,SKIP,BLOCKED,D-2는 plan step 8에 따라 Lookup/Rule 구조를 유지하고 공통 마스터 이관 대상이 아님 — 연결만 별도 검증,,
26645023-e014-4c04-afdc-c4b5427dfc24,8a295d32-46dd-43a8-8a9d-b3713251bf1f,C_D-2-common,gwangyeok_eligible_departments,34f970c7-b0c5-44b1-a26e-eaa38c4ba18d,,06b66855-95c2-4806-af13-a63fe1522a22,7-8,2025-06-01,2026-12-31,NONE,,SKIP,BLOCKED,D-2는 plan step 8에 따라 Lookup/Rule 구조를 유지하고 공통 마스터 이관 대상이 아님 — 연결만 별도 검증,,
bf8810a9-e476-4b23-beae-5f5bba78d019,8a295d32-46dd-43a8-8a9d-b3713251bf1f,C_D-2-common,gwangyeok_eligible_departments,15312cef-979d-4bb0-8ae0-23d44e27ec0d,,06b66855-95c2-4806-af13-a63fe1522a22,7-8,2025-06-01,2026-12-31,NONE,,SKIP,BLOCKED,D-2는 plan step 8에 따라 Lookup/Rule 구조를 유지하고 공통 마스터 이관 대상이 아님 — 연결만 별도 검증,,
619109d8-642e-4c26-bb67-5417abc12ddf,8a295d32-46dd-43a8-8a9d-b3713251bf1f,C_D-2-common,gwangyeok_eligible_departments,a774f78b-2ff9-432d-ae56-5d308c730ffc,,06b66855-95c2-4806-af13-a63fe1522a22,7-8,2025-06-01,2026-12-31,NONE,,SKIP,BLOCKED,D-2는 plan step 8에 따라 Lookup/Rule 구조를 유지하고 공통 마스터 이관 대상이 아님 — 연결만 별도 검증,,
feb48230-e8b4-45bf-9d36-4f77f641a612,8a295d32-46dd-43a8-8a9d-b3713251bf1f,C_D-2-common,gwangyeok_eligible_departments,46ac626b-2fd3-4d41-9bb6-366fef076011,,06b66855-95c2-4806-af13-a63fe1522a22,7-8,2025-06-01,2026-12-31,NONE,,SKIP,BLOCKED,D-2는 plan step 8에 따라 Lookup/Rule 구조를 유지하고 공통 마스터 이관 대상이 아님 — 연결만 별도 검증,,
8950f877-3dd0-4e53-8c1c-1b37a8ac9fda,8a295d32-46dd-43a8-8a9d-b3713251bf1f,C_D-2-common,gwangyeok_eligible_departments,de642739-3f6f-4a50-992f-dcba53206263,,06b66855-95c2-4806-af13-a63fe1522a22,7-8,2025-06-01,2026-12-31,NONE,,SKIP,BLOCKED,D-2는 plan step 8에 따라 Lookup/Rule 구조를 유지하고 공통 마스터 이관 대상이 아님 — 연결만 별도 검증,,
734ad49d-8b74-4b49-ae15-2559d23da474,8a295d32-46dd-43a8-8a9d-b3713251bf1f,C_D-2-common,gwangyeok_eligible_departments,cf440cd0-05ce-48fd-9edd-4eee6be0bda4,,06b66855-95c2-4806-af13-a63fe1522a22,7-8,2025-06-01,2026-12-31,NONE,,SKIP,BLOCKED,D-2는 plan step 8에 따라 Lookup/Rule 구조를 유지하고 공통 마스터 이관 대상이 아님 — 연결만 별도 검증,,
9955c6a5-41ba-4ed3-a4c1-8d91dd201617,8a295d32-46dd-43a8-8a9d-b3713251bf1f,C_D-2-common,gwangyeok_eligible_departments,4f1d5f42-b3e9-4839-a61a-01588250a4dd,,06b66855-95c2-4806-af13-a63fe1522a22,7-8,2025-06-01,2026-12-31,NONE,,SKIP,BLOCKED,D-2는 plan step 8에 따라 Lookup/Rule 구조를 유지하고 공통 마스터 이관 대상이 아님 — 연결만 별도 검증,,
07f3e571-e572-48ed-9d0a-6e4e1d639233,8a295d32-46dd-43a8-8a9d-b3713251bf1f,C_D-2-common,gwangyeok_eligible_departments,380241e9-f1cc-4995-b818-6ae231436be8,,06b66855-95c2-4806-af13-a63fe1522a22,7-8,2025-06-01,2026-12-31,NONE,,SKIP,BLOCKED,D-2는 plan step 8에 따라 Lookup/Rule 구조를 유지하고 공통 마스터 이관 대상이 아님 — 연결만 별도 검증,,
e4002cf1-90cf-41d0-a0b0-825f7e2ee9a3,8a295d32-46dd-43a8-8a9d-b3713251bf1f,C_D-2-common,gwangyeok_eligible_departments,f58aba0d-ee34-4c66-9c10-a27ed2e42c9e,,06b66855-95c2-4806-af13-a63fe1522a22,7-8,2025-06-01,2026-12-31,NONE,,SKIP,BLOCKED,D-2는 plan step 8에 따라 Lookup/Rule 구조를 유지하고 공통 마스터 이관 대상이 아님 — 연결만 별도 검증,,
36926531-7947-4a2b-a6fa-76f81420e33b,8a295d32-46dd-43a8-8a9d-b3713251bf1f,C_D-2-common,gwangyeok_eligible_departments,acea504d-2da7-4b5e-b469-56af0a842780,,06b66855-95c2-4806-af13-a63fe1522a22,7-8,2025-06-01,2026-12-31,NONE,,SKIP,BLOCKED,D-2는 plan step 8에 따라 Lookup/Rule 구조를 유지하고 공통 마스터 이관 대상이 아님 — 연결만 별도 검증,,
8c8a8963-a5cf-4939-a4bc-3e2a18c5caec,8a295d32-46dd-43a8-8a9d-b3713251bf1f,C_D-2-common,gwangyeok_eligible_departments,1d1f739f-a23b-483c-878a-7c4c6eebda86,,06b66855-95c2-4806-af13-a63fe1522a22,7-8,2025-06-01,2026-12-31,NONE,,SKIP,BLOCKED,D-2는 plan step 8에 따라 Lookup/Rule 구조를 유지하고 공통 마스터 이관 대상이 아님 — 연결만 별도 검증,,
56fc9909-eecc-4e67-b1fc-877397bae052,8a295d32-46dd-43a8-8a9d-b3713251bf1f,C_D-2-common,gwangyeok_eligible_departments,85a1f4ab-95f1-4694-bcd3-d87bf33624f2,,06b66855-95c2-4806-af13-a63fe1522a22,7-8,2025-06-01,2026-12-31,NONE,,SKIP,BLOCKED,D-2는 plan step 8에 따라 Lookup/Rule 구조를 유지하고 공통 마스터 이관 대상이 아님 — 연결만 별도 검증,,
d6382421-68b2-46af-a57f-ba5b4c882150,8a295d32-46dd-43a8-8a9d-b3713251bf1f,C_D-2-common,gwangyeok_eligible_departments,30d434bd-210e-4ee5-aed5-9112b6f27c02,,06b66855-95c2-4806-af13-a63fe1522a22,7-8,2025-06-01,2026-12-31,NONE,,SKIP,BLOCKED,D-2는 plan step 8에 따라 Lookup/Rule 구조를 유지하고 공통 마스터 이관 대상이 아님 — 연결만 별도 검증,,
d00ae371-61f6-4d4b-9804-644ba8ca597c,8a295d32-46dd-43a8-8a9d-b3713251bf1f,C_D-2-common,gwangyeok_eligible_departments,45cc122e-78c9-44fd-8d75-ec31bf17f1c9,,06b66855-95c2-4806-af13-a63fe1522a22,7-8,2025-06-01,2026-12-31,NONE,,SKIP,BLOCKED,D-2는 plan step 8에 따라 Lookup/Rule 구조를 유지하고 공통 마스터 이관 대상이 아님 — 연결만 별도 검증,,
04146032-a5b1-4455-80f3-ae4aa10c62a4,8a295d32-46dd-43a8-8a9d-b3713251bf1f,C_D-2-common,gwangyeok_eligible_departments,cdd42e06-1b9d-4145-80f3-3cb392d99528,,06b66855-95c2-4806-af13-a63fe1522a22,7-8,2025-06-01,2026-12-31,NONE,,SKIP,BLOCKED,D-2는 plan step 8에 따라 Lookup/Rule 구조를 유지하고 공통 마스터 이관 대상이 아님 — 연결만 별도 검증,,
13ce93a8-1b76-45af-bc38-1261b360f42d,8a295d32-46dd-43a8-8a9d-b3713251bf1f,C_D-2-common,gwangyeok_eligible_departments,3c9c26d4-13a2-4255-a3e0-51164260c232,,06b66855-95c2-4806-af13-a63fe1522a22,7-8,2025-06-01,2026-12-31,NONE,,SKIP,BLOCKED,D-2는 plan step 8에 따라 Lookup/Rule 구조를 유지하고 공통 마스터 이관 대상이 아님 — 연결만 별도 검증,,
a0e578cd-ffc1-4fe0-951c-dd81f2349e0f,8a295d32-46dd-43a8-8a9d-b3713251bf1f,C_D-2-common,gwangyeok_eligible_departments,bd5fd061-3dfa-4b67-bd57-58496bc9eaf7,,06b66855-95c2-4806-af13-a63fe1522a22,7-8,2025-06-01,2026-12-31,NONE,,SKIP,BLOCKED,D-2는 plan step 8에 따라 Lookup/Rule 구조를 유지하고 공통 마스터 이관 대상이 아님 — 연결만 별도 검증,,
119d8064-01f5-482e-b8b0-8ec5e13b7540,8a295d32-46dd-43a8-8a9d-b3713251bf1f,C_D-2-common,gwangyeok_eligible_departments,317bb29d-67ad-4508-be7a-899f5ba04c31,,06b66855-95c2-4806-af13-a63fe1522a22,7-8,2025-06-01,2026-12-31,NONE,,SKIP,BLOCKED,D-2는 plan step 8에 따라 Lookup/Rule 구조를 유지하고 공통 마스터 이관 대상이 아님 — 연결만 별도 검증,,
acb20e45-0bd9-48a9-90d1-0ca38658004c,8a295d32-46dd-43a8-8a9d-b3713251bf1f,C_D-2-common,gwangyeok_eligible_departments,fcb20d62-daab-46bb-b228-f00536a32c4f,,06b66855-95c2-4806-af13-a63fe1522a22,7-8,2025-06-01,2026-12-31,NONE,,SKIP,BLOCKED,D-2는 plan step 8에 따라 Lookup/Rule 구조를 유지하고 공통 마스터 이관 대상이 아님 — 연결만 별도 검증,,
2234ef99-9a1e-4c21-af97-289ef87be937,8a295d32-46dd-43a8-8a9d-b3713251bf1f,C_D-2-common,gwangyeok_eligible_departments,1ac0ed52-f293-45d1-b94d-5826ed423b49,,06b66855-95c2-4806-af13-a63fe1522a22,7-8,2025-06-01,2026-12-31,NONE,,SKIP,BLOCKED,D-2는 plan step 8에 따라 Lookup/Rule 구조를 유지하고 공통 마스터 이관 대상이 아님 — 연결만 별도 검증,,
0a5bf3d9-088f-49b2-bed9-2e0fdbc8d87a,8a295d32-46dd-43a8-8a9d-b3713251bf1f,C_D-2-common,gwangyeok_eligible_departments,47bd176e-af5f-464a-b48d-865399da0d8d,,06b66855-95c2-4806-af13-a63fe1522a22,7-8,2025-06-01,2026-12-31,NONE,,SKIP,BLOCKED,D-2는 plan step 8에 따라 Lookup/Rule 구조를 유지하고 공통 마스터 이관 대상이 아님 — 연결만 별도 검증,,
46123ef7-359c-4576-80ee-c07d89296d98,8a295d32-46dd-43a8-8a9d-b3713251bf1f,C_D-2-common,gwangyeok_eligible_departments,bcbbf300-d8f4-4d39-a1d3-7e753ff37a57,,06b66855-95c2-4806-af13-a63fe1522a22,7-8,2025-06-01,2026-12-31,NONE,,SKIP,BLOCKED,D-2는 plan step 8에 따라 Lookup/Rule 구조를 유지하고 공통 마스터 이관 대상이 아님 — 연결만 별도 검증,,
f2237b00-b903-4d56-bed9-4f1e2f1bcdda,8a295d32-46dd-43a8-8a9d-b3713251bf1f,C_D-2-common,gwangyeok_eligible_departments,5ecce421-4075-442d-973b-a3057066b898,,06b66855-95c2-4806-af13-a63fe1522a22,7-8,2025-06-01,2026-12-31,NONE,,SKIP,BLOCKED,D-2는 plan step 8에 따라 Lookup/Rule 구조를 유지하고 공통 마스터 이관 대상이 아님 — 연결만 별도 검증,,
d486c51b-f8e5-4d20-b68a-394f048a9314,8a295d32-46dd-43a8-8a9d-b3713251bf1f,C_D-2-common,gwangyeok_eligible_departments,d36aa4f4-acc9-42c7-b18f-067438b63561,,06b66855-95c2-4806-af13-a63fe1522a22,7-8,2025-06-01,2026-12-31,NONE,,SKIP,BLOCKED,D-2는 plan step 8에 따라 Lookup/Rule 구조를 유지하고 공통 마스터 이관 대상이 아님 — 연결만 별도 검증,,
280427af-ae2e-4570-a4f6-2df37099023b,8a295d32-46dd-43a8-8a9d-b3713251bf1f,C_D-2-common,gwangyeok_eligible_departments,b4af3dad-03e8-4eed-9bdb-c26fe05ad80c,,06b66855-95c2-4806-af13-a63fe1522a22,7-8,2025-06-01,2026-12-31,NONE,,SKIP,BLOCKED,D-2는 plan step 8에 따라 Lookup/Rule 구조를 유지하고 공통 마스터 이관 대상이 아님 — 연결만 별도 검증,,
32c0550a-9b73-4789-9812-05952a573932,8a295d32-46dd-43a8-8a9d-b3713251bf1f,C_D-2-common,gwangyeok_eligible_departments,2775e9fd-3754-4968-90c4-ecbd638deb89,,06b66855-95c2-4806-af13-a63fe1522a22,7-8,2025-06-01,2026-12-31,NONE,,SKIP,BLOCKED,D-2는 plan step 8에 따라 Lookup/Rule 구조를 유지하고 공통 마스터 이관 대상이 아님 — 연결만 별도 검증,,
0ea492d6-e85f-41d6-94a9-d458da07eabf,8a295d32-46dd-43a8-8a9d-b3713251bf1f,C_D-2-common,gwangyeok_eligible_departments,b6ffa8f9-51eb-484c-a46e-131b90f2cb55,,06b66855-95c2-4806-af13-a63fe1522a22,7-8,2025-06-01,2026-12-31,NONE,,SKIP,BLOCKED,D-2는 plan step 8에 따라 Lookup/Rule 구조를 유지하고 공통 마스터 이관 대상이 아님 — 연결만 별도 검증,,
479b2a4b-8c32-4d04-8096-7d180663481f,8a295d32-46dd-43a8-8a9d-b3713251bf1f,C_D-2-common,gwangyeok_eligible_departments,0bc14688-4fa4-4fe5-bff1-915e5bca4856,,06b66855-95c2-4806-af13-a63fe1522a22,7-8,2025-06-01,2026-12-31,NONE,,SKIP,BLOCKED,D-2는 plan step 8에 따라 Lookup/Rule 구조를 유지하고 공통 마스터 이관 대상이 아님 — 연결만 별도 검증,,
930e235c-b08f-4db0-8295-833bb844b672,8a295d32-46dd-43a8-8a9d-b3713251bf1f,C_D-2-common,gwangyeok_eligible_departments,611d6e9f-d9ae-402b-b20b-63c2725c2c35,,06b66855-95c2-4806-af13-a63fe1522a22,7-8,2025-06-01,2026-12-31,NONE,,SKIP,BLOCKED,D-2는 plan step 8에 따라 Lookup/Rule 구조를 유지하고 공통 마스터 이관 대상이 아님 — 연결만 별도 검증,,
a03b5c17-2cc4-4fe6-8919-a572d8e4a8c2,8a295d32-46dd-43a8-8a9d-b3713251bf1f,C_D-2-common,gwangyeok_eligible_departments,00f2413a-095b-4716-9ed3-eee4aa31e0cf,,06b66855-95c2-4806-af13-a63fe1522a22,7-8,2025-06-01,2026-12-31,NONE,,SKIP,BLOCKED,D-2는 plan step 8에 따라 Lookup/Rule 구조를 유지하고 공통 마스터 이관 대상이 아님 — 연결만 별도 검증,,
b86fe2e3-f105-4527-a83c-d280a2aa8ba9,8a295d32-46dd-43a8-8a9d-b3713251bf1f,C_D-2-common,gwangyeok_eligible_departments,d8f8d0c5-54c0-4400-b516-a9343fec433f,,06b66855-95c2-4806-af13-a63fe1522a22,7-8,2025-06-01,2026-12-31,NONE,,SKIP,BLOCKED,D-2는 plan step 8에 따라 Lookup/Rule 구조를 유지하고 공통 마스터 이관 대상이 아님 — 연결만 별도 검증,,
19902f5b-012f-47e5-b0f4-62e3ecc209cb,8a295d32-46dd-43a8-8a9d-b3713251bf1f,C_D-2-common,gwangyeok_eligible_departments,46120266-4ab1-4458-a5ca-155a76e59d59,,06b66855-95c2-4806-af13-a63fe1522a22,7-8,2025-06-01,2026-12-31,NONE,,SKIP,BLOCKED,D-2는 plan step 8에 따라 Lookup/Rule 구조를 유지하고 공통 마스터 이관 대상이 아님 — 연결만 별도 검증,,
95c3418d-5b44-455a-8a61-bbc6e03e2df6,346834f7-ac6e-4958-8e0d-8c2b4fb03a7e,B_E-7-4R,scoring_items,SCORE-011,,d3c64f30-9c86-4459-93d5-bfbb02863e5c,3,2026-01-12,2026-09-18,visa_scoring_items,8342bb1c-8fb3-41f9-b1bd-7397f03a9e8f,COPY,MAPPED,,2026-08-24,"PR #43 schema_mapping.csv 원장에 이 SCORE-* 값 자체가 source_record_id로는 등장하지 않음(REQ-034-02 등 다른 REQ-* 매핑 행의 target_record_id로만 참조됐으나, target_record_id는 이 태스크에서 전량 null이라 그 경로로는 source_record_mappings.csv에 SCORE-* 식별자가 남지 않음) — fix round에서 SCORE-* 자체를 source_record_id로 갖는 행을 추가. criterion='평균소득(최근 2년 연간 평균소득)'"
90d04181-f225-4789-abc4-e7a9188d5d4c,346834f7-ac6e-4958-8e0d-8c2b4fb03a7e,B_E-7-4R,scoring_items,SCORE-012,,d3c64f30-9c86-4459-93d5-bfbb02863e5c,3,2026-01-12,2026-09-18,visa_scoring_items,a943a8ad-fc2a-4330-8cb5-19db555733ed,COPY,MAPPED,,2026-08-24,"PR #43 schema_mapping.csv 원장에 이 SCORE-* 값 자체가 source_record_id로는 등장하지 않음(REQ-034-02 등 다른 REQ-* 매핑 행의 target_record_id로만 참조됐으나, target_record_id는 이 태스크에서 전량 null이라 그 경로로는 source_record_mappings.csv에 SCORE-* 식별자가 남지 않음) — fix round에서 SCORE-* 자체를 source_record_id로 갖는 행을 추가. criterion='평균소득(최근 2년 연간 평균소득)'"
73b6244d-eab3-4d91-83e5-b04d8d524a2a,346834f7-ac6e-4958-8e0d-8c2b4fb03a7e,B_E-7-4R,scoring_items,SCORE-013,,d3c64f30-9c86-4459-93d5-bfbb02863e5c,3,2026-01-12,2026-09-18,visa_scoring_items,1eb4aaa9-2582-44be-9ca0-88f40f851e1b,COPY,MAPPED,,2026-08-24,"PR #43 schema_mapping.csv 원장에 이 SCORE-* 값 자체가 source_record_id로는 등장하지 않음(REQ-034-02 등 다른 REQ-* 매핑 행의 target_record_id로만 참조됐으나, target_record_id는 이 태스크에서 전량 null이라 그 경로로는 source_record_mappings.csv에 SCORE-* 식별자가 남지 않음) — fix round에서 SCORE-* 자체를 source_record_id로 갖는 행을 추가. criterion='평균소득(최근 2년 연간 평균소득)'"
4a962a61-e7d3-43b0-bd9c-efc5a4a3b191,346834f7-ac6e-4958-8e0d-8c2b4fb03a7e,B_E-7-4R,scoring_items,SCORE-014,,d3c64f30-9c86-4459-93d5-bfbb02863e5c,3,2026-01-12,2026-09-18,visa_scoring_items,6820a916-d072-4170-b97b-facc164ee28e,COPY,MAPPED,,2026-08-24,"PR #43 schema_mapping.csv 원장에 이 SCORE-* 값 자체가 source_record_id로는 등장하지 않음(REQ-034-02 등 다른 REQ-* 매핑 행의 target_record_id로만 참조됐으나, target_record_id는 이 태스크에서 전량 null이라 그 경로로는 source_record_mappings.csv에 SCORE-* 식별자가 남지 않음) — fix round에서 SCORE-* 자체를 source_record_id로 갖는 행을 추가. criterion='평균소득(최근 2년 연간 평균소득)'"
117ee57b-2eed-4fbc-a007-46304a7f79a8,346834f7-ac6e-4958-8e0d-8c2b4fb03a7e,B_E-7-4R,scoring_items,SCORE-015,,d3c64f30-9c86-4459-93d5-bfbb02863e5c,3,2026-01-12,2026-09-18,visa_scoring_items,00c2aa1b-0dab-405d-96a9-6f95f2565928,COPY,MAPPED,,2026-08-24,"PR #43 schema_mapping.csv 원장에 이 SCORE-* 값 자체가 source_record_id로는 등장하지 않음(REQ-034-02 등 다른 REQ-* 매핑 행의 target_record_id로만 참조됐으나, target_record_id는 이 태스크에서 전량 null이라 그 경로로는 source_record_mappings.csv에 SCORE-* 식별자가 남지 않음) — fix round에서 SCORE-* 자체를 source_record_id로 갖는 행을 추가. criterion='평균소득(최근 2년 연간 평균소득)'"
53d33e7f-72c6-47ed-895a-d8ba6f888ed9,346834f7-ac6e-4958-8e0d-8c2b4fb03a7e,B_E-7-4R,scoring_items,SCORE-016,,d3c64f30-9c86-4459-93d5-bfbb02863e5c,3,2026-01-12,2026-09-18,visa_scoring_items,d8bf2fb6-2083-4717-8b33-4ea41b08c671,COPY,MAPPED,,2026-08-24,"PR #43 schema_mapping.csv 원장에 이 SCORE-* 값 자체가 source_record_id로는 등장하지 않음(REQ-034-02 등 다른 REQ-* 매핑 행의 target_record_id로만 참조됐으나, target_record_id는 이 태스크에서 전량 null이라 그 경로로는 source_record_mappings.csv에 SCORE-* 식별자가 남지 않음) — fix round에서 SCORE-* 자체를 source_record_id로 갖는 행을 추가. criterion='평균소득(최근 2년 연간 평균소득)'"
3d22e4b6-ec66-43b9-a216-87ea81b74911,346834f7-ac6e-4958-8e0d-8c2b4fb03a7e,B_E-7-4R,scoring_items,SCORE-021,,d3c64f30-9c86-4459-93d5-bfbb02863e5c,3,2026-01-12,2026-09-18,visa_scoring_items,e692d638-f4c0-4643-a8a9-fdaa3e1fc499,COPY,MAPPED,,2026-08-24,"PR #43 schema_mapping.csv 원장에 이 SCORE-* 값 자체가 source_record_id로는 등장하지 않음(REQ-034-02 등 다른 REQ-* 매핑 행의 target_record_id로만 참조됐으나, target_record_id는 이 태스크에서 전량 null이라 그 경로로는 source_record_mappings.csv에 SCORE-* 식별자가 남지 않음) — fix round에서 SCORE-* 자체를 source_record_id로 갖는 행을 추가. criterion='한국어능력 - 2급/2단계/41~60점'"
5a7015dd-67ec-451f-86f1-375572d42aaf,346834f7-ac6e-4958-8e0d-8c2b4fb03a7e,B_E-7-4R,scoring_items,SCORE-022,,d3c64f30-9c86-4459-93d5-bfbb02863e5c,3,2026-01-12,2026-09-18,visa_scoring_items,50e64655-572c-436c-a466-1fe6ac9e0f7e,COPY,MAPPED,,2026-08-24,"PR #43 schema_mapping.csv 원장에 이 SCORE-* 값 자체가 source_record_id로는 등장하지 않음(REQ-034-02 등 다른 REQ-* 매핑 행의 target_record_id로만 참조됐으나, target_record_id는 이 태스크에서 전량 null이라 그 경로로는 source_record_mappings.csv에 SCORE-* 식별자가 남지 않음) — fix round에서 SCORE-* 자체를 source_record_id로 갖는 행을 추가. criterion='한국어능력 - 3급/3단계/61~80점'"
70fa82da-52dc-4f90-a8c7-da97f0426f21,346834f7-ac6e-4958-8e0d-8c2b4fb03a7e,B_E-7-4R,scoring_items,SCORE-023,,d3c64f30-9c86-4459-93d5-bfbb02863e5c,3,2026-01-12,2026-09-18,visa_scoring_items,d94a00c3-e7cb-45d8-8f5c-bc32e70c83f6,COPY,MAPPED,,2026-08-24,"PR #43 schema_mapping.csv 원장에 이 SCORE-* 값 자체가 source_record_id로는 등장하지 않음(REQ-034-02 등 다른 REQ-* 매핑 행의 target_record_id로만 참조됐으나, target_record_id는 이 태스크에서 전량 null이라 그 경로로는 source_record_mappings.csv에 SCORE-* 식별자가 남지 않음) — fix round에서 SCORE-* 자체를 source_record_id로 갖는 행을 추가. criterion='한국어능력 - 4급/4단계/81점 이상'"
13faca2a-2f37-48ec-8efc-8548891c96ce,346834f7-ac6e-4958-8e0d-8c2b4fb03a7e,B_E-7-4R,_review_current_requirements,REQ-124,,d3c64f30-9c86-4459-93d5-bfbb02863e5c,10,2026-01-12,2026-09-18,visa_process_stages,ac419d10-617a-4fdf-a160-ceec3259432f,COPY,MAPPED,,2026-08-24,"추천서 발급 신청방법 및 결과안내 | 대상 공통 테이블은 확정했으며, UUID 발급 및 target_record_id 기록 완료."
2873fb1e-aea9-4f49-8932-8637a28f3b2e,346834f7-ac6e-4958-8e0d-8c2b4fb03a7e,B_E-7-4R,_review_current_requirements,REQ-124,,d3c64f30-9c86-4459-93d5-bfbb02863e5c,10,2026-01-12,2026-09-18,visa_process_stages,5b636b06-5984-4191-bdb6-f5b329334329,COPY,MAPPED,,2026-08-24,"추천서 발급 신청방법 및 결과안내 | 대상 공통 테이블은 확정했으며, UUID 발급 및 target_record_id 기록 완료."
0d7785cd-b207-49fc-8698-1526bb317f47,346834f7-ac6e-4958-8e0d-8c2b4fb03a7e,B_E-7-4R,_review_current_requirements,REQ-124,,d3c64f30-9c86-4459-93d5-bfbb02863e5c,10,2026-01-12,2026-09-18,visa_process_stages,e51a4dfb-7caa-422c-bfec-b7e77ea70261,COPY,MAPPED,,2026-08-24,"추천서 발급 신청방법 및 결과안내 | 대상 공통 테이블은 확정했으며, UUID 발급 및 target_record_id 기록 완료."
d69de611-c0d9-4f58-9a80-2609954de1f2,346834f7-ac6e-4958-8e0d-8c2b4fb03a7e,B_E-7-4R,_review_current_requirements,REQ-112,,d3c64f30-9c86-4459-93d5-bfbb02863e5c,9,2026-01-12,2026-09-18,document_requirements,968ec1e7-5981-48cb-b84b-bf3ae3d88b3f,COPY,MAPPED,,2026-08-24,"제출서류 > 필수 서류: 모든 신청자 반드시 제출 | 대상 공통 테이블은 확정했으며, UUID 발급 및 target_record_id 기록 완료."
d680ff70-5e57-40e0-85fd-5f7ffa0a7972,346834f7-ac6e-4958-8e0d-8c2b4fb03a7e,B_E-7-4R,_review_current_requirements,REQ-112,,d3c64f30-9c86-4459-93d5-bfbb02863e5c,9,2026-01-12,2026-09-18,document_requirements,3cebb2b0-1788-4537-8c50-ce15d14d47f7,COPY,MAPPED,,2026-08-24,"제출서류 > 필수 서류: 모든 신청자 반드시 제출 | 대상 공통 테이블은 확정했으며, UUID 발급 및 target_record_id 기록 완료."
65baf644-cd75-4da1-bc84-8b6a60fabc41,346834f7-ac6e-4958-8e0d-8c2b4fb03a7e,B_E-7-4R,_review_current_requirements,REQ-112,,d3c64f30-9c86-4459-93d5-bfbb02863e5c,9,2026-01-12,2026-09-18,document_requirements,00894495-7528-4f58-842b-f72363d685ea,COPY,MAPPED,,2026-08-24,"제출서류 > 필수 서류: 모든 신청자 반드시 제출 | 대상 공통 테이블은 확정했으며, UUID 발급 및 target_record_id 기록 완료."
b5e78696-5372-445a-8e21-01a1d05cbbef,346834f7-ac6e-4958-8e0d-8c2b4fb03a7e,B_E-7-4R,_review_current_requirements,REQ-112,,d3c64f30-9c86-4459-93d5-bfbb02863e5c,9,2026-01-12,2026-09-18,document_requirements,69662887-9ecd-4440-a5ad-7fbc53d25003,COPY,MAPPED,,2026-08-24,"제출서류 > 필수 서류: 모든 신청자 반드시 제출 | 대상 공통 테이블은 확정했으며, UUID 발급 및 target_record_id 기록 완료."
684cc358-efba-483c-a2fa-5490b8669358,346834f7-ac6e-4958-8e0d-8c2b4fb03a7e,B_E-7-4R,_review_current_requirements,REQ-112,,d3c64f30-9c86-4459-93d5-bfbb02863e5c,9,2026-01-12,2026-09-18,document_requirements,620a2aa0-5511-441d-bf44-cf733ba1aae3,COPY,MAPPED,,2026-08-24,"제출서류 > 필수 서류: 모든 신청자 반드시 제출 | 대상 공통 테이블은 확정했으며, UUID 발급 및 target_record_id 기록 완료."
4c983b71-e3b3-4680-a37a-7edfd18504de,346834f7-ac6e-4958-8e0d-8c2b4fb03a7e,B_E-7-4R,_review_current_requirements,REQ-112,,d3c64f30-9c86-4459-93d5-bfbb02863e5c,9,2026-01-12,2026-09-18,document_requirements,cb65fe94-86f8-4aac-8149-c8cbfce3ca3a,COPY,MAPPED,,2026-08-24,"제출서류 > 필수 서류: 모든 신청자 반드시 제출 | 대상 공통 테이블은 확정했으며, UUID 발급 및 target_record_id 기록 완료."
9b0a17ff-37de-47ca-993a-839ed44a2bef,346834f7-ac6e-4958-8e0d-8c2b4fb03a7e,B_E-7-4R,_review_current_requirements,REQ-112,,d3c64f30-9c86-4459-93d5-bfbb02863e5c,9,2026-01-12,2026-09-18,document_requirements,fdf050ba-ff7f-41af-ac0e-26ce8f19066d,COPY,MAPPED,,2026-08-24,"제출서류 > 필수 서류: 모든 신청자 반드시 제출 | 대상 공통 테이블은 확정했으며, UUID 발급 및 target_record_id 기록 완료."
f031246a-f3fa-4326-8721-176f40ec3607,346834f7-ac6e-4958-8e0d-8c2b4fb03a7e,B_E-7-4R,_review_current_requirements,REQ-113,,d3c64f30-9c86-4459-93d5-bfbb02863e5c,9,2026-01-12,2026-09-18,document_requirements,37171b6d-e56b-4568-b347-9140117dd2b9,COPY,MAPPED,,2026-08-24,"제출서류 > 필수 서류: 모든 신청자 반드시 제출 | 대상 공통 테이블은 확정했으며, UUID 발급 및 target_record_id 기록 완료."
247bd59a-f413-45e2-965f-1f94c46f7147,346834f7-ac6e-4958-8e0d-8c2b4fb03a7e,B_E-7-4R,_review_current_requirements,REQ-113,,d3c64f30-9c86-4459-93d5-bfbb02863e5c,9,2026-01-12,2026-09-18,document_requirements,f14db98e-3f4b-4dfa-823d-c7e24af8af6a,COPY,MAPPED,,2026-08-24,"제출서류 > 필수 서류: 모든 신청자 반드시 제출 | 대상 공통 테이블은 확정했으며, UUID 발급 및 target_record_id 기록 완료."
b394b5b7-92f8-49b1-b710-63b413dfeded,346834f7-ac6e-4958-8e0d-8c2b4fb03a7e,B_E-7-4R,_review_current_requirements,REQ-113,,d3c64f30-9c86-4459-93d5-bfbb02863e5c,9,2026-01-12,2026-09-18,document_requirements,14daba75-ac05-4fee-a659-fd6605cbddd6,COPY,MAPPED,,2026-08-24,"제출서류 > 필수 서류: 모든 신청자 반드시 제출 | 대상 공통 테이블은 확정했으며, UUID 발급 및 target_record_id 기록 완료."
6243b245-b4e8-4166-b4e9-a8a444da8dcc,346834f7-ac6e-4958-8e0d-8c2b4fb03a7e,B_E-7-4R,_review_current_requirements,REQ-113,,d3c64f30-9c86-4459-93d5-bfbb02863e5c,9,2026-01-12,2026-09-18,document_requirements,27c0d1dc-d65d-4e1b-b8d9-4b38025106bf,COPY,MAPPED,,2026-08-24,"제출서류 > 필수 서류: 모든 신청자 반드시 제출 | 대상 공통 테이블은 확정했으며, UUID 발급 및 target_record_id 기록 완료."
b69f014a-06af-456b-8909-5398faae4702,346834f7-ac6e-4958-8e0d-8c2b4fb03a7e,B_E-7-4R,_review_current_requirements,REQ-113,,d3c64f30-9c86-4459-93d5-bfbb02863e5c,9,2026-01-12,2026-09-18,document_requirements,a17d8214-cd5e-4bc9-b142-eb2b7d062669,COPY,MAPPED,,2026-08-24,"제출서류 > 필수 서류: 모든 신청자 반드시 제출 | 대상 공통 테이블은 확정했으며, UUID 발급 및 target_record_id 기록 완료."
f63c7afe-68a8-40f4-9a68-6211b3e28dd2,346834f7-ac6e-4958-8e0d-8c2b4fb03a7e,B_E-7-4R,_review_current_requirements,REQ-113,,d3c64f30-9c86-4459-93d5-bfbb02863e5c,9,2026-01-12,2026-09-18,document_requirements,ff4217b0-1931-4632-9b50-25b265807357,COPY,MAPPED,,2026-08-24,"제출서류 > 필수 서류: 모든 신청자 반드시 제출 | 대상 공통 테이블은 확정했으며, UUID 발급 및 target_record_id 기록 완료."
d443523f-af1e-4aca-80a5-2d9848ffd9fa,346834f7-ac6e-4958-8e0d-8c2b4fb03a7e,B_E-7-4R,_review_current_requirements,REQ-113,,d3c64f30-9c86-4459-93d5-bfbb02863e5c,9,2026-01-12,2026-09-18,document_requirements,c1bdf5b0-0d5d-4772-ad62-9f78757edeb0,COPY,MAPPED,,2026-08-24,"제출서류 > 필수 서류: 모든 신청자 반드시 제출 | 대상 공통 테이블은 확정했으며, UUID 발급 및 target_record_id 기록 완료."
550b67cb-5a72-40fe-ab6a-f5b69f730137,346834f7-ac6e-4958-8e0d-8c2b4fb03a7e,B_E-7-4R,_review_current_requirements,REQ-113,,d3c64f30-9c86-4459-93d5-bfbb02863e5c,9,2026-01-12,2026-09-18,document_requirements,abbde325-2173-4681-9add-f00981b76675,COPY,MAPPED,,2026-08-24,"제출서류 > 필수 서류: 모든 신청자 반드시 제출 | 대상 공통 테이블은 확정했으며, UUID 발급 및 target_record_id 기록 완료."
522d6754-df96-461e-bbab-dc90d1ccc36f,346834f7-ac6e-4958-8e0d-8c2b4fb03a7e,B_E-7-4R,_review_current_requirements,REQ-114,,d3c64f30-9c86-4459-93d5-bfbb02863e5c,9,2026-01-12,2026-09-18,document_requirements,1ae68fda-bfa2-49d8-9c18-d8df9fd1bd6b,COPY,MAPPED,,2026-08-24,"제출서류 > 추가 서류: 해당자에 한 해 제출 | 대상 공통 테이블은 확정했으며, UUID 발급 및 target_record_id 기록 완료."
9fa5794a-bc8d-45f6-a4a3-f360be6887ab,346834f7-ac6e-4958-8e0d-8c2b4fb03a7e,B_E-7-4R,_review_current_requirements,REQ-114,,d3c64f30-9c86-4459-93d5-bfbb02863e5c,9,2026-01-12,2026-09-18,document_requirements,1d72fee3-17de-42b5-a3fd-18e8b1b8e436,COPY,MAPPED,,2026-08-24,"제출서류 > 추가 서류: 해당자에 한 해 제출 | 대상 공통 테이블은 확정했으며, UUID 발급 및 target_record_id 기록 완료."
5a013b31-398a-46f3-b9e3-86f114031562,346834f7-ac6e-4958-8e0d-8c2b4fb03a7e,B_E-7-4R,_review_current_requirements,REQ-114,,d3c64f30-9c86-4459-93d5-bfbb02863e5c,9,2026-01-12,2026-09-18,document_requirements,e2bb8c54-5f58-463b-ac92-17feec67ce87,COPY,MAPPED,,2026-08-24,"제출서류 > 추가 서류: 해당자에 한 해 제출 | 대상 공통 테이블은 확정했으며, UUID 발급 및 target_record_id 기록 완료."
17e1bcb5-86b4-4da6-99ac-4a3e89e988cd,346834f7-ac6e-4958-8e0d-8c2b4fb03a7e,B_E-7-4R,_review_current_requirements,REQ-114,,d3c64f30-9c86-4459-93d5-bfbb02863e5c,9,2026-01-12,2026-09-18,document_requirements,38de42a0-28d1-4ca8-b291-1cd0d5f9a9d6,COPY,MAPPED,,2026-08-24,"제출서류 > 추가 서류: 해당자에 한 해 제출 | 대상 공통 테이블은 확정했으며, UUID 발급 및 target_record_id 기록 완료."
966898b5-c713-4aad-b9be-497fd4ee00e6,346834f7-ac6e-4958-8e0d-8c2b4fb03a7e,B_E-7-4R,_review_current_requirements,REQ-114,,d3c64f30-9c86-4459-93d5-bfbb02863e5c,9,2026-01-12,2026-09-18,document_requirements,34fd4f66-4b56-4416-985c-9bfe9fbd47eb,COPY,MAPPED,,2026-08-24,"제출서류 > 추가 서류: 해당자에 한 해 제출 | 대상 공통 테이블은 확정했으며, UUID 발급 및 target_record_id 기록 완료."
6ff32939-fcd1-4c60-bedf-4c2b77f39bf0,346834f7-ac6e-4958-8e0d-8c2b4fb03a7e,B_E-7-4R,_review_current_requirements,REQ-036-01,,d3c64f30-9c86-4459-93d5-bfbb02863e5c,3,2026-01-12,2026-09-18,visa_scoring_items,50e64655-572c-436c-a466-1fe6ac9e0f7e,COPY,MAPPED,,2026-08-24,자격 요건 > 점수제 심사 > 지역특화 숙련기능인력 점수표 > 가점 항목 | scoring_items 대상은 확정했으나 세부 SCORE-* 대응은 추가 대조 필요.
31614132-e273-4843-ad5e-4c9ba19001ad,346834f7-ac6e-4958-8e0d-8c2b4fb03a7e,B_E-7-4R,_review_current_requirements,REQ-036-01,,d3c64f30-9c86-4459-93d5-bfbb02863e5c,3,2026-01-12,2026-09-18,visa_scoring_items,d94a00c3-e7cb-45d8-8f5c-bc32e70c83f6,COPY,MAPPED,,2026-08-24,자격 요건 > 점수제 심사 > 지역특화 숙련기능인력 점수표 > 가점 항목 | scoring_items 대상은 확정했으나 세부 SCORE-* 대응은 추가 대조 필요.
a598d5db-aaee-411c-8dd1-d8601661c1cb,346834f7-ac6e-4958-8e0d-8c2b4fb03a7e,B_E-7-4R,_review_current_requirements,REQ-036-02,,d3c64f30-9c86-4459-93d5-bfbb02863e5c,3,2026-01-12,2026-09-18,visa_scoring_items,6e9009dd-6833-4eb6-9892-3f74e87dc1fe,COPY,MAPPED,,2026-08-24,자격 요건 > 점수제 심사 > 지역특화 숙련기능인력 점수표 > 가점 항목 | scoring_items 대상은 확정했으나 세부 SCORE-* 대응은 추가 대조 필요.
96008dfa-f93c-42a2-8b8a-06d1beccc2bd,346834f7-ac6e-4958-8e0d-8c2b4fb03a7e,B_E-7-4R,_review_current_requirements,REQ-036-02,,d3c64f30-9c86-4459-93d5-bfbb02863e5c,3,2026-01-12,2026-09-18,visa_scoring_items,128c440e-e7c7-4458-bb7c-752ae7ba49a9,COPY,MAPPED,,2026-08-24,자격 요건 > 점수제 심사 > 지역특화 숙련기능인력 점수표 > 가점 항목 | scoring_items 대상은 확정했으나 세부 SCORE-* 대응은 추가 대조 필요.
2d998852-1c3b-45bd-bbc1-98d34760057f,346834f7-ac6e-4958-8e0d-8c2b4fb03a7e,B_E-7-4R,_review_current_requirements,REQ-036-02,,d3c64f30-9c86-4459-93d5-bfbb02863e5c,3,2026-01-12,2026-09-18,visa_scoring_items,d2953518-41e3-415a-8306-87666eae68b5,COPY,MAPPED,,2026-08-24,자격 요건 > 점수제 심사 > 지역특화 숙련기능인력 점수표 > 가점 항목 | scoring_items 대상은 확정했으나 세부 SCORE-* 대응은 추가 대조 필요.
16364c9a-85f0-4ea3-a99b-f9f29c834295,346834f7-ac6e-4958-8e0d-8c2b4fb03a7e,B_E-7-4R,_review_current_requirements,REQ-046,,d3c64f30-9c86-4459-93d5-bfbb02863e5c,3,2026-01-12,2026-09-18,visa_scoring_items,7b7036ad-fbc1-4f0f-9bbd-ad03e92a07db,COPY,MAPPED,,2026-08-24,자격 요건 > 점수제 심사 > 지역특화 숙련기능인력 점수표 > 감점 항목 | scoring_items 대상은 확정했으나 세부 SCORE-* 대응은 추가 대조 필요.
6f3f456c-b764-4cf4-a607-9d306f2ac8c9,346834f7-ac6e-4958-8e0d-8c2b4fb03a7e,B_E-7-4R,_review_current_requirements,REQ-046,,d3c64f30-9c86-4459-93d5-bfbb02863e5c,3,2026-01-12,2026-09-18,visa_scoring_items,010296e3-7228-4c16-98ad-139e2d583d7f,COPY,MAPPED,,2026-08-24,자격 요건 > 점수제 심사 > 지역특화 숙련기능인력 점수표 > 감점 항목 | scoring_items 대상은 확정했으나 세부 SCORE-* 대응은 추가 대조 필요.
ac921a14-63d2-4aca-8b02-9beb9b770e0b,346834f7-ac6e-4958-8e0d-8c2b4fb03a7e,B_E-7-4R,_review_current_requirements,REQ-047,,d3c64f30-9c86-4459-93d5-bfbb02863e5c,3,2026-01-12,2026-09-18,visa_scoring_items,467d23e6-b83c-4b39-b020-2e4371f0f8b6,COPY,MAPPED,,2026-08-24,자격 요건 > 점수제 심사 > 지역특화 숙련기능인력 점수표 > 감점 항목 | scoring_items 대상은 확정했으나 세부 SCORE-* 대응은 추가 대조 필요.
2c21c0ba-85c7-41a6-a18b-51788c86f810,346834f7-ac6e-4958-8e0d-8c2b4fb03a7e,B_E-7-4R,_review_current_requirements,REQ-047,,d3c64f30-9c86-4459-93d5-bfbb02863e5c,3,2026-01-12,2026-09-18,visa_scoring_items,aa1fa18f-800a-43fc-9255-a64123080b31,COPY,MAPPED,,2026-08-24,자격 요건 > 점수제 심사 > 지역특화 숙련기능인력 점수표 > 감점 항목 | scoring_items 대상은 확정했으나 세부 SCORE-* 대응은 추가 대조 필요.
68e53548-189c-426f-ae6f-2c7a53adb453,346834f7-ac6e-4958-8e0d-8c2b4fb03a7e,B_E-7-4R,_review_current_requirements,REQ-048-01,,d3c64f30-9c86-4459-93d5-bfbb02863e5c,3,2026-01-12,2026-09-18,visa_scoring_items,235d2100-e8be-4912-a468-81b350259428,COPY,MAPPED,,2026-08-24,자격 요건 > 점수제 심사 > 지역특화 숙련기능인력 점수표 > 기본 항목 > 가. 소득 | scoring_items 대상은 확정했으나 세부 SCORE-* 대응은 추가 대조 필요.
ab9f3456-3d2c-43d1-a674-efac9ffbd199,346834f7-ac6e-4958-8e0d-8c2b4fb03a7e,B_E-7-4R,_review_current_requirements,REQ-048-01,,d3c64f30-9c86-4459-93d5-bfbb02863e5c,3,2026-01-12,2026-09-18,visa_scoring_items,76ab4875-42e6-4601-8090-0fed1b2b045c,COPY,MAPPED,,2026-08-24,자격 요건 > 점수제 심사 > 지역특화 숙련기능인력 점수표 > 기본 항목 > 가. 소득 | scoring_items 대상은 확정했으나 세부 SCORE-* 대응은 추가 대조 필요.
2a06099c-5b40-45e2-9f72-1bfcbc0edc53,346834f7-ac6e-4958-8e0d-8c2b4fb03a7e,B_E-7-4R,_review_current_requirements,REQ-125,,d3c64f30-9c86-4459-93d5-bfbb02863e5c,10,2026-01-12,2026-09-18,visa_process_stages,5b636b06-5984-4191-bdb6-f5b329334329,COPY,MAPPED,,2026-08-24,"추천서 발급 신청방법 및 결과안내 | 대상 공통 테이블은 확정했으며, UUID 발급 및 target_record_id 기록 완료."
2bcb8bb4-6f9a-46a8-9e08-8cde59c21f6f,346834f7-ac6e-4958-8e0d-8c2b4fb03a7e,B_E-7-4R,_review_current_requirements,REQ-125,,d3c64f30-9c86-4459-93d5-bfbb02863e5c,10,2026-01-12,2026-09-18,visa_process_stages,e51a4dfb-7caa-422c-bfec-b7e77ea70261,COPY,MAPPED,,2026-08-24,"추천서 발급 신청방법 및 결과안내 | 대상 공통 테이블은 확정했으며, UUID 발급 및 target_record_id 기록 완료."
7639de59-ac08-4808-bf34-ab676accebc8,346834f7-ac6e-4958-8e0d-8c2b4fb03a7e,B_E-7-4R,_review_current_requirements,REQ-126,,d3c64f30-9c86-4459-93d5-bfbb02863e5c,10,2026-01-12,2026-09-18,visa_process_stages,e51a4dfb-7caa-422c-bfec-b7e77ea70261,COPY,MAPPED,,2026-08-24,"추천서 발급 신청방법 및 결과안내 | 대상 공통 테이블은 확정했으며, UUID 발급 및 target_record_id 기록 완료."
54e1f10a-a4c5-414f-839e-df8707cffb95,a228433b-abe4-4785-8496-3e1cb3d597c1,A_F-2-R,visa_criterion_groups,0b7e2589-f914-5c1f-b263-d4c6e1f7d095,,2c892d50-7de9-431f-95f7-c02c7b2a7d76,4,2025-03-07,2026-09-18,visa_criterion_groups,e611b86e-16c8-4414-a252-083a3009090c,COPY,MAPPED,,2026-08-24,"F-2-R v1 조건 그룹(extraction/A_F-2-R/visa_criterion_groups.csv, group_key=root)의 직접 대응 — Task 9 보완(고아 테이블 인용 추가)에서 신규 추가."
9c424c65-aab0-4b5c-8f1e-43df4302a70d,a228433b-abe4-4785-8496-3e1cb3d597c1,A_F-2-R,visa_criterion_groups,3641ad2c-2523-5aa4-ac30-59af0786c6f5,,2c892d50-7de9-431f-95f7-c02c7b2a7d76,4,2025-03-07,2026-09-18,visa_criterion_groups,ce22c6c4-d312-47be-b81d-26e005fd6faa,COPY,MAPPED,,2026-08-24,"F-2-R v1 조건 그룹(extraction/A_F-2-R/visa_criterion_groups.csv, group_key=residence)의 직접 대응 — Task 9 보완(고아 테이블 인용 추가)에서 신규 추가."
991793b2-0f3c-4700-a206-fb45809ad99c,a228433b-abe4-4785-8496-3e1cb3d597c1,A_F-2-R,visa_criterion_groups,a086c0af-93b6-55fa-be8c-20ba5f1d8f80,,2c892d50-7de9-431f-95f7-c02c7b2a7d76,5,2025-03-07,2026-09-18,visa_criterion_groups,d35e8a1e-05c7-4830-82fc-7be28da2197b,COPY,MAPPED,,2026-08-24,"F-2-R v1 조건 그룹(extraction/A_F-2-R/visa_criterion_groups.csv, group_key=conduct)의 직접 대응 — Task 9 보완(고아 테이블 인용 추가)에서 신규 추가."
7c9db0af-f378-4773-b340-8059d85bcd02,a228433b-abe4-4785-8496-3e1cb3d597c1,A_F-2-R,visa_criterion_groups,9ba1bf6d-1136-51af-9801-ec9a72182d23,,2c892d50-7de9-431f-95f7-c02c7b2a7d76,6,2025-03-07,2026-09-18,visa_criterion_groups,08a845d4-42d8-40bd-b181-bb4b54c914e5,COPY,MAPPED,,2026-08-24,"F-2-R v1 조건 그룹(extraction/A_F-2-R/visa_criterion_groups.csv, group_key=language)의 직접 대응 — Task 9 보완(고아 테이블 인용 추가)에서 신규 추가."
14e3e402-730e-4e2b-b24f-301c8329a7b4,a228433b-abe4-4785-8496-3e1cb3d597c1,A_F-2-R,visa_criterion_groups,17228741-5362-528a-b6de-73371309e000,,2c892d50-7de9-431f-95f7-c02c7b2a7d76,8,2025-03-07,2026-09-18,visa_criterion_groups,e9d66743-9639-4f3b-92fc-1f20901f6a2d,COPY,MAPPED,,2026-08-24,"F-2-R v1 조건 그룹(extraction/A_F-2-R/visa_criterion_groups.csv, group_key=excluded_applicants)의 직접 대응 — Task 9 보완(고아 테이블 인용 추가)에서 신규 추가."
46a16119-f3ab-4abc-aa2a-aeb7172a0d80,346834f7-ac6e-4958-8e0d-8c2b4fb03a7e,B_E-7-4R,_review_current_requirements,REQ-120,추천서 발급 신청방법 및 결과안내,d3c64f30-9c86-4459-93d5-bfbb02863e5c,10,2026-01-12,2026-09-18,document_attachment_relations,c825aaf9-8f76-4805-8fcd-fbba254dbad0,COPY,MAPPED,,2026-08-24,"서식1(신청서)←서식1-2(위임장) 첨부관계 근거 — REQ-120 원문(""대리신청의 경우 [서식1-2] 위임장 함께 제출(본인 동행 시 위임장 생략)"")과 정확히 일치하며 v2 relation 행의 condition_note(""본인이 직접 신청하면 제출 불필요 — 대리신청일 때만 필요"")와도 부합. [조정] 코디네이터 지시는 REQ-124를 지정했으나 REQ-124 원문은 추진체계(모집공고→서류제출→심사→변경신청) 절차 흐름표로 위임장 내용과 무관함을 확인 — 실제 내용이 일치하는 REQ-120으로 대체함(Task 9 2차 보완)."
ab1edc2f-a2ad-4fae-a94b-8197c9980bd7,346834f7-ac6e-4958-8e0d-8c2b4fb03a7e,B_E-7-4R,_review_current_requirements,REQ-113,,d3c64f30-9c86-4459-93d5-bfbb02863e5c,9,2026-01-12,2026-09-18,document_attachment_relations,5a8fa696-1d14-40a5-8a61-2b31bf414709,COPY,MAPPED,,2026-08-24,"서식5(고용기업 추천서)←추천자 신분증 사본 첨부관계 근거 — REQ-113 원문 항목 12(""(현재 근무처) 고용기업 추천서(서식5) 및 추천자 신분증 사본"")과 일치(같은 항목의 신분증 사본 자체는 이미 REQ-113→document_requirements abbde325로 매핑됨). [조정] 코디네이터 지시는 REQ-112를 지정했으나 REQ-112 원문(항목 1~6)에는 서식5·추천자 신분증 사본 언급이 전혀 없음을 확인 — 실제 내용이 일치하는 REQ-113으로 대체함(Task 9 2차 보완)."
177f8f8a-600d-41ef-a8ff-9714485a7c40,606d8651-1d04-47fe-8f69-165b3ed3d834,D_visa_requirements,visa_requirements,606d8651-1d04-47fe-8f69-165b3ed3d834,,c4e3a139-af13-44ce-b72f-1f223bfc8db5,1-7,2025-03-07,2026-09-18,visa_quota_policies,e09ec683-e806-4f75-9f8f-531cacf378dd,COPY,MAPPED,,2026-08-24,"F-4-R visa_requirements 소스 행(quota_type=UNLIMITED, extraction/D_visa_requirements/visa_requirements.csv에 원문 그대로 존재) 재사용 — 고아 테이블 인용 보완(Task 9 2차)."
fcb8537b-7539-4c74-809e-ddef908f1c1e,a228433b-abe4-4785-8496-3e1cb3d597c1,A_F-2-R,visa_requirements,78dca2d7-f771-553a-b788-46c9ff56d633,,2c892d50-7de9-431f-95f7-c02c7b2a7d76,1,2025-03-07,2026-09-18,visa_quota_policies,e5966735-9d7c-4fe2-a7ef-0ca6c85e88fb,COPY,MAPPED,,2026-08-24,F-2-R visa_requirements 소스 행(mapping_note에 이미 명시된 quota_type=LIMITED 변환 근거) 재사용 — 고아 테이블 인용 보완(Task 9 2차).
0df6d5f8-9705-4ff1-a097-0be992858277,346834f7-ac6e-4958-8e0d-8c2b4fb03a7e,B_E-7-4R,_review_current_requirements,REQ-004,,d3c64f30-9c86-4459-93d5-bfbb02863e5c,1,2026-01-12,2026-09-18,visa_quota_policies,075f41cf-a090-4814-a4c3-9ab6c4da5d16,COPY,MAPPED,,2026-08-24,"E-7-4R 쿼터 원천 행 REQ-004(모집규모 542/기추천 246/잔여 306, 8차 공고 개요) 재사용 — 이미 visa_quota_snapshots를 겨냥한 그 행에 visa_quota_policies(quota_type=LIMITED) 인용도 추가함(고아 테이블 인용 보완, Task 9 2차)."
91a35230-3fad-4870-9c03-968f7f411498,346834f7-ac6e-4958-8e0d-8c2b4fb03a7e,B_E-7-4R,_review_current_requirements,REQ-089,,d3c64f30-9c86-4459-93d5-bfbb02863e5c,6,2026-01-12,2026-09-18,visa_scoring_items,7b7036ad-fbc1-4f0f-9bbd-ad03e92a07db,COPY,MAPPED,,2026-08-24,자격 요건 > 점수제 심사 > 지역특화 숙련기능인력 점수표 > 감점 항목 | scoring_items 대상은 확정했으나 세부 SCORE-* 대응은 추가 대조 필요. | [Task 9 2차 보완] 카테고리 3개 tier(1회/2회/3회이상) 전부로 확장.
37c3d69d-38a5-45b5-86d7-1dfb3e98d4a7,346834f7-ac6e-4958-8e0d-8c2b4fb03a7e,B_E-7-4R,_review_current_requirements,REQ-089,,d3c64f30-9c86-4459-93d5-bfbb02863e5c,6,2026-01-12,2026-09-18,visa_scoring_items,010296e3-7228-4c16-98ad-139e2d583d7f,COPY,MAPPED,,2026-08-24,자격 요건 > 점수제 심사 > 지역특화 숙련기능인력 점수표 > 감점 항목 | scoring_items 대상은 확정했으나 세부 SCORE-* 대응은 추가 대조 필요. | [Task 9 2차 보완] 카테고리 3개 tier(1회/2회/3회이상) 전부로 확장.
c15f829f-7134-4a55-b827-de81327539ad,346834f7-ac6e-4958-8e0d-8c2b4fb03a7e,B_E-7-4R,_review_current_requirements,REQ-090,,d3c64f30-9c86-4459-93d5-bfbb02863e5c,6,2026-01-12,2026-09-18,visa_scoring_items,467d23e6-b83c-4b39-b020-2e4371f0f8b6,COPY,MAPPED,,2026-08-24,자격 요건 > 점수제 심사 > 지역특화 숙련기능인력 점수표 > 감점 항목 | scoring_items 대상은 확정했으나 세부 SCORE-* 대응은 추가 대조 필요. | [Task 9 2차 보완] 카테고리 3개 tier(1회/2회/3회이상) 전부로 확장.
bb568764-589b-4cca-b5a4-0b418fa5e96d,346834f7-ac6e-4958-8e0d-8c2b4fb03a7e,B_E-7-4R,_review_current_requirements,REQ-090,,d3c64f30-9c86-4459-93d5-bfbb02863e5c,6,2026-01-12,2026-09-18,visa_scoring_items,aa1fa18f-800a-43fc-9255-a64123080b31,COPY,MAPPED,,2026-08-24,자격 요건 > 점수제 심사 > 지역특화 숙련기능인력 점수표 > 감점 항목 | scoring_items 대상은 확정했으나 세부 SCORE-* 대응은 추가 대조 필요. | [Task 9 2차 보완] 카테고리 3개 tier(1회/2회/3회이상) 전부로 확장.
1dd10e1d-b175-454d-8888-cb83b88a3c9b,346834f7-ac6e-4958-8e0d-8c2b4fb03a7e,B_E-7-4R,_review_current_requirements,REQ-091,,d3c64f30-9c86-4459-93d5-bfbb02863e5c,6,2026-01-12,2026-09-18,visa_scoring_items,235d2100-e8be-4912-a468-81b350259428,COPY,MAPPED,,2026-08-24,자격 요건 > 점수제 심사 > 지역특화 숙련기능인력 점수표 > 감점 항목 | scoring_items 대상은 확정했으나 세부 SCORE-* 대응은 추가 대조 필요. | [Task 9 2차 보완] 카테고리 3개 tier(1회/2회/3회이상) 전부로 확장.
d713a053-8c32-4227-b2e8-fdbd75f60e2b,346834f7-ac6e-4958-8e0d-8c2b4fb03a7e,B_E-7-4R,_review_current_requirements,REQ-091,,d3c64f30-9c86-4459-93d5-bfbb02863e5c,6,2026-01-12,2026-09-18,visa_scoring_items,76ab4875-42e6-4601-8090-0fed1b2b045c,COPY,MAPPED,,2026-08-24,자격 요건 > 점수제 심사 > 지역특화 숙련기능인력 점수표 > 감점 항목 | scoring_items 대상은 확정했으나 세부 SCORE-* 대응은 추가 대조 필요. | [Task 9 2차 보완] 카테고리 3개 tier(1회/2회/3회이상) 전부로 확장.
356918ad-1e2f-45d6-92a5-693c1e708e83,346834f7-ac6e-4958-8e0d-8c2b4fb03a7e,B_E-7-4R,current_requirements,REQ-095,,d3c64f30-9c86-4459-93d5-bfbb02863e5c,8,2026-01-12,2026-09-18,visa_requirement_criteria,97929f68-4234-4893-81fb-c6ad56784a9b,TRANSFORM,MAPPED,,2026-08-25,employer_capacity 구간표 1~5명 | Task 11(#44) 신규 매핑 행. 이 record_id는 _review_current_requirements.csv에도 존재하지만 그 행은 이 내용과 무관한 다른 항목(이미 MAPPED/BLOCKED 처리됨)이다 — current_requirements.csv 단계에서 v1 원본을 구간별로 분리/재분류하며 새로 부여된 ID라서 review 원장에는 이 내용에 대응하는 PENDING 행이 원래 없었다. source_table을 current_requirements로 명시해 기존 행과 구분한다.
4f829a16-a5bd-432e-af93-30d0ea121274,346834f7-ac6e-4958-8e0d-8c2b4fb03a7e,B_E-7-4R,current_requirements,REQ-111,,d3c64f30-9c86-4459-93d5-bfbb02863e5c,8,2026-01-12,2026-09-18,visa_requirement_criteria,9ce773b0-9c3b-488b-be39-52052439831e,TRANSFORM,MAPPED,,2026-08-25,employer_capacity 구간표 6~50명 | Task 11(#44) 신규 매핑 행. 이 record_id는 _review_current_requirements.csv에도 존재하지만 그 행은 이 내용과 무관한 다른 항목(이미 MAPPED/BLOCKED 처리됨)이다 — current_requirements.csv 단계에서 v1 원본을 구간별로 분리/재분류하며 새로 부여된 ID라서 review 원장에는 이 내용에 대응하는 PENDING 행이 원래 없었다. source_table을 current_requirements로 명시해 기존 행과 구분한다.
90f8c7d3-b2a2-4e81-a4bd-fb574605b8da,346834f7-ac6e-4958-8e0d-8c2b4fb03a7e,B_E-7-4R,current_requirements,REQ-112,,d3c64f30-9c86-4459-93d5-bfbb02863e5c,8,2026-01-12,2026-09-18,visa_requirement_criteria,76a211b2-d4ea-4d24-a097-3b8d59196d32,TRANSFORM,MAPPED,,2026-08-25,employer_capacity 구간표 51~100명 | Task 11(#44) 신규 매핑 행. 이 record_id는 _review_current_requirements.csv에도 존재하지만 그 행은 이 내용과 무관한 다른 항목(이미 MAPPED/BLOCKED 처리됨)이다 — current_requirements.csv 단계에서 v1 원본을 구간별로 분리/재분류하며 새로 부여된 ID라서 review 원장에는 이 내용에 대응하는 PENDING 행이 원래 없었다. source_table을 current_requirements로 명시해 기존 행과 구분한다.
eac912ac-06b0-4c65-9528-0e3715efce73,346834f7-ac6e-4958-8e0d-8c2b4fb03a7e,B_E-7-4R,current_requirements,REQ-113,,d3c64f30-9c86-4459-93d5-bfbb02863e5c,8,2026-01-12,2026-09-18,visa_requirement_criteria,b079de33-28e5-4cbe-b158-11c5a9889d19,TRANSFORM,MAPPED,,2026-08-25,employer_capacity 구간표 101~150명 | Task 11(#44) 신규 매핑 행. 이 record_id는 _review_current_requirements.csv에도 존재하지만 그 행은 이 내용과 무관한 다른 항목(이미 MAPPED/BLOCKED 처리됨)이다 — current_requirements.csv 단계에서 v1 원본을 구간별로 분리/재분류하며 새로 부여된 ID라서 review 원장에는 이 내용에 대응하는 PENDING 행이 원래 없었다. source_table을 current_requirements로 명시해 기존 행과 구분한다.
e64d77bd-a290-4ebe-92a1-598a1da0c321,346834f7-ac6e-4958-8e0d-8c2b4fb03a7e,B_E-7-4R,current_requirements,REQ-114,,d3c64f30-9c86-4459-93d5-bfbb02863e5c,8,2026-01-12,2026-09-18,visa_requirement_criteria,543a048f-a792-435b-8bf9-408daca8f1b4,TRANSFORM,MAPPED,,2026-08-25,employer_capacity 구간표 151명 이상 | Task 11(#44) 신규 매핑 행. 이 record_id는 _review_current_requirements.csv에도 존재하지만 그 행은 이 내용과 무관한 다른 항목(이미 MAPPED/BLOCKED 처리됨)이다 — current_requirements.csv 단계에서 v1 원본을 구간별로 분리/재분류하며 새로 부여된 ID라서 review 원장에는 이 내용에 대응하는 PENDING 행이 원래 없었다. source_table을 current_requirements로 명시해 기존 행과 구분한다.
d0bfbdba-2bda-4933-8af2-500a304b9ffc,346834f7-ac6e-4958-8e0d-8c2b4fb03a7e,B_E-7-4R,current_requirements,REQ-103,,d3c64f30-9c86-4459-93d5-bfbb02863e5c,8,2026-01-12,2026-09-18,visa_requirement_criteria,17709673-04ed-465c-92e1-d08a2ee8e769,TRANSFORM,MAPPED,,2026-08-25,E-7-4 동시고용 특례(71명 초과) | Task 11(#44) 신규 매핑 행. 이 record_id는 _review_current_requirements.csv에도 존재하지만 그 행은 이 내용과 무관한 다른 항목(이미 MAPPED/BLOCKED 처리됨)이다 — current_requirements.csv 단계에서 v1 원본을 구간별로 분리/재분류하며 새로 부여된 ID라서 review 원장에는 이 내용에 대응하는 PENDING 행이 원래 없었다. source_table을 current_requirements로 명시해 기존 행과 구분한다.
d1e2b9c9-eba6-4560-a3ef-c1ffadd0224d,346834f7-ac6e-4958-8e0d-8c2b4fb03a7e,B_E-7-4R,current_requirements,REQ-115,,d3c64f30-9c86-4459-93d5-bfbb02863e5c,8,2026-01-12,2026-09-18,visa_requirement_criteria,c7fd1b63-c954-4ea5-ad99-269ec5a3c43a,TRANSFORM,MAPPED,,2026-08-25,E-7-4 동시고용 특례(135명 이상) | Task 11(#44) 신규 매핑 행. 이 record_id는 _review_current_requirements.csv에도 존재하지만 그 행은 이 내용과 무관한 다른 항목(이미 MAPPED/BLOCKED 처리됨)이다 — current_requirements.csv 단계에서 v1 원본을 구간별로 분리/재분류하며 새로 부여된 ID라서 review 원장에는 이 내용에 대응하는 PENDING 행이 원래 없었다. source_table을 current_requirements로 명시해 기존 행과 구분한다.
707ac43e-57a4-48b5-9a2f-1e03aac4fa76,346834f7-ac6e-4958-8e0d-8c2b4fb03a7e,B_E-7-4R,current_requirements,REQ-116,자격 요건 > 점수제 심사,d3c64f30-9c86-4459-93d5-bfbb02863e5c,5,2026-01-12,2026-09-18,visa_requirement_criteria,cecbc5cf-ab3a-4eb4-8e55-1a08fcb9a6c3,TRANSFORM,MAPPED,,2026-08-25,전환 후 계약연봉 일반 | Task 11(#44) 신규 매핑 행. 이 record_id는 _review_current_requirements.csv에도 존재하지만 그 행은 이 내용과 무관한 다른 항목(이미 MAPPED/BLOCKED 처리됨)이다 — current_requirements.csv 단계에서 v1 원본을 구간별로 분리/재분류하며 새로 부여된 ID라서 review 원장에는 이 내용에 대응하는 PENDING 행이 원래 없었다. source_table을 current_requirements로 명시해 기존 행과 구분한다.
27f77477-4703-44eb-8520-9604a436c0a2,346834f7-ac6e-4958-8e0d-8c2b4fb03a7e,B_E-7-4R,current_requirements,REQ-117,자격 요건 > 점수제 심사,d3c64f30-9c86-4459-93d5-bfbb02863e5c,5,2026-01-12,2026-09-18,visa_requirement_criteria,164c975e-67e7-431f-85c7-79540f6b00e5,TRANSFORM,MAPPED,,2026-08-25,전환 후 계약연봉 예외 | Task 11(#44) 신규 매핑 행. 이 record_id는 _review_current_requirements.csv에도 존재하지만 그 행은 이 내용과 무관한 다른 항목(이미 MAPPED/BLOCKED 처리됨)이다 — current_requirements.csv 단계에서 v1 원본을 구간별로 분리/재분류하며 새로 부여된 ID라서 review 원장에는 이 내용에 대응하는 PENDING 행이 원래 없었다. source_table을 current_requirements로 명시해 기존 행과 구분한다.
bbdda22f-0e07-4037-a941-3226613bfad3,346834f7-ac6e-4958-8e0d-8c2b4fb03a7e,B_E-7-4R,_review_current_requirements,REQ-133,기타 사항,d3c64f30-9c86-4459-93d5-bfbb02863e5c,11,2026-01-12,2026-09-18,visa_process_stages,e51a4dfb-7caa-422c-bfec-b7e77ea70261,TRANSFORM,MAPPED,,2026-08-25,2단계 원문·v2 대조 완료: 도지사 추천서 발급과 법무부 비자전환 승인 역할을 두 절차 단계로 분리.
078d0284-b4bf-449d-97d0-d95edc636b92,346834f7-ac6e-4958-8e0d-8c2b4fb03a7e,B_E-7-4R,_review_current_requirements,REQ-042,자격 요건 > 점수제 심사 > 지역특화 숙련기능인력 점수표 > 가점 항목,d3c64f30-9c86-4459-93d5-bfbb02863e5c,3,2026-01-12,2026-09-18,visa_scoring_items,48fb7175-1356-47c4-aecd-d468162aa5fc,TRANSFORM,MAPPED,,2026-08-25,2단계 원문·v2 대조 완료: 가점표의 7개 점수 열을 각 가점 항목으로 일대다 분리.
a789d9c5-284d-45c3-ba86-1c21dbae113c,346834f7-ac6e-4958-8e0d-8c2b4fb03a7e,B_E-7-4R,_review_current_requirements,REQ-042,자격 요건 > 점수제 심사 > 지역특화 숙련기능인력 점수표 > 가점 항목,d3c64f30-9c86-4459-93d5-bfbb02863e5c,3,2026-01-12,2026-09-18,visa_scoring_items,ced36df4-ed05-4a36-98bc-06943f7bcd4c,TRANSFORM,MAPPED,,2026-08-25,2단계 원문·v2 대조 완료: 가점표의 7개 점수 열을 각 가점 항목으로 일대다 분리.
d9d0e6b0-1f7b-47ea-b92a-2c11542e7bcd,346834f7-ac6e-4958-8e0d-8c2b4fb03a7e,B_E-7-4R,_review_current_requirements,REQ-042,자격 요건 > 점수제 심사 > 지역특화 숙련기능인력 점수표 > 가점 항목,d3c64f30-9c86-4459-93d5-bfbb02863e5c,3,2026-01-12,2026-09-18,visa_scoring_items,2e10a5b1-bcb1-4e0e-b5e1-7bf7856482ba,TRANSFORM,MAPPED,,2026-08-25,2단계 원문·v2 대조 완료: 가점표의 7개 점수 열을 각 가점 항목으로 일대다 분리.
3446775c-a406-4a0d-b4e6-c98797eaa8a0,346834f7-ac6e-4958-8e0d-8c2b4fb03a7e,B_E-7-4R,_review_current_requirements,REQ-042,자격 요건 > 점수제 심사 > 지역특화 숙련기능인력 점수표 > 가점 항목,d3c64f30-9c86-4459-93d5-bfbb02863e5c,3,2026-01-12,2026-09-18,visa_scoring_items,0e9e8a81-1fdd-41b4-90ac-cc772aa2e3dc,TRANSFORM,MAPPED,,2026-08-25,2단계 원문·v2 대조 완료: 가점표의 7개 점수 열을 각 가점 항목으로 일대다 분리.
07e076e3-f10f-40ce-8b7d-354af5742404,346834f7-ac6e-4958-8e0d-8c2b4fb03a7e,B_E-7-4R,_review_current_requirements,REQ-042,자격 요건 > 점수제 심사 > 지역특화 숙련기능인력 점수표 > 가점 항목,d3c64f30-9c86-4459-93d5-bfbb02863e5c,3,2026-01-12,2026-09-18,visa_scoring_items,5a4de849-3ff8-4e12-b8a8-21264e9219ab,TRANSFORM,MAPPED,,2026-08-25,2단계 원문·v2 대조 완료: 가점표의 7개 점수 열을 각 가점 항목으로 일대다 분리.
33898e04-971b-4617-8678-87135c92015c,346834f7-ac6e-4958-8e0d-8c2b4fb03a7e,B_E-7-4R,_review_current_requirements,REQ-042,자격 요건 > 점수제 심사 > 지역특화 숙련기능인력 점수표 > 가점 항목,d3c64f30-9c86-4459-93d5-bfbb02863e5c,3,2026-01-12,2026-09-18,visa_scoring_items,a084d738-2223-4a02-b75f-488a6fbf0179,TRANSFORM,MAPPED,,2026-08-25,2단계 원문·v2 대조 완료: 가점표의 7개 점수 열을 각 가점 항목으로 일대다 분리.
0a3aca15-dde3-4c2c-bcbf-1e4c45a97d27,346834f7-ac6e-4958-8e0d-8c2b4fb03a7e,B_E-7-4R,_review_current_requirements,REQ-050,자격 요건 > 점수제 심사 > 지역특화 숙련기능인력 점수표 > 기본 항목 > 가. 소득,d3c64f30-9c86-4459-93d5-bfbb02863e5c,4,2026-01-12,2026-09-18,visa_scoring_items,a943a8ad-fc2a-4330-8cb5-19db555733ed,TRANSFORM,MAPPED,,2026-08-25,2단계 원문·v2 대조 완료: 최근 2년 평균소득 계산·증빙·대체연도 규칙을 6개 소득구간에 병합.
847b7c92-5177-4149-b938-6250dd634c07,346834f7-ac6e-4958-8e0d-8c2b4fb03a7e,B_E-7-4R,_review_current_requirements,REQ-050,자격 요건 > 점수제 심사 > 지역특화 숙련기능인력 점수표 > 기본 항목 > 가. 소득,d3c64f30-9c86-4459-93d5-bfbb02863e5c,4,2026-01-12,2026-09-18,visa_scoring_items,1eb4aaa9-2582-44be-9ca0-88f40f851e1b,TRANSFORM,MAPPED,,2026-08-25,2단계 원문·v2 대조 완료: 최근 2년 평균소득 계산·증빙·대체연도 규칙을 6개 소득구간에 병합.
6bf0581b-f0a8-41c2-b057-d2a940f68dbe,346834f7-ac6e-4958-8e0d-8c2b4fb03a7e,B_E-7-4R,_review_current_requirements,REQ-050,자격 요건 > 점수제 심사 > 지역특화 숙련기능인력 점수표 > 기본 항목 > 가. 소득,d3c64f30-9c86-4459-93d5-bfbb02863e5c,4,2026-01-12,2026-09-18,visa_scoring_items,6820a916-d072-4170-b97b-facc164ee28e,TRANSFORM,MAPPED,,2026-08-25,2단계 원문·v2 대조 완료: 최근 2년 평균소득 계산·증빙·대체연도 규칙을 6개 소득구간에 병합.
08a35171-f44b-461c-88b1-6cebaf37e0e2,346834f7-ac6e-4958-8e0d-8c2b4fb03a7e,B_E-7-4R,_review_current_requirements,REQ-050,자격 요건 > 점수제 심사 > 지역특화 숙련기능인력 점수표 > 기본 항목 > 가. 소득,d3c64f30-9c86-4459-93d5-bfbb02863e5c,4,2026-01-12,2026-09-18,visa_scoring_items,00c2aa1b-0dab-405d-96a9-6f95f2565928,TRANSFORM,MAPPED,,2026-08-25,2단계 원문·v2 대조 완료: 최근 2년 평균소득 계산·증빙·대체연도 규칙을 6개 소득구간에 병합.
b6efc0ff-4ef5-456c-9052-c6705a2eab3a,346834f7-ac6e-4958-8e0d-8c2b4fb03a7e,B_E-7-4R,_review_current_requirements,REQ-050,자격 요건 > 점수제 심사 > 지역특화 숙련기능인력 점수표 > 기본 항목 > 가. 소득,d3c64f30-9c86-4459-93d5-bfbb02863e5c,4,2026-01-12,2026-09-18,visa_scoring_items,d8bf2fb6-2083-4717-8b33-4ea41b08c671,TRANSFORM,MAPPED,,2026-08-25,2단계 원문·v2 대조 완료: 최근 2년 평균소득 계산·증빙·대체연도 규칙을 6개 소득구간에 병합.
973eda7f-b6bc-41da-b46a-52743b464ff7,346834f7-ac6e-4958-8e0d-8c2b4fb03a7e,B_E-7-4R,_review_current_requirements,REQ-051,자격 요건 > 점수제 심사 > 지역특화 숙련기능인력 점수표 > 기본 항목 > 가. 소득,d3c64f30-9c86-4459-93d5-bfbb02863e5c,4,2026-01-12,2026-09-18,visa_scoring_items,a943a8ad-fc2a-4330-8cb5-19db555733ed,TRANSFORM,MAPPED,,2026-08-25,2단계 원문·v2 대조 완료: 최근 2년 평균소득 계산·증빙·대체연도 규칙을 6개 소득구간에 병합.
cd62e18e-7f49-45c2-9568-0fca2aa58324,346834f7-ac6e-4958-8e0d-8c2b4fb03a7e,B_E-7-4R,_review_current_requirements,REQ-051,자격 요건 > 점수제 심사 > 지역특화 숙련기능인력 점수표 > 기본 항목 > 가. 소득,d3c64f30-9c86-4459-93d5-bfbb02863e5c,4,2026-01-12,2026-09-18,visa_scoring_items,1eb4aaa9-2582-44be-9ca0-88f40f851e1b,TRANSFORM,MAPPED,,2026-08-25,2단계 원문·v2 대조 완료: 최근 2년 평균소득 계산·증빙·대체연도 규칙을 6개 소득구간에 병합.
1d343d23-2be9-409d-9a80-fa9875ddef14,346834f7-ac6e-4958-8e0d-8c2b4fb03a7e,B_E-7-4R,_review_current_requirements,REQ-051,자격 요건 > 점수제 심사 > 지역특화 숙련기능인력 점수표 > 기본 항목 > 가. 소득,d3c64f30-9c86-4459-93d5-bfbb02863e5c,4,2026-01-12,2026-09-18,visa_scoring_items,6820a916-d072-4170-b97b-facc164ee28e,TRANSFORM,MAPPED,,2026-08-25,2단계 원문·v2 대조 완료: 최근 2년 평균소득 계산·증빙·대체연도 규칙을 6개 소득구간에 병합.
05ec661b-fe8c-4caf-aa72-e5b0948137d9,346834f7-ac6e-4958-8e0d-8c2b4fb03a7e,B_E-7-4R,_review_current_requirements,REQ-051,자격 요건 > 점수제 심사 > 지역특화 숙련기능인력 점수표 > 기본 항목 > 가. 소득,d3c64f30-9c86-4459-93d5-bfbb02863e5c,4,2026-01-12,2026-09-18,visa_scoring_items,00c2aa1b-0dab-405d-96a9-6f95f2565928,TRANSFORM,MAPPED,,2026-08-25,2단계 원문·v2 대조 완료: 최근 2년 평균소득 계산·증빙·대체연도 규칙을 6개 소득구간에 병합.
0b05d9f6-5471-43c9-b68a-0639436fb4a0,346834f7-ac6e-4958-8e0d-8c2b4fb03a7e,B_E-7-4R,_review_current_requirements,REQ-051,자격 요건 > 점수제 심사 > 지역특화 숙련기능인력 점수표 > 기본 항목 > 가. 소득,d3c64f30-9c86-4459-93d5-bfbb02863e5c,4,2026-01-12,2026-09-18,visa_scoring_items,d8bf2fb6-2083-4717-8b33-4ea41b08c671,TRANSFORM,MAPPED,,2026-08-25,2단계 원문·v2 대조 완료: 최근 2년 평균소득 계산·증빙·대체연도 규칙을 6개 소득구간에 병합.
60d147d4-8b04-492f-a1fe-aa8c469b37f5,346834f7-ac6e-4958-8e0d-8c2b4fb03a7e,B_E-7-4R,_review_current_requirements,REQ-052,자격 요건 > 점수제 심사 > 지역특화 숙련기능인력 점수표 > 기본 항목 > 가. 소득,d3c64f30-9c86-4459-93d5-bfbb02863e5c,4,2026-01-12,2026-09-18,visa_requirement_criteria,164c975e-67e7-431f-85c7-79540f6b00e5,TRANSFORM,MAPPED,,2026-08-25,2단계 원문·v2 대조 완료: 점수가 아닌 자격변경 후 계약연봉 요건을 일반·업종예외 기준으로 분리.
7cb10f2e-f32d-40ef-95ce-338659b9733a,346834f7-ac6e-4958-8e0d-8c2b4fb03a7e,B_E-7-4R,_review_current_requirements,REQ-058,자격 요건 > 점수제 심사 > 지역특화 숙련기능인력 점수표 > 기본 항목 > 다. 나이,d3c64f30-9c86-4459-93d5-bfbb02863e5c,4,2026-01-12,2026-09-18,visa_scoring_items,50e64655-572c-436c-a466-1fe6ac9e0f7e,TRANSFORM,MAPPED,,2026-08-25,2단계 원문·v2 대조 완료: 한국어능력 사후보완 미충족 결과를 3개 한국어 점수구간에 병합.
991b3cea-98bc-4a75-8e3b-1cc0db62c6bd,346834f7-ac6e-4958-8e0d-8c2b4fb03a7e,B_E-7-4R,_review_current_requirements,REQ-058,자격 요건 > 점수제 심사 > 지역특화 숙련기능인력 점수표 > 기본 항목 > 다. 나이,d3c64f30-9c86-4459-93d5-bfbb02863e5c,4,2026-01-12,2026-09-18,visa_scoring_items,d94a00c3-e7cb-45d8-8f5c-bc32e70c83f6,TRANSFORM,MAPPED,,2026-08-25,2단계 원문·v2 대조 완료: 한국어능력 사후보완 미충족 결과를 3개 한국어 점수구간에 병합.
e748dc18-dbe4-4715-ad3d-e432dd121965,346834f7-ac6e-4958-8e0d-8c2b4fb03a7e,B_E-7-4R,_review_current_requirements,REQ-060-01,자격 요건 > 점수제 심사 > 지역특화 숙련기능인력 점수표 > 기본 항목 > 다. 나이,d3c64f30-9c86-4459-93d5-bfbb02863e5c,4,2026-01-12,2026-09-18,visa_scoring_items,6e9009dd-6833-4eb6-9892-3f74e87dc1fe,TRANSFORM,MAPPED,,2026-08-25,2단계 원문·v2 대조 완료: 생일 경과 여부를 반영한 나이 계산규칙을 4개 나이구간에 병합.
8203a0f9-282f-4650-ace9-f117d3047066,346834f7-ac6e-4958-8e0d-8c2b4fb03a7e,B_E-7-4R,_review_current_requirements,REQ-060-01,자격 요건 > 점수제 심사 > 지역특화 숙련기능인력 점수표 > 기본 항목 > 다. 나이,d3c64f30-9c86-4459-93d5-bfbb02863e5c,4,2026-01-12,2026-09-18,visa_scoring_items,128c440e-e7c7-4458-bb7c-752ae7ba49a9,TRANSFORM,MAPPED,,2026-08-25,2단계 원문·v2 대조 완료: 생일 경과 여부를 반영한 나이 계산규칙을 4개 나이구간에 병합.
3633eddf-79ef-460e-a71f-295ce8ea9110,346834f7-ac6e-4958-8e0d-8c2b4fb03a7e,B_E-7-4R,_review_current_requirements,REQ-060-01,자격 요건 > 점수제 심사 > 지역특화 숙련기능인력 점수표 > 기본 항목 > 다. 나이,d3c64f30-9c86-4459-93d5-bfbb02863e5c,4,2026-01-12,2026-09-18,visa_scoring_items,d2953518-41e3-415a-8306-87666eae68b5,TRANSFORM,MAPPED,,2026-08-25,2단계 원문·v2 대조 완료: 생일 경과 여부를 반영한 나이 계산규칙을 4개 나이구간에 병합.
55175be7-d27b-4531-b4ae-6cc3a6625f63,346834f7-ac6e-4958-8e0d-8c2b4fb03a7e,B_E-7-4R,_review_current_requirements,REQ-092,자격 요건 > 점수제 심사 > 지역특화 숙련기능인력 점수표 > 감점 항목,d3c64f30-9c86-4459-93d5-bfbb02863e5c,6,2026-01-12,2026-09-18,visa_scoring_items,235d2100-e8be-4912-a468-81b350259428,TRANSFORM,MAPPED,,2026-08-25,2단계 원문·v2 대조 완료: 사범처리 횟수의 경고 포함·과태료 제외 규칙을 3개 위반횟수 감점구간에 병합.
f2a35f88-6e1a-49b8-ad73-5c2351372903,346834f7-ac6e-4958-8e0d-8c2b4fb03a7e,B_E-7-4R,_review_current_requirements,REQ-092,자격 요건 > 점수제 심사 > 지역특화 숙련기능인력 점수표 > 감점 항목,d3c64f30-9c86-4459-93d5-bfbb02863e5c,6,2026-01-12,2026-09-18,visa_scoring_items,76ab4875-42e6-4601-8090-0fed1b2b045c,TRANSFORM,MAPPED,,2026-08-25,2단계 원문·v2 대조 완료: 사범처리 횟수의 경고 포함·과태료 제외 규칙을 3개 위반횟수 감점구간에 병합.
ef82e230-596d-4772-9783-56b0dcdf40bd,346834f7-ac6e-4958-8e0d-8c2b4fb03a7e,B_E-7-4R,_review_current_requirements,REQ-103-01,자격 요건 > 고용기업 및 고용주 요건 > 가. 고용기업 요건,d3c64f30-9c86-4459-93d5-bfbb02863e5c,7,2026-01-12,2026-09-18,visa_requirement_criteria,c7fd1b63-c954-4ea5-ad99-269ec5a3c43a,TRANSFORM,MAPPED,,2026-08-25,2단계 원문·v2 대조 완료: E-7-4/E-7-4R 동시고용 특례의 71명 초과·135명 이상 경로를 분리.
e8509e9f-5e6d-4f3f-8170-c91e24e14b04,346834f7-ac6e-4958-8e0d-8c2b4fb03a7e,B_E-7-4R,_review_current_requirements,REQ-020,자격 요건 > 추천대상,d3c64f30-9c86-4459-93d5-bfbb02863e5c,2,2026-01-12,2026-09-18,visa_requirement_criteria,04fda22d-273f-4b33-992c-4a3f21eba0d6,TRANSFORM,MAPPED,,2026-08-25,2단계 원문·v2 대조 완료: 분리된 현재 등록외국인 상태·현재 근무처 합법 근로 조건에 일대다 대응.
0ce51275-d1d0-4efc-a675-3b0fb86ae7a5,346834f7-ac6e-4958-8e0d-8c2b4fb03a7e,B_E-7-4R,_review_current_requirements,REQ-020,자격 요건 > 추천대상,d3c64f30-9c86-4459-93d5-bfbb02863e5c,2,2026-01-12,2026-09-18,visa_requirement_criteria,b59fe87d-8381-45ce-a5a0-72d006815c24,TRANSFORM,MAPPED,,2026-08-25,2단계 원문·v2 대조 완료: 분리된 현재 등록외국인 상태·현재 근무처 합법 근로 조건에 일대다 대응.
85f0eba8-c60d-47b4-a8ee-5ecd3b1e5323,346834f7-ac6e-4958-8e0d-8c2b4fb03a7e,B_E-7-4R,_review_current_requirements,REQ-023,자격 요건 > 추천대상 > 제외대상,d3c64f30-9c86-4459-93d5-bfbb02863e5c,2,2026-01-12,2026-09-18,visa_requirement_criteria,7cbc0463-4015-4090-9576-9724140f5e2c,TRANSFORM,MAPPED,,2026-08-25,2단계 원문·v2 대조 완료: 인구감소지역 구직자 특례의 구직·현 체류자격·D-10 직전 체류자격 원자조건에 일대다 대응.
55721fe5-69b1-4ac9-ab6c-6f9e3c6ce32e,346834f7-ac6e-4958-8e0d-8c2b4fb03a7e,B_E-7-4R,_review_current_requirements,REQ-023,자격 요건 > 추천대상 > 제외대상,d3c64f30-9c86-4459-93d5-bfbb02863e5c,2,2026-01-12,2026-09-18,visa_requirement_criteria,42bcc8f9-aef5-48eb-9482-522e1e543a48,TRANSFORM,MAPPED,,2026-08-25,2단계 원문·v2 대조 완료: 인구감소지역 구직자 특례의 구직·현 체류자격·D-10 직전 체류자격 원자조건에 일대다 대응.
9445d30d-0ce7-4aae-8489-89bfab545d38,346834f7-ac6e-4958-8e0d-8c2b4fb03a7e,B_E-7-4R,_review_current_requirements,REQ-023,자격 요건 > 추천대상 > 제외대상,d3c64f30-9c86-4459-93d5-bfbb02863e5c,2,2026-01-12,2026-09-18,visa_requirement_criteria,4dce9e8b-e1c5-4f14-9f5e-ec7739c59553,TRANSFORM,MAPPED,,2026-08-25,2단계 원문·v2 대조 완료: 인구감소지역 구직자 특례의 구직·현 체류자격·D-10 직전 체류자격 원자조건에 일대다 대응.
76ec1098-0b4d-463e-b7ec-70a0bbcedc07,346834f7-ac6e-4958-8e0d-8c2b4fb03a7e,B_E-7-4R,_review_current_requirements,REQ-023,자격 요건 > 추천대상 > 제외대상,d3c64f30-9c86-4459-93d5-bfbb02863e5c,2,2026-01-12,2026-09-18,visa_requirement_criteria,a07e2faa-99a8-4369-bf96-f130ec619878,TRANSFORM,MAPPED,,2026-08-25,2단계 원문·v2 대조 완료: 인구감소지역 구직자 특례의 구직·현 체류자격·D-10 직전 체류자격 원자조건에 일대다 대응.
cb3975f6-b252-4ae8-93df-e52cbbfb35d5,346834f7-ac6e-4958-8e0d-8c2b4fb03a7e,B_E-7-4R,_review_current_requirements,REQ-107,자격 요건 > 고용기업 및 고용주 요건 > 다. 제외 대상,d3c64f30-9c86-4459-93d5-bfbb02863e5c,8,2026-01-12,2026-09-18,visa_requirement_criteria,77962498-e4fb-42ff-a139-3242bb57fee9,TRANSFORM,MAPPED,,2026-08-25,2단계 원문·v2 대조 완료: 한시면제의 기존 근로자 전환 원자조건에 대응. 원문에 없는 파생 결격사유에는 매핑하지 않음.
99fda4cc-f1f0-4ec7-a662-ecb838ee91c3,346834f7-ac6e-4958-8e0d-8c2b4fb03a7e,B_E-7-4R,current_requirements,REQ-116,자격 요건 > 점수제 심사,d3c64f30-9c86-4459-93d5-bfbb02863e5c,5,2026-01-12,2026-09-18,visa_requirement_criteria,dd46b60f-26c0-4c58-8210-3f3edb0b648a,TRANSFORM,MAPPED,,2026-08-25,"2단계 원문·v2 대조 완료: 일반 2,600만원 연봉기준의 비예외 업종 조건에 대응."
875308bc-c59c-4b22-ba55-484c160b4e3f,346834f7-ac6e-4958-8e0d-8c2b4fb03a7e,B_E-7-4R,current_requirements,REQ-117,자격 요건 > 점수제 심사,d3c64f30-9c86-4459-93d5-bfbb02863e5c,5,2026-01-12,2026-09-18,visa_requirement_criteria,9fd21a9d-2954-4f09-a17f-eb975814bb63,TRANSFORM,MAPPED,,2026-08-25,"2단계 원문·v2 대조 완료: 2,500만원 예외 연봉기준의 농·축산업·어업·내항상선 업종 조건에 대응."
9ca9ac8f-6564-4c63-b704-2014291ee6e0,a228433b-abe4-4785-8496-3e1cb3d597c1,A_F-2-R,visa_announcement_rounds,6833996f-8110-5836-b1d6-1f94bd249d59,round=17 > document_submission_stages,2c892d50-7de9-431f-95f7-c02c7b2a7d76,"1-2,10",2025-03-07,2026-09-18,visa_process_stages,532681ef-6e33-44eb-ab4d-62af6b42c3fe,TRANSFORM,MAPPED,,2026-08-25,1:many 매핑 — 17차 공고 일정 행에서 문서 FK에 필요한 '시·군 추천 신청' 단계 생성.
6a1dae7b-9718-4dc4-a823-51161b0f14a2,a228433b-abe4-4785-8496-3e1cb3d597c1,A_F-2-R,visa_announcement_rounds,6833996f-8110-5836-b1d6-1f94bd249d59,round=17 > document_submission_stages,2c892d50-7de9-431f-95f7-c02c7b2a7d76,"2,9-11",2025-03-07,2026-09-18,visa_process_stages,2d90b0c2-4775-4a55-b4cf-eefcadafb05a,TRANSFORM,MAPPED,,2026-08-25,1:many 매핑 — 17차 공고 일정 행에서 문서 FK에 필요한 '체류자격 변경 신청' 단계 생성.
5cf751f0-c1d9-499a-b893-231a01863ae4,a228433b-abe4-4785-8496-3e1cb3d597c1,A_F-2-R,visa_required_documents,f2032bf8-91ca-566e-b8c1-d123ccda2fde,submission_stage=city_county,2c892d50-7de9-431f-95f7-c02c7b2a7d76,9,2026-08-03,2026-09-18,document_requirements,888d71b1-17e8-490b-bd54-95800122199b,TRANSFORM,MAPPED,,2026-08-25,1:1 매핑 — 17차 공고문 p.9와 원천 reviewed 행을 대조해 v2 제출서류로 변환.
9e0d8e0c-9bba-4d6e-ad9e-9bc08dc4efd7,a228433b-abe4-4785-8496-3e1cb3d597c1,A_F-2-R,visa_required_documents,89a1b371-a58e-5230-b56d-8c9d1fcfe23d,submission_stage=city_county,2c892d50-7de9-431f-95f7-c02c7b2a7d76,9,2026-08-03,2026-09-18,document_requirements,f314edaa-b5c4-4c51-b6a7-c2b5567ba27b,TRANSFORM,MAPPED,,2026-08-25,1:1 매핑 — 17차 공고문 p.9와 원천 reviewed 행을 대조해 v2 제출서류로 변환.
5586148c-5b5c-43d4-8974-d8a352bbeee3,a228433b-abe4-4785-8496-3e1cb3d597c1,A_F-2-R,visa_required_documents,93314914-4be0-58be-997c-b11e7abf8458,submission_stage=city_county,2c892d50-7de9-431f-95f7-c02c7b2a7d76,9,2026-08-03,2026-09-18,document_requirements,3e4ca84d-1732-4a9d-a96d-a674bdb664a3,TRANSFORM,MAPPED,,2026-08-25,1:1 매핑 — 17차 공고문 p.9와 원천 reviewed 행을 대조해 v2 제출서류로 변환.
95d8d378-b14a-4772-83b5-55dcb1916165,a228433b-abe4-4785-8496-3e1cb3d597c1,A_F-2-R,visa_required_documents,1c637de8-3c70-503c-a4c5-8e3dee1772bd,submission_stage=city_county,2c892d50-7de9-431f-95f7-c02c7b2a7d76,9,2026-08-03,2026-09-18,document_requirements,62a23d43-1c09-44af-ab67-f8350da76660,TRANSFORM,MAPPED,,2026-08-25,1:1 매핑 — 17차 공고문 p.9와 원천 reviewed 행을 대조해 v2 제출서류로 변환.
295b4467-90b1-4de1-98d9-303a1afd8423,a228433b-abe4-4785-8496-3e1cb3d597c1,A_F-2-R,visa_required_documents,d894e4d9-e884-55f3-9ade-ca1f80be6910,submission_stage=city_county,2c892d50-7de9-431f-95f7-c02c7b2a7d76,9,2026-08-03,2026-09-18,document_requirements,e27c008e-700c-4f26-9113-3c00dcca094e,TRANSFORM,MAPPED,,2026-08-25,1:1 매핑 — 17차 공고문 p.9와 원천 reviewed 행을 대조해 v2 제출서류로 변환.
531d0672-7105-43b2-a090-1bab2289bc23,a228433b-abe4-4785-8496-3e1cb3d597c1,A_F-2-R,visa_required_documents,42229f6a-06b3-5d8f-a102-30cb547ba577,submission_stage=city_county,2c892d50-7de9-431f-95f7-c02c7b2a7d76,9,2026-08-03,2026-09-18,document_requirements,a771432e-6b4f-4a3e-9265-911eadffdf24,TRANSFORM,MAPPED,,2026-08-25,1:1 매핑 — 17차 공고문 p.9와 원천 reviewed 행을 대조해 v2 제출서류로 변환.
95f9e149-299e-463c-b96e-984eccfc51ba,a228433b-abe4-4785-8496-3e1cb3d597c1,A_F-2-R,visa_required_documents,5af0aa6c-9706-5f61-a949-eeeff7f8a244,submission_stage=city_county,2c892d50-7de9-431f-95f7-c02c7b2a7d76,9,2026-08-03,2026-09-18,document_requirements,32b594a0-215e-4958-b05e-14166703ed1b,TRANSFORM,MAPPED,,2026-08-25,1:1 매핑 — 17차 공고문 p.9와 원천 reviewed 행을 대조해 v2 제출서류로 변환.
b3951c81-a047-451e-b266-a4b9a478d76e,a228433b-abe4-4785-8496-3e1cb3d597c1,A_F-2-R,visa_required_documents,5c9dc4a2-9b91-54ca-a147-38b52ccd6795,submission_stage=city_county,2c892d50-7de9-431f-95f7-c02c7b2a7d76,9,2026-08-03,2026-09-18,document_requirements,b1f68dc7-22db-4195-aaed-63aa080005cf,TRANSFORM,MAPPED,,2026-08-25,1:1 매핑 — 17차 공고문 p.9와 원천 reviewed 행을 대조해 v2 제출서류로 변환.
fb9596b3-04f0-4fa9-a5e6-bfda0f1c781e,a228433b-abe4-4785-8496-3e1cb3d597c1,A_F-2-R,visa_required_documents,b421c216-adef-5292-862e-362fd60fddf5,submission_stage=city_county,2c892d50-7de9-431f-95f7-c02c7b2a7d76,9,2026-08-03,2026-09-18,document_requirements,e7cae1ba-ff2c-46e7-9f7a-675520496fa5,TRANSFORM,MAPPED,,2026-08-25,1:1 매핑 — 17차 공고문 p.9와 원천 reviewed 행을 대조해 v2 제출서류로 변환.
057d8c2e-1c1c-4a6a-b4f3-9e4c9d052314,a228433b-abe4-4785-8496-3e1cb3d597c1,A_F-2-R,visa_required_documents,5e1cc453-981f-59eb-97ab-4ae124cad88e,submission_stage=city_county,2c892d50-7de9-431f-95f7-c02c7b2a7d76,9,2026-08-03,2026-09-18,document_requirements,e807f21d-b04f-4120-a2b0-de74173c41d6,TRANSFORM,MAPPED,,2026-08-25,1:1 매핑 — 17차 공고문 p.9와 원천 reviewed 행을 대조해 v2 제출서류로 변환.
607aa129-aa61-4d2a-a723-f5fad6a37346,a228433b-abe4-4785-8496-3e1cb3d597c1,A_F-2-R,visa_required_documents,45670f94-10ef-50c8-8481-d30f1df43420,submission_stage=city_county,2c892d50-7de9-431f-95f7-c02c7b2a7d76,9,2026-08-03,2026-09-18,document_requirements,248cc8fc-f989-4c23-8261-2c2c188674d6,TRANSFORM,MAPPED,,2026-08-25,1:1 매핑 — 17차 공고문 p.9와 원천 reviewed 행을 대조해 v2 제출서류로 변환.
f809d9a9-9a45-4d72-b526-343cc934b363,a228433b-abe4-4785-8496-3e1cb3d597c1,A_F-2-R,visa_required_documents,b087f006-9e71-5fc3-ae20-906a1f172d5a,submission_stage=city_county,2c892d50-7de9-431f-95f7-c02c7b2a7d76,9,2026-08-03,2026-09-18,document_requirements,460a3c45-2aec-45b3-8a21-e1e611816c2d,TRANSFORM,MAPPED,,2026-08-25,1:1 매핑 — 17차 공고문 p.9와 원천 reviewed 행을 대조해 v2 제출서류로 변환.
0c7f6aac-3fb6-4330-92d7-a4df80b9dde5,a228433b-abe4-4785-8496-3e1cb3d597c1,A_F-2-R,visa_required_documents,106756d3-5217-59e5-b7fb-ff9d2f01db5b,submission_stage=city_county,2c892d50-7de9-431f-95f7-c02c7b2a7d76,9,2026-08-03,2026-09-18,document_requirements,7b89fe42-eb3f-4cf1-8b24-b294b24f795d,TRANSFORM,MAPPED,,2026-08-25,1:1 매핑 — 17차 공고문 p.9와 원천 reviewed 행을 대조해 v2 제출서류로 변환.
db9d4457-6df9-40e2-8a22-53a5150bd1d7,a228433b-abe4-4785-8496-3e1cb3d597c1,A_F-2-R,visa_required_documents,543bc13b-d1f3-5ddb-84d4-6959a91bffbb,submission_stage=city_county,2c892d50-7de9-431f-95f7-c02c7b2a7d76,9,2026-08-03,2026-09-18,document_requirements,bed8eb00-4a87-4a9e-a6a5-4a8bb10e5c43,TRANSFORM,MAPPED,,2026-08-25,1:1 매핑 — 17차 공고문 p.9와 원천 reviewed 행을 대조해 v2 제출서류로 변환.
76f0ff10-0dc4-41b9-8fd8-790421f2cbb5,a228433b-abe4-4785-8496-3e1cb3d597c1,A_F-2-R,visa_required_documents,e3b353da-1a03-58c7-835b-393568032863,submission_stage=city_county,2c892d50-7de9-431f-95f7-c02c7b2a7d76,9,2026-08-03,2026-09-18,document_requirements,2a5feae6-ade1-4589-a711-bcfb3ba1c564,TRANSFORM,MAPPED,,2026-08-25,1:1 매핑 — 17차 공고문 p.9와 원천 reviewed 행을 대조해 v2 제출서류로 변환.
46bed44a-94fb-42b7-ba66-de802f15bf7c,a228433b-abe4-4785-8496-3e1cb3d597c1,A_F-2-R,visa_required_documents,631fd61b-431c-52f4-862d-c751e5089a91,submission_stage=city_county,2c892d50-7de9-431f-95f7-c02c7b2a7d76,9,2026-08-03,2026-09-18,document_requirements,24c996cd-6f1c-40b5-b8a2-95de7d1a0c2d,TRANSFORM,MAPPED,,2026-08-25,1:1 매핑 — 17차 공고문 p.9와 원천 reviewed 행을 대조해 v2 제출서류로 변환.
0fe94ea9-5475-49bc-889e-a71e713e1724,a228433b-abe4-4785-8496-3e1cb3d597c1,A_F-2-R,visa_required_documents,1d4ecfed-23c0-52cc-b105-c7f70315a462,submission_stage=city_county,2c892d50-7de9-431f-95f7-c02c7b2a7d76,9,2026-08-03,2026-09-18,document_requirements,50011f80-1c98-4c2b-a7ab-27e15383707e,TRANSFORM,MAPPED,,2026-08-25,1:1 매핑 — 17차 공고문 p.9와 원천 reviewed 행을 대조해 v2 제출서류로 변환.
5f0d8751-6445-44ec-b2e5-f286be9da02a,a228433b-abe4-4785-8496-3e1cb3d597c1,A_F-2-R,visa_required_documents,28ae356a-cc10-5813-a902-0b2d8b1bb9dc,submission_stage=city_county,2c892d50-7de9-431f-95f7-c02c7b2a7d76,9,2026-08-03,2026-09-18,document_requirements,ddb3b023-4c2f-488b-8963-be47c40fb0d4,TRANSFORM,MAPPED,,2026-08-25,1:1 매핑 — 17차 공고문 p.9와 원천 reviewed 행을 대조해 v2 제출서류로 변환.
6441b0c9-0ddb-4591-9395-2d3d9945b6b4,a228433b-abe4-4785-8496-3e1cb3d597c1,A_F-2-R,visa_required_documents,c50f33aa-424f-51db-a21d-70847940d29e,submission_stage=city_county,2c892d50-7de9-431f-95f7-c02c7b2a7d76,9,2026-08-03,2026-09-18,document_requirements,a3d97a80-f2ad-442d-a65b-3a99f1a1ac94,TRANSFORM,MAPPED,,2026-08-25,1:1 매핑 — 17차 공고문 p.9와 원천 reviewed 행을 대조해 v2 제출서류로 변환.
5077f071-ee25-46c8-8648-56a362f119fa,a228433b-abe4-4785-8496-3e1cb3d597c1,A_F-2-R,visa_required_documents,97b1b229-e766-5110-86cf-91fbf3ab9e1e,submission_stage=city_county,2c892d50-7de9-431f-95f7-c02c7b2a7d76,9,2026-08-03,2026-09-18,document_requirements,4b324656-b442-440b-b03f-81578fe0312d,TRANSFORM,MAPPED,,2026-08-25,1:1 매핑 — 17차 공고문 p.9와 원천 reviewed 행을 대조해 v2 제출서류로 변환.
f43e377f-7028-467e-a89a-a133e85bbb33,a228433b-abe4-4785-8496-3e1cb3d597c1,A_F-2-R,visa_required_documents,fc764466-36a3-57a7-9d88-22ee70a0050f,submission_stage=city_county,2c892d50-7de9-431f-95f7-c02c7b2a7d76,9,2026-08-03,2026-09-18,document_requirements,4868232c-39c5-49d9-a089-ce35970a8ce7,TRANSFORM,MAPPED,,2026-08-25,1:1 매핑 — 17차 공고문 p.9와 원천 reviewed 행을 대조해 v2 제출서류로 변환.
1adbc7f8-e1b7-4ad0-8200-2dc961ebb312,a228433b-abe4-4785-8496-3e1cb3d597c1,A_F-2-R,visa_required_documents,fc9e2d40-8f4b-5cee-8ba0-d814c08565fa,submission_stage=city_county,2c892d50-7de9-431f-95f7-c02c7b2a7d76,9,2026-08-03,2026-09-18,document_requirements,83fe0321-5c97-444e-b83b-5522c67cb336,TRANSFORM,MAPPED,,2026-08-25,1:1 매핑 — 17차 공고문 p.9와 원천 reviewed 행을 대조해 v2 제출서류로 변환.
771baa5b-abed-4171-b1ad-a25c010ac064,a228433b-abe4-4785-8496-3e1cb3d597c1,A_F-2-R,visa_required_documents,0fe0d7b8-7acf-540e-9840-06d84480320a,submission_stage=city_county,2c892d50-7de9-431f-95f7-c02c7b2a7d76,9,2026-08-03,2026-09-18,document_requirements,5415a704-371e-455b-ab62-1d06d4dae169,TRANSFORM,MAPPED,,2026-08-25,1:1 매핑 — 17차 공고문 p.9와 원천 reviewed 행을 대조해 v2 제출서류로 변환.
e16c5160-4fb6-489f-8185-2eb178426dbb,a228433b-abe4-4785-8496-3e1cb3d597c1,A_F-2-R,visa_required_documents,80d010e3-7937-5b72-bcd6-218c799ad3f1,submission_stage=city_county,2c892d50-7de9-431f-95f7-c02c7b2a7d76,9,2026-08-03,2026-09-18,document_requirements,414730cf-6b6d-4e63-be3e-591e9d4b596a,TRANSFORM,MAPPED,,2026-08-25,1:1 매핑 — 17차 공고문 p.9와 원천 reviewed 행을 대조해 v2 제출서류로 변환.
8ca11fed-dd0a-43f1-84d4-7f8fa17f4612,a228433b-abe4-4785-8496-3e1cb3d597c1,A_F-2-R,visa_required_documents,d32e8997-0c23-5db4-ad5f-1434d53501bd,submission_stage=city_county,2c892d50-7de9-431f-95f7-c02c7b2a7d76,9,2026-08-03,2026-09-18,document_requirements,b87eb278-ce10-419f-a872-82ae72b8584f,TRANSFORM,MAPPED,,2026-08-25,1:1 매핑 — 17차 공고문 p.9와 원천 reviewed 행을 대조해 v2 제출서류로 변환.
56246169-1cc3-49a6-82b2-e783bdf87ac6,a228433b-abe4-4785-8496-3e1cb3d597c1,A_F-2-R,visa_required_documents,bf9fe3cb-c681-5902-8060-2b677fa34bd0,submission_stage=city_county,2c892d50-7de9-431f-95f7-c02c7b2a7d76,9,2026-08-03,2026-09-18,document_requirements,776ff863-0230-492e-97f5-ea1dd5efce0a,TRANSFORM,MAPPED,,2026-08-25,1:1 매핑 — 17차 공고문 p.9와 원천 reviewed 행을 대조해 v2 제출서류로 변환.
921875df-8eaa-472f-824c-c9decd63bbd2,a228433b-abe4-4785-8496-3e1cb3d597c1,A_F-2-R,visa_required_documents,c4ab8a1f-46b5-530c-84ba-6ae3a1a616d9,submission_stage=city_county,2c892d50-7de9-431f-95f7-c02c7b2a7d76,9,2026-08-03,2026-09-18,document_requirements,13761447-e924-4821-a999-6a7b4ceeeb8e,TRANSFORM,MAPPED,,2026-08-25,1:1 매핑 — 17차 공고문 p.9와 원천 reviewed 행을 대조해 v2 제출서류로 변환.
01d96053-48ba-4c25-bec6-ed0e6c2c7413,a228433b-abe4-4785-8496-3e1cb3d597c1,A_F-2-R,visa_required_documents,a8c58178-2877-5fed-a0ad-9714dd0783d3,submission_stage=city_county,2c892d50-7de9-431f-95f7-c02c7b2a7d76,9,2026-05-18,2027-12-31,document_requirements,74d649df-7e93-4767-b297-622227a12b53,TRANSFORM,MAPPED,,2026-08-25,1:1 매핑 — 17차 공고문 p.9와 원천 reviewed 행을 대조해 v2 제출서류로 변환.
3acc8213-ed7b-4e9e-a21f-6565d094b4a7,a228433b-abe4-4785-8496-3e1cb3d597c1,A_F-2-R,visa_required_documents,5e1a015b-2159-584a-b70b-cb911fb7c148,submission_stage=city_county,2c892d50-7de9-431f-95f7-c02c7b2a7d76,9,2026-05-18,2027-12-31,document_requirements,3dab1bf8-ba25-4af6-9605-6bd3849079cb,TRANSFORM,MAPPED,,2026-08-25,1:1 매핑 — 17차 공고문 p.9와 원천 reviewed 행을 대조해 v2 제출서류로 변환.
4db64108-12fa-41e0-8c0c-83f779b83263,a228433b-abe4-4785-8496-3e1cb3d597c1,A_F-2-R,visa_required_documents,c7cfdda0-831e-53b2-a6ac-4058bf35f2a2,submission_stage=city_county,2c892d50-7de9-431f-95f7-c02c7b2a7d76,9,2026-05-18,2027-12-31,document_requirements,cd1d2c50-feed-479c-b811-5773fb010f30,TRANSFORM,MAPPED,,2026-08-25,1:1 매핑 — 17차 공고문 p.9와 원천 reviewed 행을 대조해 v2 제출서류로 변환.
c31966a9-fd45-4c32-a2df-e41f42713df3,a228433b-abe4-4785-8496-3e1cb3d597c1,A_F-2-R,visa_required_documents,9e4c60f1-17f3-52cc-b41e-681a1b0991b7,submission_stage=city_county,2c892d50-7de9-431f-95f7-c02c7b2a7d76,9,2026-05-18,2027-12-31,document_requirements,3751de40-5ee8-4c2d-90c1-afbe8615b2ae,TRANSFORM,MAPPED,,2026-08-25,1:1 매핑 — 17차 공고문 p.9와 원천 reviewed 행을 대조해 v2 제출서류로 변환.
8beb9a80-682f-4197-a8ad-b33ffc1195c6,a228433b-abe4-4785-8496-3e1cb3d597c1,A_F-2-R,visa_required_documents,3fc4927a-dfa3-5913-8a82-518d22ebbaf5,submission_stage=city_county,2c892d50-7de9-431f-95f7-c02c7b2a7d76,9,2026-08-03,2026-09-18,document_requirements,7c37cc2e-99d2-49dd-90f2-a889e27ed016,TRANSFORM,MAPPED,,2026-08-25,1:1 매핑 — 17차 공고문 p.9와 원천 reviewed 행을 대조해 v2 제출서류로 변환.
4b2b79e4-9f74-4632-b915-ca4ea35a6f3d,a228433b-abe4-4785-8496-3e1cb3d597c1,A_F-2-R,visa_required_documents,668ec551-742d-5f74-95ce-d7b50dd532a6,submission_stage=city_county,2c892d50-7de9-431f-95f7-c02c7b2a7d76,9,2026-08-03,2026-09-18,document_requirements,0be54517-ec4a-422d-8b1f-27a76f3a24f5,TRANSFORM,MAPPED,,2026-08-25,1:1 매핑 — 17차 공고문 p.9와 원천 reviewed 행을 대조해 v2 제출서류로 변환.
e31fcb06-ab82-4226-9e26-432bbc9fa55c,a228433b-abe4-4785-8496-3e1cb3d597c1,A_F-2-R,visa_required_documents,c72eb500-fc10-5ab1-bca4-77d94ffec58c,submission_stage=city_county,2c892d50-7de9-431f-95f7-c02c7b2a7d76,9,2026-08-03,2026-09-18,document_requirements,ab7bc4d5-8acf-490e-8ce1-454d3ad9550e,TRANSFORM,MAPPED,,2026-08-25,1:1 매핑 — 17차 공고문 p.9와 원천 reviewed 행을 대조해 v2 제출서류로 변환.
978b3fa3-910d-4e92-b090-3792f92a241c,a228433b-abe4-4785-8496-3e1cb3d597c1,A_F-2-R,visa_required_documents,5071d2d4-25ff-51b1-95d8-0b0b834819f1,submission_stage=city_county,2c892d50-7de9-431f-95f7-c02c7b2a7d76,9,2026-08-03,2026-09-18,document_requirements,f44fb09e-7b83-47fb-a666-3a7e4b496ea0,TRANSFORM,MAPPED,,2026-08-25,1:1 매핑 — 17차 공고문 p.9와 원천 reviewed 행을 대조해 v2 제출서류로 변환.
fab2e533-86ad-4c61-bfd3-bc90fb371e7a,a228433b-abe4-4785-8496-3e1cb3d597c1,A_F-2-R,visa_required_documents,13690217-a661-5c52-b950-94378ecd86e8,submission_stage=immigration_office,2c892d50-7de9-431f-95f7-c02c7b2a7d76,9,2026-08-03,2026-09-18,document_requirements,0ce98dc7-a02a-4878-ae64-a3c352ea41ec,TRANSFORM,MAPPED,,2026-08-25,1:1 매핑 — 17차 공고문 p.9와 원천 reviewed 행을 대조해 v2 제출서류로 변환.
ecd1a5aa-6a04-42ff-9073-a68e9a2dae44,a228433b-abe4-4785-8496-3e1cb3d597c1,A_F-2-R,visa_required_documents,2c580977-3910-5d4d-9e9e-9e3b7a960ee9,submission_stage=immigration_office,2c892d50-7de9-431f-95f7-c02c7b2a7d76,9,2026-08-03,2026-09-18,document_requirements,6d117784-eff8-4223-a2c2-e041e7ef174b,TRANSFORM,MAPPED,,2026-08-25,1:1 매핑 — 17차 공고문 p.9와 원천 reviewed 행을 대조해 v2 제출서류로 변환.
43d0d115-6aa3-4f60-b078-312499a12e77,a228433b-abe4-4785-8496-3e1cb3d597c1,A_F-2-R,visa_required_documents,a3c9a5e1-71f6-5c9a-b38e-a1a15465eb55,submission_stage=immigration_office,2c892d50-7de9-431f-95f7-c02c7b2a7d76,9,2026-08-03,2026-09-18,document_requirements,ba9670c2-d48e-44d2-8f54-79c5dd6b52b6,TRANSFORM,MAPPED,,2026-08-25,1:1 매핑 — 17차 공고문 p.9와 원천 reviewed 행을 대조해 v2 제출서류로 변환.
7ab17e6c-16f8-40da-9ee7-140f5a146a5b,a228433b-abe4-4785-8496-3e1cb3d597c1,A_F-2-R,visa_required_documents,2bd2f562-9f13-501c-b4e6-941830cabe64,submission_stage=immigration_office,2c892d50-7de9-431f-95f7-c02c7b2a7d76,9,2026-08-03,2026-09-18,document_requirements,d812cee7-8087-4ad8-ace7-c62f29663dd1,TRANSFORM,MAPPED,,2026-08-25,1:1 매핑 — 17차 공고문 p.9와 원천 reviewed 행을 대조해 v2 제출서류로 변환.
509b155b-faec-422a-86c3-40a282a4f286,a228433b-abe4-4785-8496-3e1cb3d597c1,A_F-2-R,visa_required_documents,e8d9e3f9-fdbe-5733-a035-3abd4c605ae4,submission_stage=immigration_office,2c892d50-7de9-431f-95f7-c02c7b2a7d76,9,2026-08-03,2026-09-18,document_requirements,cb590ea3-0821-428a-b81e-017ddf6626b8,TRANSFORM,MAPPED,,2026-08-25,1:1 매핑 — 17차 공고문 p.9와 원천 reviewed 행을 대조해 v2 제출서류로 변환.
e1a7492a-4b74-4df6-aaaa-61153712c9f8,a228433b-abe4-4785-8496-3e1cb3d597c1,A_F-2-R,visa_required_documents,d3619df1-8902-591a-a39d-a39b286f5cda,submission_stage=immigration_office,2c892d50-7de9-431f-95f7-c02c7b2a7d76,9,2026-08-03,2026-09-18,document_requirements,c05e60c1-e9b5-46cd-81bf-d54ea2907c4c,TRANSFORM,MAPPED,,2026-08-25,1:1 매핑 — 17차 공고문 p.9와 원천 reviewed 행을 대조해 v2 제출서류로 변환.
9b67c796-96c3-4266-9dc2-bbcda1d89caf,a228433b-abe4-4785-8496-3e1cb3d597c1,A_F-2-R,visa_required_documents,04401245-45ac-50f8-8f6e-0252d3416e40,submission_stage=immigration_office,2c892d50-7de9-431f-95f7-c02c7b2a7d76,9,2026-08-03,2026-09-18,document_requirements,0ab861f8-438a-43cd-9919-e9deec9f52b6,TRANSFORM,MAPPED,,2026-08-25,1:1 매핑 — 17차 공고문 p.9와 원천 reviewed 행을 대조해 v2 제출서류로 변환.
2e6f6bd2-1dd5-4a20-967b-4bb20a825e09,a228433b-abe4-4785-8496-3e1cb3d597c1,A_F-2-R,visa_required_documents,21996256-fcfe-55b7-8485-4c6b9ea378fd,submission_stage=immigration_office,2c892d50-7de9-431f-95f7-c02c7b2a7d76,9,2026-08-03,2026-09-18,document_requirements,19848598-8e10-4c93-8276-a24d980a7751,TRANSFORM,MAPPED,,2026-08-25,1:1 매핑 — 17차 공고문 p.9와 원천 reviewed 행을 대조해 v2 제출서류로 변환.
9a12ae16-8bb1-42cc-b372-8431ef6deb77,a228433b-abe4-4785-8496-3e1cb3d597c1,A_F-2-R,visa_required_documents,3da35a1f-42d2-587a-88b8-81023c6ec2a9,submission_stage=immigration_office,2c892d50-7de9-431f-95f7-c02c7b2a7d76,9,2026-08-03,2026-09-18,document_requirements,e34c3350-d7ef-4413-b05f-32658c9c2dd7,TRANSFORM,MAPPED,,2026-08-25,1:1 매핑 — 17차 공고문 p.9와 원천 reviewed 행을 대조해 v2 제출서류로 변환.
ee55b3da-76d2-451c-a72a-c983da8ee853,a228433b-abe4-4785-8496-3e1cb3d597c1,A_F-2-R,visa_required_documents,1dc9c6a3-6581-57c8-ac24-6b8e3a87cc41,submission_stage=immigration_office,6fe08cb5-96dd-4784-b266-f72d517595fc,"8,16",2026-08-03,2026-09-18,document_requirements,6a3802b8-ad3f-48c5-9612-62e6a402d23d,TRANSFORM,MAPPED,,2026-08-26,붙임 p.16은 적용 조건을 생략한 출입국 제출서류 목록이고 p.8은 국내 대학 졸업생 필수 제출이라는 상세 조건을 명시하므로 학교장 추천서를 조건부 필수로 이관함.
5c0970dc-04bb-4ec1-b762-47a8a50bc18b,a228433b-abe4-4785-8496-3e1cb3d597c1,A_F-2-R,visa_required_documents,e8d9e3f9-fdbe-5733-a035-3abd4c605ae4,submission_stage=immigration_office > dossier=시·군 제출서류 일체,2c892d50-7de9-431f-95f7-c02c7b2a7d76,9,2026-08-03,2026-09-18,document_attachment_relations,46e8c409-bd69-4896-8008-d8c4071c037e,MERGE,MAPPED,,2026-08-25,1:many/MERGE — '시·군 제출서류 일체' 원천 행과 개별 시·군 제출서류 원천 행을 결합해 첨부관계 생성(상대 원천 f2032bf8-91ca-566e-b8c1-d123ccda2fde).
844b8322-152d-42aa-81dd-59b982767a57,a228433b-abe4-4785-8496-3e1cb3d597c1,A_F-2-R,visa_required_documents,f2032bf8-91ca-566e-b8c1-d123ccda2fde,submission_stage=city_county > immigration_dossier_attachment,2c892d50-7de9-431f-95f7-c02c7b2a7d76,9,2026-08-03,2026-09-18,document_attachment_relations,46e8c409-bd69-4896-8008-d8c4071c037e,MERGE,MAPPED,,2026-08-25,MERGE — 개별 시·군 제출서류 원천 행과 '시·군 제출서류 일체' 원천 행을 결합해 첨부관계 생성(상대 원천 e8d9e3f9-fdbe-5733-a035-3abd4c605ae4).
765509da-c52e-4566-9266-714ede128a2d,a228433b-abe4-4785-8496-3e1cb3d597c1,A_F-2-R,visa_required_documents,e8d9e3f9-fdbe-5733-a035-3abd4c605ae4,submission_stage=immigration_office > dossier=시·군 제출서류 일체,2c892d50-7de9-431f-95f7-c02c7b2a7d76,9,2026-08-03,2026-09-18,document_attachment_relations,412647b8-ffd8-48bf-8730-393d3e971660,MERGE,MAPPED,,2026-08-25,1:many/MERGE — '시·군 제출서류 일체' 원천 행과 개별 시·군 제출서류 원천 행을 결합해 첨부관계 생성(상대 원천 89a1b371-a58e-5230-b56d-8c9d1fcfe23d).
74c4b9f9-2506-4b04-b1df-825e47318cae,a228433b-abe4-4785-8496-3e1cb3d597c1,A_F-2-R,visa_required_documents,89a1b371-a58e-5230-b56d-8c9d1fcfe23d,submission_stage=city_county > immigration_dossier_attachment,2c892d50-7de9-431f-95f7-c02c7b2a7d76,9,2026-08-03,2026-09-18,document_attachment_relations,412647b8-ffd8-48bf-8730-393d3e971660,MERGE,MAPPED,,2026-08-25,MERGE — 개별 시·군 제출서류 원천 행과 '시·군 제출서류 일체' 원천 행을 결합해 첨부관계 생성(상대 원천 e8d9e3f9-fdbe-5733-a035-3abd4c605ae4).
ca98e5ae-f4d1-48ad-9d63-b3483ff65694,a228433b-abe4-4785-8496-3e1cb3d597c1,A_F-2-R,visa_required_documents,e8d9e3f9-fdbe-5733-a035-3abd4c605ae4,submission_stage=immigration_office > dossier=시·군 제출서류 일체,2c892d50-7de9-431f-95f7-c02c7b2a7d76,9,2026-08-03,2026-09-18,document_attachment_relations,5acbd4d1-cf73-4fcb-9dd7-c1721dc30a2a,MERGE,MAPPED,,2026-08-25,1:many/MERGE — '시·군 제출서류 일체' 원천 행과 개별 시·군 제출서류 원천 행을 결합해 첨부관계 생성(상대 원천 93314914-4be0-58be-997c-b11e7abf8458).
f152347e-6a50-4a53-900c-a58b65ef56dd,a228433b-abe4-4785-8496-3e1cb3d597c1,A_F-2-R,visa_required_documents,93314914-4be0-58be-997c-b11e7abf8458,submission_stage=city_county > immigration_dossier_attachment,2c892d50-7de9-431f-95f7-c02c7b2a7d76,9,2026-08-03,2026-09-18,document_attachment_relations,5acbd4d1-cf73-4fcb-9dd7-c1721dc30a2a,MERGE,MAPPED,,2026-08-25,MERGE — 개별 시·군 제출서류 원천 행과 '시·군 제출서류 일체' 원천 행을 결합해 첨부관계 생성(상대 원천 e8d9e3f9-fdbe-5733-a035-3abd4c605ae4).
5ab26802-d5e5-4bdc-b538-165d13ec1476,a228433b-abe4-4785-8496-3e1cb3d597c1,A_F-2-R,visa_required_documents,e8d9e3f9-fdbe-5733-a035-3abd4c605ae4,submission_stage=immigration_office > dossier=시·군 제출서류 일체,2c892d50-7de9-431f-95f7-c02c7b2a7d76,9,2026-08-03,2026-09-18,document_attachment_relations,40cdd1c5-3c68-49e0-9686-604aabd0402c,MERGE,MAPPED,,2026-08-25,1:many/MERGE — '시·군 제출서류 일체' 원천 행과 개별 시·군 제출서류 원천 행을 결합해 첨부관계 생성(상대 원천 1c637de8-3c70-503c-a4c5-8e3dee1772bd).
0882eb8e-3d7a-4421-821b-678e70c9b8c5,a228433b-abe4-4785-8496-3e1cb3d597c1,A_F-2-R,visa_required_documents,1c637de8-3c70-503c-a4c5-8e3dee1772bd,submission_stage=city_county > immigration_dossier_attachment,2c892d50-7de9-431f-95f7-c02c7b2a7d76,9,2026-08-03,2026-09-18,document_attachment_relations,40cdd1c5-3c68-49e0-9686-604aabd0402c,MERGE,MAPPED,,2026-08-25,MERGE — 개별 시·군 제출서류 원천 행과 '시·군 제출서류 일체' 원천 행을 결합해 첨부관계 생성(상대 원천 e8d9e3f9-fdbe-5733-a035-3abd4c605ae4).
ead68a2f-86aa-430f-9f63-83da89cab285,a228433b-abe4-4785-8496-3e1cb3d597c1,A_F-2-R,visa_required_documents,e8d9e3f9-fdbe-5733-a035-3abd4c605ae4,submission_stage=immigration_office > dossier=시·군 제출서류 일체,2c892d50-7de9-431f-95f7-c02c7b2a7d76,9,2026-08-03,2026-09-18,document_attachment_relations,2d6f0c37-2ec7-4f91-aff2-2706bb045403,MERGE,MAPPED,,2026-08-25,1:many/MERGE — '시·군 제출서류 일체' 원천 행과 개별 시·군 제출서류 원천 행을 결합해 첨부관계 생성(상대 원천 d894e4d9-e884-55f3-9ade-ca1f80be6910).
ab56ebb7-f639-4a01-aba5-2f4384a510a6,a228433b-abe4-4785-8496-3e1cb3d597c1,A_F-2-R,visa_required_documents,d894e4d9-e884-55f3-9ade-ca1f80be6910,submission_stage=city_county > immigration_dossier_attachment,2c892d50-7de9-431f-95f7-c02c7b2a7d76,9,2026-08-03,2026-09-18,document_attachment_relations,2d6f0c37-2ec7-4f91-aff2-2706bb045403,MERGE,MAPPED,,2026-08-25,MERGE — 개별 시·군 제출서류 원천 행과 '시·군 제출서류 일체' 원천 행을 결합해 첨부관계 생성(상대 원천 e8d9e3f9-fdbe-5733-a035-3abd4c605ae4).
7ada028a-1ab2-4e18-837e-a526d0ef7ddf,a228433b-abe4-4785-8496-3e1cb3d597c1,A_F-2-R,visa_required_documents,e8d9e3f9-fdbe-5733-a035-3abd4c605ae4,submission_stage=immigration_office > dossier=시·군 제출서류 일체,2c892d50-7de9-431f-95f7-c02c7b2a7d76,9,2026-08-03,2026-09-18,document_attachment_relations,04026efd-c040-4493-b01c-2e0fd4e93994,MERGE,MAPPED,,2026-08-25,1:many/MERGE — '시·군 제출서류 일체' 원천 행과 개별 시·군 제출서류 원천 행을 결합해 첨부관계 생성(상대 원천 42229f6a-06b3-5d8f-a102-30cb547ba577).
b4950bc1-7de1-4ec7-8a9d-d57662111740,a228433b-abe4-4785-8496-3e1cb3d597c1,A_F-2-R,visa_required_documents,42229f6a-06b3-5d8f-a102-30cb547ba577,submission_stage=city_county > immigration_dossier_attachment,2c892d50-7de9-431f-95f7-c02c7b2a7d76,9,2026-08-03,2026-09-18,document_attachment_relations,04026efd-c040-4493-b01c-2e0fd4e93994,MERGE,MAPPED,,2026-08-25,MERGE — 개별 시·군 제출서류 원천 행과 '시·군 제출서류 일체' 원천 행을 결합해 첨부관계 생성(상대 원천 e8d9e3f9-fdbe-5733-a035-3abd4c605ae4).
4919b033-b060-450f-9edd-44f04f9c4880,a228433b-abe4-4785-8496-3e1cb3d597c1,A_F-2-R,visa_required_documents,e8d9e3f9-fdbe-5733-a035-3abd4c605ae4,submission_stage=immigration_office > dossier=시·군 제출서류 일체,2c892d50-7de9-431f-95f7-c02c7b2a7d76,9,2026-08-03,2026-09-18,document_attachment_relations,e9d627f4-dc06-4cd2-803c-56d386aafcb4,MERGE,MAPPED,,2026-08-25,1:many/MERGE — '시·군 제출서류 일체' 원천 행과 개별 시·군 제출서류 원천 행을 결합해 첨부관계 생성(상대 원천 5af0aa6c-9706-5f61-a949-eeeff7f8a244).
9a9b29c2-0066-4f0b-a315-0bb0537c947f,a228433b-abe4-4785-8496-3e1cb3d597c1,A_F-2-R,visa_required_documents,5af0aa6c-9706-5f61-a949-eeeff7f8a244,submission_stage=city_county > immigration_dossier_attachment,2c892d50-7de9-431f-95f7-c02c7b2a7d76,9,2026-08-03,2026-09-18,document_attachment_relations,e9d627f4-dc06-4cd2-803c-56d386aafcb4,MERGE,MAPPED,,2026-08-25,MERGE — 개별 시·군 제출서류 원천 행과 '시·군 제출서류 일체' 원천 행을 결합해 첨부관계 생성(상대 원천 e8d9e3f9-fdbe-5733-a035-3abd4c605ae4).
3395df9a-a16c-42e5-a85b-33520fe378e3,a228433b-abe4-4785-8496-3e1cb3d597c1,A_F-2-R,visa_required_documents,e8d9e3f9-fdbe-5733-a035-3abd4c605ae4,submission_stage=immigration_office > dossier=시·군 제출서류 일체,2c892d50-7de9-431f-95f7-c02c7b2a7d76,9,2026-08-03,2026-09-18,document_attachment_relations,5f4eb8a9-dcd8-4da9-94c3-92540c958c36,MERGE,MAPPED,,2026-08-25,1:many/MERGE — '시·군 제출서류 일체' 원천 행과 개별 시·군 제출서류 원천 행을 결합해 첨부관계 생성(상대 원천 5c9dc4a2-9b91-54ca-a147-38b52ccd6795).
89450293-6761-495f-81a7-77f7c2033887,a228433b-abe4-4785-8496-3e1cb3d597c1,A_F-2-R,visa_required_documents,5c9dc4a2-9b91-54ca-a147-38b52ccd6795,submission_stage=city_county > immigration_dossier_attachment,2c892d50-7de9-431f-95f7-c02c7b2a7d76,9,2026-08-03,2026-09-18,document_attachment_relations,5f4eb8a9-dcd8-4da9-94c3-92540c958c36,MERGE,MAPPED,,2026-08-25,MERGE — 개별 시·군 제출서류 원천 행과 '시·군 제출서류 일체' 원천 행을 결합해 첨부관계 생성(상대 원천 e8d9e3f9-fdbe-5733-a035-3abd4c605ae4).
fc3055fe-a5f2-4a75-ad46-cfaf9c7a7efe,a228433b-abe4-4785-8496-3e1cb3d597c1,A_F-2-R,visa_required_documents,e8d9e3f9-fdbe-5733-a035-3abd4c605ae4,submission_stage=immigration_office > dossier=시·군 제출서류 일체,2c892d50-7de9-431f-95f7-c02c7b2a7d76,9,2026-08-03,2026-09-18,document_attachment_relations,7f15a839-74a3-4598-8560-ad16c1c7a120,MERGE,MAPPED,,2026-08-25,1:many/MERGE — '시·군 제출서류 일체' 원천 행과 개별 시·군 제출서류 원천 행을 결합해 첨부관계 생성(상대 원천 b421c216-adef-5292-862e-362fd60fddf5).
59f44f18-8745-40c6-aa10-e54e5f13a5d1,a228433b-abe4-4785-8496-3e1cb3d597c1,A_F-2-R,visa_required_documents,b421c216-adef-5292-862e-362fd60fddf5,submission_stage=city_county > immigration_dossier_attachment,2c892d50-7de9-431f-95f7-c02c7b2a7d76,9,2026-08-03,2026-09-18,document_attachment_relations,7f15a839-74a3-4598-8560-ad16c1c7a120,MERGE,MAPPED,,2026-08-25,MERGE — 개별 시·군 제출서류 원천 행과 '시·군 제출서류 일체' 원천 행을 결합해 첨부관계 생성(상대 원천 e8d9e3f9-fdbe-5733-a035-3abd4c605ae4).
9e606415-b511-4525-9c2f-930edc9bba2b,a228433b-abe4-4785-8496-3e1cb3d597c1,A_F-2-R,visa_required_documents,e8d9e3f9-fdbe-5733-a035-3abd4c605ae4,submission_stage=immigration_office > dossier=시·군 제출서류 일체,2c892d50-7de9-431f-95f7-c02c7b2a7d76,9,2026-08-03,2026-09-18,document_attachment_relations,703cf821-7372-46ed-86e7-8c74c160fe95,MERGE,MAPPED,,2026-08-25,1:many/MERGE — '시·군 제출서류 일체' 원천 행과 개별 시·군 제출서류 원천 행을 결합해 첨부관계 생성(상대 원천 5e1cc453-981f-59eb-97ab-4ae124cad88e).
d4b300d6-675d-40e2-a023-04366c658934,a228433b-abe4-4785-8496-3e1cb3d597c1,A_F-2-R,visa_required_documents,5e1cc453-981f-59eb-97ab-4ae124cad88e,submission_stage=city_county > immigration_dossier_attachment,2c892d50-7de9-431f-95f7-c02c7b2a7d76,9,2026-08-03,2026-09-18,document_attachment_relations,703cf821-7372-46ed-86e7-8c74c160fe95,MERGE,MAPPED,,2026-08-25,MERGE — 개별 시·군 제출서류 원천 행과 '시·군 제출서류 일체' 원천 행을 결합해 첨부관계 생성(상대 원천 e8d9e3f9-fdbe-5733-a035-3abd4c605ae4).
b1abde02-a580-4403-b997-708579546594,a228433b-abe4-4785-8496-3e1cb3d597c1,A_F-2-R,visa_required_documents,e8d9e3f9-fdbe-5733-a035-3abd4c605ae4,submission_stage=immigration_office > dossier=시·군 제출서류 일체,2c892d50-7de9-431f-95f7-c02c7b2a7d76,9,2026-08-03,2026-09-18,document_attachment_relations,fc182bce-6e0b-4bf1-85c9-6c4d3e271ac4,MERGE,MAPPED,,2026-08-25,1:many/MERGE — '시·군 제출서류 일체' 원천 행과 개별 시·군 제출서류 원천 행을 결합해 첨부관계 생성(상대 원천 45670f94-10ef-50c8-8481-d30f1df43420).
04827d78-e10d-46ae-b0fa-34aea29c879b,a228433b-abe4-4785-8496-3e1cb3d597c1,A_F-2-R,visa_required_documents,45670f94-10ef-50c8-8481-d30f1df43420,submission_stage=city_county > immigration_dossier_attachment,2c892d50-7de9-431f-95f7-c02c7b2a7d76,9,2026-08-03,2026-09-18,document_attachment_relations,fc182bce-6e0b-4bf1-85c9-6c4d3e271ac4,MERGE,MAPPED,,2026-08-25,MERGE — 개별 시·군 제출서류 원천 행과 '시·군 제출서류 일체' 원천 행을 결합해 첨부관계 생성(상대 원천 e8d9e3f9-fdbe-5733-a035-3abd4c605ae4).
918ba746-4726-4586-9e20-e97104d5f5e5,a228433b-abe4-4785-8496-3e1cb3d597c1,A_F-2-R,visa_required_documents,e8d9e3f9-fdbe-5733-a035-3abd4c605ae4,submission_stage=immigration_office > dossier=시·군 제출서류 일체,2c892d50-7de9-431f-95f7-c02c7b2a7d76,9,2026-08-03,2026-09-18,document_attachment_relations,cb3d5c5a-76f9-4f43-b2a6-598ebdef75b5,MERGE,MAPPED,,2026-08-25,1:many/MERGE — '시·군 제출서류 일체' 원천 행과 개별 시·군 제출서류 원천 행을 결합해 첨부관계 생성(상대 원천 b087f006-9e71-5fc3-ae20-906a1f172d5a).
72fb11e2-4798-4ab4-beb2-849f31f6d919,a228433b-abe4-4785-8496-3e1cb3d597c1,A_F-2-R,visa_required_documents,b087f006-9e71-5fc3-ae20-906a1f172d5a,submission_stage=city_county > immigration_dossier_attachment,2c892d50-7de9-431f-95f7-c02c7b2a7d76,9,2026-08-03,2026-09-18,document_attachment_relations,cb3d5c5a-76f9-4f43-b2a6-598ebdef75b5,MERGE,MAPPED,,2026-08-25,MERGE — 개별 시·군 제출서류 원천 행과 '시·군 제출서류 일체' 원천 행을 결합해 첨부관계 생성(상대 원천 e8d9e3f9-fdbe-5733-a035-3abd4c605ae4).
b8f6beb1-11c8-4ea5-9cb2-3b6a338de18d,a228433b-abe4-4785-8496-3e1cb3d597c1,A_F-2-R,visa_required_documents,e8d9e3f9-fdbe-5733-a035-3abd4c605ae4,submission_stage=immigration_office > dossier=시·군 제출서류 일체,2c892d50-7de9-431f-95f7-c02c7b2a7d76,9,2026-08-03,2026-09-18,document_attachment_relations,006943d5-4d72-4646-b1bd-bc16f7d35905,MERGE,MAPPED,,2026-08-25,1:many/MERGE — '시·군 제출서류 일체' 원천 행과 개별 시·군 제출서류 원천 행을 결합해 첨부관계 생성(상대 원천 106756d3-5217-59e5-b7fb-ff9d2f01db5b).
84b882b7-c8bd-4a03-8cdb-6c4989988f08,a228433b-abe4-4785-8496-3e1cb3d597c1,A_F-2-R,visa_required_documents,106756d3-5217-59e5-b7fb-ff9d2f01db5b,submission_stage=city_county > immigration_dossier_attachment,2c892d50-7de9-431f-95f7-c02c7b2a7d76,9,2026-08-03,2026-09-18,document_attachment_relations,006943d5-4d72-4646-b1bd-bc16f7d35905,MERGE,MAPPED,,2026-08-25,MERGE — 개별 시·군 제출서류 원천 행과 '시·군 제출서류 일체' 원천 행을 결합해 첨부관계 생성(상대 원천 e8d9e3f9-fdbe-5733-a035-3abd4c605ae4).
d19120b8-96b7-4d01-a7ee-b554096b35e5,a228433b-abe4-4785-8496-3e1cb3d597c1,A_F-2-R,visa_required_documents,e8d9e3f9-fdbe-5733-a035-3abd4c605ae4,submission_stage=immigration_office > dossier=시·군 제출서류 일체,2c892d50-7de9-431f-95f7-c02c7b2a7d76,9,2026-08-03,2026-09-18,document_attachment_relations,bc3671e2-07c5-4793-beaa-6736c4835075,MERGE,MAPPED,,2026-08-25,1:many/MERGE — '시·군 제출서류 일체' 원천 행과 개별 시·군 제출서류 원천 행을 결합해 첨부관계 생성(상대 원천 543bc13b-d1f3-5ddb-84d4-6959a91bffbb).
91c8f62e-83bd-4e7d-bdb1-dec934d8b2c6,a228433b-abe4-4785-8496-3e1cb3d597c1,A_F-2-R,visa_required_documents,543bc13b-d1f3-5ddb-84d4-6959a91bffbb,submission_stage=city_county > immigration_dossier_attachment,2c892d50-7de9-431f-95f7-c02c7b2a7d76,9,2026-08-03,2026-09-18,document_attachment_relations,bc3671e2-07c5-4793-beaa-6736c4835075,MERGE,MAPPED,,2026-08-25,MERGE — 개별 시·군 제출서류 원천 행과 '시·군 제출서류 일체' 원천 행을 결합해 첨부관계 생성(상대 원천 e8d9e3f9-fdbe-5733-a035-3abd4c605ae4).
62ba20cf-f981-42c3-9be8-e4de81aed477,a228433b-abe4-4785-8496-3e1cb3d597c1,A_F-2-R,visa_required_documents,e8d9e3f9-fdbe-5733-a035-3abd4c605ae4,submission_stage=immigration_office > dossier=시·군 제출서류 일체,2c892d50-7de9-431f-95f7-c02c7b2a7d76,9,2026-08-03,2026-09-18,document_attachment_relations,51f6ea4e-0df4-49e5-87c5-470304125f95,MERGE,MAPPED,,2026-08-25,1:many/MERGE — '시·군 제출서류 일체' 원천 행과 개별 시·군 제출서류 원천 행을 결합해 첨부관계 생성(상대 원천 e3b353da-1a03-58c7-835b-393568032863).
e94e8bef-0288-4108-9616-3ac5a59d6ad0,a228433b-abe4-4785-8496-3e1cb3d597c1,A_F-2-R,visa_required_documents,e3b353da-1a03-58c7-835b-393568032863,submission_stage=city_county > immigration_dossier_attachment,2c892d50-7de9-431f-95f7-c02c7b2a7d76,9,2026-08-03,2026-09-18,document_attachment_relations,51f6ea4e-0df4-49e5-87c5-470304125f95,MERGE,MAPPED,,2026-08-25,MERGE — 개별 시·군 제출서류 원천 행과 '시·군 제출서류 일체' 원천 행을 결합해 첨부관계 생성(상대 원천 e8d9e3f9-fdbe-5733-a035-3abd4c605ae4).
73e88728-4eff-4db8-802a-d9384bd45d8b,a228433b-abe4-4785-8496-3e1cb3d597c1,A_F-2-R,visa_required_documents,e8d9e3f9-fdbe-5733-a035-3abd4c605ae4,submission_stage=immigration_office > dossier=시·군 제출서류 일체,2c892d50-7de9-431f-95f7-c02c7b2a7d76,9,2026-08-03,2026-09-18,document_attachment_relations,ffbc9e01-62b2-4f48-8059-e0d1dd1d0db8,MERGE,MAPPED,,2026-08-25,1:many/MERGE — '시·군 제출서류 일체' 원천 행과 개별 시·군 제출서류 원천 행을 결합해 첨부관계 생성(상대 원천 631fd61b-431c-52f4-862d-c751e5089a91).
3c896354-5104-4ab1-82df-96dea34f5d2c,a228433b-abe4-4785-8496-3e1cb3d597c1,A_F-2-R,visa_required_documents,631fd61b-431c-52f4-862d-c751e5089a91,submission_stage=city_county > immigration_dossier_attachment,2c892d50-7de9-431f-95f7-c02c7b2a7d76,9,2026-08-03,2026-09-18,document_attachment_relations,ffbc9e01-62b2-4f48-8059-e0d1dd1d0db8,MERGE,MAPPED,,2026-08-25,MERGE — 개별 시·군 제출서류 원천 행과 '시·군 제출서류 일체' 원천 행을 결합해 첨부관계 생성(상대 원천 e8d9e3f9-fdbe-5733-a035-3abd4c605ae4).
d6b74d28-6827-4152-8d6c-56684f8a8774,a228433b-abe4-4785-8496-3e1cb3d597c1,A_F-2-R,visa_required_documents,e8d9e3f9-fdbe-5733-a035-3abd4c605ae4,submission_stage=immigration_office > dossier=시·군 제출서류 일체,2c892d50-7de9-431f-95f7-c02c7b2a7d76,9,2026-08-03,2026-09-18,document_attachment_relations,e48e09b1-9014-4cf1-a190-edd725dd106d,MERGE,MAPPED,,2026-08-25,1:many/MERGE — '시·군 제출서류 일체' 원천 행과 개별 시·군 제출서류 원천 행을 결합해 첨부관계 생성(상대 원천 1d4ecfed-23c0-52cc-b105-c7f70315a462).
022d5f88-9c13-4743-a637-50b35a6fdb0a,a228433b-abe4-4785-8496-3e1cb3d597c1,A_F-2-R,visa_required_documents,1d4ecfed-23c0-52cc-b105-c7f70315a462,submission_stage=city_county > immigration_dossier_attachment,2c892d50-7de9-431f-95f7-c02c7b2a7d76,9,2026-08-03,2026-09-18,document_attachment_relations,e48e09b1-9014-4cf1-a190-edd725dd106d,MERGE,MAPPED,,2026-08-25,MERGE — 개별 시·군 제출서류 원천 행과 '시·군 제출서류 일체' 원천 행을 결합해 첨부관계 생성(상대 원천 e8d9e3f9-fdbe-5733-a035-3abd4c605ae4).
a9f3ac3c-ebb2-4994-9f21-d4372d6b4d7c,a228433b-abe4-4785-8496-3e1cb3d597c1,A_F-2-R,visa_required_documents,e8d9e3f9-fdbe-5733-a035-3abd4c605ae4,submission_stage=immigration_office > dossier=시·군 제출서류 일체,2c892d50-7de9-431f-95f7-c02c7b2a7d76,9,2026-08-03,2026-09-18,document_attachment_relations,a4741394-9763-4749-a465-6d6f7680beef,MERGE,MAPPED,,2026-08-25,1:many/MERGE — '시·군 제출서류 일체' 원천 행과 개별 시·군 제출서류 원천 행을 결합해 첨부관계 생성(상대 원천 28ae356a-cc10-5813-a902-0b2d8b1bb9dc).
47e0b906-d441-4326-b717-d9f6dbc9cdb3,a228433b-abe4-4785-8496-3e1cb3d597c1,A_F-2-R,visa_required_documents,28ae356a-cc10-5813-a902-0b2d8b1bb9dc,submission_stage=city_county > immigration_dossier_attachment,2c892d50-7de9-431f-95f7-c02c7b2a7d76,9,2026-08-03,2026-09-18,document_attachment_relations,a4741394-9763-4749-a465-6d6f7680beef,MERGE,MAPPED,,2026-08-25,MERGE — 개별 시·군 제출서류 원천 행과 '시·군 제출서류 일체' 원천 행을 결합해 첨부관계 생성(상대 원천 e8d9e3f9-fdbe-5733-a035-3abd4c605ae4).
7fcec7c3-bd5a-48aa-b8c9-b2ede6836f9f,a228433b-abe4-4785-8496-3e1cb3d597c1,A_F-2-R,visa_required_documents,e8d9e3f9-fdbe-5733-a035-3abd4c605ae4,submission_stage=immigration_office > dossier=시·군 제출서류 일체,2c892d50-7de9-431f-95f7-c02c7b2a7d76,9,2026-08-03,2026-09-18,document_attachment_relations,9da4e7bb-3355-4ad5-9797-bc40d652c3fa,MERGE,MAPPED,,2026-08-25,1:many/MERGE — '시·군 제출서류 일체' 원천 행과 개별 시·군 제출서류 원천 행을 결합해 첨부관계 생성(상대 원천 c50f33aa-424f-51db-a21d-70847940d29e).
e48f6c55-cc51-44eb-bef7-5025de162ce4,a228433b-abe4-4785-8496-3e1cb3d597c1,A_F-2-R,visa_required_documents,c50f33aa-424f-51db-a21d-70847940d29e,submission_stage=city_county > immigration_dossier_attachment,2c892d50-7de9-431f-95f7-c02c7b2a7d76,9,2026-08-03,2026-09-18,document_attachment_relations,9da4e7bb-3355-4ad5-9797-bc40d652c3fa,MERGE,MAPPED,,2026-08-25,MERGE — 개별 시·군 제출서류 원천 행과 '시·군 제출서류 일체' 원천 행을 결합해 첨부관계 생성(상대 원천 e8d9e3f9-fdbe-5733-a035-3abd4c605ae4).
7304c3a0-5645-402e-8073-2949b499b151,a228433b-abe4-4785-8496-3e1cb3d597c1,A_F-2-R,visa_required_documents,e8d9e3f9-fdbe-5733-a035-3abd4c605ae4,submission_stage=immigration_office > dossier=시·군 제출서류 일체,2c892d50-7de9-431f-95f7-c02c7b2a7d76,9,2026-08-03,2026-09-18,document_attachment_relations,4266de4b-47ed-48c3-bd03-714f62627b87,MERGE,MAPPED,,2026-08-25,1:many/MERGE — '시·군 제출서류 일체' 원천 행과 개별 시·군 제출서류 원천 행을 결합해 첨부관계 생성(상대 원천 97b1b229-e766-5110-86cf-91fbf3ab9e1e).
63a9742e-f139-4833-895a-f30fd60bd6f0,a228433b-abe4-4785-8496-3e1cb3d597c1,A_F-2-R,visa_required_documents,97b1b229-e766-5110-86cf-91fbf3ab9e1e,submission_stage=city_county > immigration_dossier_attachment,2c892d50-7de9-431f-95f7-c02c7b2a7d76,9,2026-08-03,2026-09-18,document_attachment_relations,4266de4b-47ed-48c3-bd03-714f62627b87,MERGE,MAPPED,,2026-08-25,MERGE — 개별 시·군 제출서류 원천 행과 '시·군 제출서류 일체' 원천 행을 결합해 첨부관계 생성(상대 원천 e8d9e3f9-fdbe-5733-a035-3abd4c605ae4).
e11dbd49-ddf9-4b56-a381-4d1842329c34,a228433b-abe4-4785-8496-3e1cb3d597c1,A_F-2-R,visa_required_documents,e8d9e3f9-fdbe-5733-a035-3abd4c605ae4,submission_stage=immigration_office > dossier=시·군 제출서류 일체,2c892d50-7de9-431f-95f7-c02c7b2a7d76,9,2026-08-03,2026-09-18,document_attachment_relations,395174bb-1779-4ea8-8f19-995ace87a895,MERGE,MAPPED,,2026-08-25,1:many/MERGE — '시·군 제출서류 일체' 원천 행과 개별 시·군 제출서류 원천 행을 결합해 첨부관계 생성(상대 원천 fc764466-36a3-57a7-9d88-22ee70a0050f).
f6345540-c97f-4fa3-95b4-db79a8e16326,a228433b-abe4-4785-8496-3e1cb3d597c1,A_F-2-R,visa_required_documents,fc764466-36a3-57a7-9d88-22ee70a0050f,submission_stage=city_county > immigration_dossier_attachment,2c892d50-7de9-431f-95f7-c02c7b2a7d76,9,2026-08-03,2026-09-18,document_attachment_relations,395174bb-1779-4ea8-8f19-995ace87a895,MERGE,MAPPED,,2026-08-25,MERGE — 개별 시·군 제출서류 원천 행과 '시·군 제출서류 일체' 원천 행을 결합해 첨부관계 생성(상대 원천 e8d9e3f9-fdbe-5733-a035-3abd4c605ae4).
b7ba867f-2c42-4679-b4f2-47b08097fe0e,a228433b-abe4-4785-8496-3e1cb3d597c1,A_F-2-R,visa_required_documents,e8d9e3f9-fdbe-5733-a035-3abd4c605ae4,submission_stage=immigration_office > dossier=시·군 제출서류 일체,2c892d50-7de9-431f-95f7-c02c7b2a7d76,9,2026-08-03,2026-09-18,document_attachment_relations,f944a8fe-2a81-4941-ac0e-4f9e2182796d,MERGE,MAPPED,,2026-08-25,1:many/MERGE — '시·군 제출서류 일체' 원천 행과 개별 시·군 제출서류 원천 행을 결합해 첨부관계 생성(상대 원천 fc9e2d40-8f4b-5cee-8ba0-d814c08565fa).
a1fc32c7-ea7c-4cdb-9889-cf78f2c4c034,a228433b-abe4-4785-8496-3e1cb3d597c1,A_F-2-R,visa_required_documents,fc9e2d40-8f4b-5cee-8ba0-d814c08565fa,submission_stage=city_county > immigration_dossier_attachment,2c892d50-7de9-431f-95f7-c02c7b2a7d76,9,2026-08-03,2026-09-18,document_attachment_relations,f944a8fe-2a81-4941-ac0e-4f9e2182796d,MERGE,MAPPED,,2026-08-25,MERGE — 개별 시·군 제출서류 원천 행과 '시·군 제출서류 일체' 원천 행을 결합해 첨부관계 생성(상대 원천 e8d9e3f9-fdbe-5733-a035-3abd4c605ae4).
c4ef22a7-45b9-4ee1-8dbc-7ab2257a1a18,a228433b-abe4-4785-8496-3e1cb3d597c1,A_F-2-R,visa_required_documents,e8d9e3f9-fdbe-5733-a035-3abd4c605ae4,submission_stage=immigration_office > dossier=시·군 제출서류 일체,2c892d50-7de9-431f-95f7-c02c7b2a7d76,9,2026-08-03,2026-09-18,document_attachment_relations,1f69092e-f8a5-4035-abe3-ad069212521e,MERGE,MAPPED,,2026-08-25,1:many/MERGE — '시·군 제출서류 일체' 원천 행과 개별 시·군 제출서류 원천 행을 결합해 첨부관계 생성(상대 원천 0fe0d7b8-7acf-540e-9840-06d84480320a).
23de1ee1-b797-4f80-9383-18511081d422,a228433b-abe4-4785-8496-3e1cb3d597c1,A_F-2-R,visa_required_documents,0fe0d7b8-7acf-540e-9840-06d84480320a,submission_stage=city_county > immigration_dossier_attachment,2c892d50-7de9-431f-95f7-c02c7b2a7d76,9,2026-08-03,2026-09-18,document_attachment_relations,1f69092e-f8a5-4035-abe3-ad069212521e,MERGE,MAPPED,,2026-08-25,MERGE — 개별 시·군 제출서류 원천 행과 '시·군 제출서류 일체' 원천 행을 결합해 첨부관계 생성(상대 원천 e8d9e3f9-fdbe-5733-a035-3abd4c605ae4).
87fee9ef-c1c3-4ca4-ad3b-f0855aced3d7,a228433b-abe4-4785-8496-3e1cb3d597c1,A_F-2-R,visa_required_documents,e8d9e3f9-fdbe-5733-a035-3abd4c605ae4,submission_stage=immigration_office > dossier=시·군 제출서류 일체,2c892d50-7de9-431f-95f7-c02c7b2a7d76,9,2026-08-03,2026-09-18,document_attachment_relations,510cd03a-50eb-40d9-9f9e-b8fc82f0864c,MERGE,MAPPED,,2026-08-25,1:many/MERGE — '시·군 제출서류 일체' 원천 행과 개별 시·군 제출서류 원천 행을 결합해 첨부관계 생성(상대 원천 80d010e3-7937-5b72-bcd6-218c799ad3f1).
bb39ca94-c5bb-4f8d-856c-e6bf1283b833,a228433b-abe4-4785-8496-3e1cb3d597c1,A_F-2-R,visa_required_documents,80d010e3-7937-5b72-bcd6-218c799ad3f1,submission_stage=city_county > immigration_dossier_attachment,2c892d50-7de9-431f-95f7-c02c7b2a7d76,9,2026-08-03,2026-09-18,document_attachment_relations,510cd03a-50eb-40d9-9f9e-b8fc82f0864c,MERGE,MAPPED,,2026-08-25,MERGE — 개별 시·군 제출서류 원천 행과 '시·군 제출서류 일체' 원천 행을 결합해 첨부관계 생성(상대 원천 e8d9e3f9-fdbe-5733-a035-3abd4c605ae4).
60b3d75c-d068-435f-bc3a-e1197380c8b0,a228433b-abe4-4785-8496-3e1cb3d597c1,A_F-2-R,visa_required_documents,e8d9e3f9-fdbe-5733-a035-3abd4c605ae4,submission_stage=immigration_office > dossier=시·군 제출서류 일체,2c892d50-7de9-431f-95f7-c02c7b2a7d76,9,2026-08-03,2026-09-18,document_attachment_relations,f126a055-9a1e-42c9-96c0-84766f0fd564,MERGE,MAPPED,,2026-08-25,1:many/MERGE — '시·군 제출서류 일체' 원천 행과 개별 시·군 제출서류 원천 행을 결합해 첨부관계 생성(상대 원천 d32e8997-0c23-5db4-ad5f-1434d53501bd).
7beb7041-c918-4ded-be99-ac198a1b1572,a228433b-abe4-4785-8496-3e1cb3d597c1,A_F-2-R,visa_required_documents,d32e8997-0c23-5db4-ad5f-1434d53501bd,submission_stage=city_county > immigration_dossier_attachment,2c892d50-7de9-431f-95f7-c02c7b2a7d76,9,2026-08-03,2026-09-18,document_attachment_relations,f126a055-9a1e-42c9-96c0-84766f0fd564,MERGE,MAPPED,,2026-08-25,MERGE — 개별 시·군 제출서류 원천 행과 '시·군 제출서류 일체' 원천 행을 결합해 첨부관계 생성(상대 원천 e8d9e3f9-fdbe-5733-a035-3abd4c605ae4).
ba727047-baeb-4790-9840-b2e78613f301,a228433b-abe4-4785-8496-3e1cb3d597c1,A_F-2-R,visa_required_documents,e8d9e3f9-fdbe-5733-a035-3abd4c605ae4,submission_stage=immigration_office > dossier=시·군 제출서류 일체,2c892d50-7de9-431f-95f7-c02c7b2a7d76,9,2026-08-03,2026-09-18,document_attachment_relations,1f036fee-de1a-4989-89d0-92c2a9ad8f86,MERGE,MAPPED,,2026-08-25,1:many/MERGE — '시·군 제출서류 일체' 원천 행과 개별 시·군 제출서류 원천 행을 결합해 첨부관계 생성(상대 원천 bf9fe3cb-c681-5902-8060-2b677fa34bd0).
cd8f2e0e-b4bf-42c2-9b98-b9a96bf4d9df,a228433b-abe4-4785-8496-3e1cb3d597c1,A_F-2-R,visa_required_documents,bf9fe3cb-c681-5902-8060-2b677fa34bd0,submission_stage=city_county > immigration_dossier_attachment,2c892d50-7de9-431f-95f7-c02c7b2a7d76,9,2026-08-03,2026-09-18,document_attachment_relations,1f036fee-de1a-4989-89d0-92c2a9ad8f86,MERGE,MAPPED,,2026-08-25,MERGE — 개별 시·군 제출서류 원천 행과 '시·군 제출서류 일체' 원천 행을 결합해 첨부관계 생성(상대 원천 e8d9e3f9-fdbe-5733-a035-3abd4c605ae4).
51099987-c4c2-4a7c-95c2-9af70632f573,a228433b-abe4-4785-8496-3e1cb3d597c1,A_F-2-R,visa_required_documents,e8d9e3f9-fdbe-5733-a035-3abd4c605ae4,submission_stage=immigration_office > dossier=시·군 제출서류 일체,2c892d50-7de9-431f-95f7-c02c7b2a7d76,9,2026-08-03,2026-09-18,document_attachment_relations,a550aa43-7280-4429-8449-e27e5e4e6873,MERGE,MAPPED,,2026-08-25,1:many/MERGE — '시·군 제출서류 일체' 원천 행과 개별 시·군 제출서류 원천 행을 결합해 첨부관계 생성(상대 원천 c4ab8a1f-46b5-530c-84ba-6ae3a1a616d9).
3995d3ec-c0cd-4ba8-853a-9ea3782ce22f,a228433b-abe4-4785-8496-3e1cb3d597c1,A_F-2-R,visa_required_documents,c4ab8a1f-46b5-530c-84ba-6ae3a1a616d9,submission_stage=city_county > immigration_dossier_attachment,2c892d50-7de9-431f-95f7-c02c7b2a7d76,9,2026-08-03,2026-09-18,document_attachment_relations,a550aa43-7280-4429-8449-e27e5e4e6873,MERGE,MAPPED,,2026-08-25,MERGE — 개별 시·군 제출서류 원천 행과 '시·군 제출서류 일체' 원천 행을 결합해 첨부관계 생성(상대 원천 e8d9e3f9-fdbe-5733-a035-3abd4c605ae4).
050b7bdb-e5ac-49b4-a05a-f60063e1449e,a228433b-abe4-4785-8496-3e1cb3d597c1,A_F-2-R,visa_required_documents,e8d9e3f9-fdbe-5733-a035-3abd4c605ae4,submission_stage=immigration_office > dossier=시·군 제출서류 일체,2c892d50-7de9-431f-95f7-c02c7b2a7d76,9,2026-08-03,2026-09-18,document_attachment_relations,0fa8c1a4-d8d2-4d62-a592-e55d7a16803a,MERGE,MAPPED,,2026-08-25,1:many/MERGE — '시·군 제출서류 일체' 원천 행과 개별 시·군 제출서류 원천 행을 결합해 첨부관계 생성(상대 원천 a8c58178-2877-5fed-a0ad-9714dd0783d3).
68f27ade-ed9a-40da-a595-8c7ad44983a3,a228433b-abe4-4785-8496-3e1cb3d597c1,A_F-2-R,visa_required_documents,a8c58178-2877-5fed-a0ad-9714dd0783d3,submission_stage=city_county > immigration_dossier_attachment,2c892d50-7de9-431f-95f7-c02c7b2a7d76,9,2026-05-18,2027-12-31,document_attachment_relations,0fa8c1a4-d8d2-4d62-a592-e55d7a16803a,MERGE,MAPPED,,2026-08-25,MERGE — 개별 시·군 제출서류 원천 행과 '시·군 제출서류 일체' 원천 행을 결합해 첨부관계 생성(상대 원천 e8d9e3f9-fdbe-5733-a035-3abd4c605ae4).
a49a1e83-30a8-4d15-a5ce-051c52a3f5c6,a228433b-abe4-4785-8496-3e1cb3d597c1,A_F-2-R,visa_required_documents,e8d9e3f9-fdbe-5733-a035-3abd4c605ae4,submission_stage=immigration_office > dossier=시·군 제출서류 일체,2c892d50-7de9-431f-95f7-c02c7b2a7d76,9,2026-08-03,2026-09-18,document_attachment_relations,280072ed-534d-4ab5-aefb-a7645e4aad13,MERGE,MAPPED,,2026-08-25,1:many/MERGE — '시·군 제출서류 일체' 원천 행과 개별 시·군 제출서류 원천 행을 결합해 첨부관계 생성(상대 원천 5e1a015b-2159-584a-b70b-cb911fb7c148).
52aa1dba-b42c-4444-8feb-5b6ddd257b3b,a228433b-abe4-4785-8496-3e1cb3d597c1,A_F-2-R,visa_required_documents,5e1a015b-2159-584a-b70b-cb911fb7c148,submission_stage=city_county > immigration_dossier_attachment,2c892d50-7de9-431f-95f7-c02c7b2a7d76,9,2026-05-18,2027-12-31,document_attachment_relations,280072ed-534d-4ab5-aefb-a7645e4aad13,MERGE,MAPPED,,2026-08-25,MERGE — 개별 시·군 제출서류 원천 행과 '시·군 제출서류 일체' 원천 행을 결합해 첨부관계 생성(상대 원천 e8d9e3f9-fdbe-5733-a035-3abd4c605ae4).
a0e7b93e-8b7c-4e25-abe6-109c44b47416,a228433b-abe4-4785-8496-3e1cb3d597c1,A_F-2-R,visa_required_documents,e8d9e3f9-fdbe-5733-a035-3abd4c605ae4,submission_stage=immigration_office > dossier=시·군 제출서류 일체,2c892d50-7de9-431f-95f7-c02c7b2a7d76,9,2026-08-03,2026-09-18,document_attachment_relations,48c4fcb7-5898-4784-95be-c2d54b2ea1ad,MERGE,MAPPED,,2026-08-25,1:many/MERGE — '시·군 제출서류 일체' 원천 행과 개별 시·군 제출서류 원천 행을 결합해 첨부관계 생성(상대 원천 c7cfdda0-831e-53b2-a6ac-4058bf35f2a2).
88b540d8-3e08-4d86-800d-c2328365a349,a228433b-abe4-4785-8496-3e1cb3d597c1,A_F-2-R,visa_required_documents,c7cfdda0-831e-53b2-a6ac-4058bf35f2a2,submission_stage=city_county > immigration_dossier_attachment,2c892d50-7de9-431f-95f7-c02c7b2a7d76,9,2026-05-18,2027-12-31,document_attachment_relations,48c4fcb7-5898-4784-95be-c2d54b2ea1ad,MERGE,MAPPED,,2026-08-25,MERGE — 개별 시·군 제출서류 원천 행과 '시·군 제출서류 일체' 원천 행을 결합해 첨부관계 생성(상대 원천 e8d9e3f9-fdbe-5733-a035-3abd4c605ae4).
43fa7604-65ce-4410-b322-1d15d666b659,a228433b-abe4-4785-8496-3e1cb3d597c1,A_F-2-R,visa_required_documents,e8d9e3f9-fdbe-5733-a035-3abd4c605ae4,submission_stage=immigration_office > dossier=시·군 제출서류 일체,2c892d50-7de9-431f-95f7-c02c7b2a7d76,9,2026-08-03,2026-09-18,document_attachment_relations,70ebc8a4-df87-4d1a-96c6-f871b9dfeb4d,MERGE,MAPPED,,2026-08-25,1:many/MERGE — '시·군 제출서류 일체' 원천 행과 개별 시·군 제출서류 원천 행을 결합해 첨부관계 생성(상대 원천 9e4c60f1-17f3-52cc-b41e-681a1b0991b7).
1a7df9a9-73f9-4e0a-a2fa-c29129590937,a228433b-abe4-4785-8496-3e1cb3d597c1,A_F-2-R,visa_required_documents,9e4c60f1-17f3-52cc-b41e-681a1b0991b7,submission_stage=city_county > immigration_dossier_attachment,2c892d50-7de9-431f-95f7-c02c7b2a7d76,9,2026-05-18,2027-12-31,document_attachment_relations,70ebc8a4-df87-4d1a-96c6-f871b9dfeb4d,MERGE,MAPPED,,2026-08-25,MERGE — 개별 시·군 제출서류 원천 행과 '시·군 제출서류 일체' 원천 행을 결합해 첨부관계 생성(상대 원천 e8d9e3f9-fdbe-5733-a035-3abd4c605ae4).
eac836b2-4660-430f-9500-cf7c4dbe5bd5,a228433b-abe4-4785-8496-3e1cb3d597c1,A_F-2-R,visa_required_documents,e8d9e3f9-fdbe-5733-a035-3abd4c605ae4,submission_stage=immigration_office > dossier=시·군 제출서류 일체,2c892d50-7de9-431f-95f7-c02c7b2a7d76,9,2026-08-03,2026-09-18,document_attachment_relations,a53a32d2-9e5e-448b-86c4-67603c5263a8,MERGE,MAPPED,,2026-08-25,1:many/MERGE — '시·군 제출서류 일체' 원천 행과 개별 시·군 제출서류 원천 행을 결합해 첨부관계 생성(상대 원천 3fc4927a-dfa3-5913-8a82-518d22ebbaf5).
0335ed8d-5389-461b-86b6-1d7e4ed20683,a228433b-abe4-4785-8496-3e1cb3d597c1,A_F-2-R,visa_required_documents,3fc4927a-dfa3-5913-8a82-518d22ebbaf5,submission_stage=city_county > immigration_dossier_attachment,2c892d50-7de9-431f-95f7-c02c7b2a7d76,9,2026-08-03,2026-09-18,document_attachment_relations,a53a32d2-9e5e-448b-86c4-67603c5263a8,MERGE,MAPPED,,2026-08-25,MERGE — 개별 시·군 제출서류 원천 행과 '시·군 제출서류 일체' 원천 행을 결합해 첨부관계 생성(상대 원천 e8d9e3f9-fdbe-5733-a035-3abd4c605ae4).
3f8fefd7-2393-47c8-955c-2eb1b18baffe,a228433b-abe4-4785-8496-3e1cb3d597c1,A_F-2-R,visa_required_documents,e8d9e3f9-fdbe-5733-a035-3abd4c605ae4,submission_stage=immigration_office > dossier=시·군 제출서류 일체,2c892d50-7de9-431f-95f7-c02c7b2a7d76,9,2026-08-03,2026-09-18,document_attachment_relations,7d072d7a-02e5-4da2-9717-14220c7c7f9e,MERGE,MAPPED,,2026-08-25,1:many/MERGE — '시·군 제출서류 일체' 원천 행과 개별 시·군 제출서류 원천 행을 결합해 첨부관계 생성(상대 원천 668ec551-742d-5f74-95ce-d7b50dd532a6).
55f0c502-cc13-453a-a9ff-b84e9eaa93b5,a228433b-abe4-4785-8496-3e1cb3d597c1,A_F-2-R,visa_required_documents,668ec551-742d-5f74-95ce-d7b50dd532a6,submission_stage=city_county > immigration_dossier_attachment,2c892d50-7de9-431f-95f7-c02c7b2a7d76,9,2026-08-03,2026-09-18,document_attachment_relations,7d072d7a-02e5-4da2-9717-14220c7c7f9e,MERGE,MAPPED,,2026-08-25,MERGE — 개별 시·군 제출서류 원천 행과 '시·군 제출서류 일체' 원천 행을 결합해 첨부관계 생성(상대 원천 e8d9e3f9-fdbe-5733-a035-3abd4c605ae4).
a795d5c0-1dae-49c9-9922-ead3f4426df3,a228433b-abe4-4785-8496-3e1cb3d597c1,A_F-2-R,visa_required_documents,e8d9e3f9-fdbe-5733-a035-3abd4c605ae4,submission_stage=immigration_office > dossier=시·군 제출서류 일체,2c892d50-7de9-431f-95f7-c02c7b2a7d76,9,2026-08-03,2026-09-18,document_attachment_relations,f5a36cba-fa3a-4b96-a961-54bbb3526c8e,MERGE,MAPPED,,2026-08-25,1:many/MERGE — '시·군 제출서류 일체' 원천 행과 개별 시·군 제출서류 원천 행을 결합해 첨부관계 생성(상대 원천 c72eb500-fc10-5ab1-bca4-77d94ffec58c).
ceb0e278-e294-476d-800f-346add05e223,a228433b-abe4-4785-8496-3e1cb3d597c1,A_F-2-R,visa_required_documents,c72eb500-fc10-5ab1-bca4-77d94ffec58c,submission_stage=city_county > immigration_dossier_attachment,2c892d50-7de9-431f-95f7-c02c7b2a7d76,9,2026-08-03,2026-09-18,document_attachment_relations,f5a36cba-fa3a-4b96-a961-54bbb3526c8e,MERGE,MAPPED,,2026-08-25,MERGE — 개별 시·군 제출서류 원천 행과 '시·군 제출서류 일체' 원천 행을 결합해 첨부관계 생성(상대 원천 e8d9e3f9-fdbe-5733-a035-3abd4c605ae4).
54d565ad-eba9-40e2-a614-fa03ebe95f2b,a228433b-abe4-4785-8496-3e1cb3d597c1,A_F-2-R,visa_required_documents,e8d9e3f9-fdbe-5733-a035-3abd4c605ae4,submission_stage=immigration_office > dossier=시·군 제출서류 일체,2c892d50-7de9-431f-95f7-c02c7b2a7d76,9,2026-08-03,2026-09-18,document_attachment_relations,f217a06a-c65a-42f4-b11b-46e9ae285d09,MERGE,MAPPED,,2026-08-25,1:many/MERGE — '시·군 제출서류 일체' 원천 행과 개별 시·군 제출서류 원천 행을 결합해 첨부관계 생성(상대 원천 5071d2d4-25ff-51b1-95d8-0b0b834819f1).
95184f18-4eca-415a-8550-7e6bd1a3d802,a228433b-abe4-4785-8496-3e1cb3d597c1,A_F-2-R,visa_required_documents,5071d2d4-25ff-51b1-95d8-0b0b834819f1,submission_stage=city_county > immigration_dossier_attachment,2c892d50-7de9-431f-95f7-c02c7b2a7d76,9,2026-08-03,2026-09-18,document_attachment_relations,f217a06a-c65a-42f4-b11b-46e9ae285d09,MERGE,MAPPED,,2026-08-25,MERGE — 개별 시·군 제출서류 원천 행과 '시·군 제출서류 일체' 원천 행을 결합해 첨부관계 생성(상대 원천 e8d9e3f9-fdbe-5733-a035-3abd4c605ae4).
f4a41c1f-aef6-4594-9bfe-ca328dbe914c,a228433b-abe4-4785-8496-3e1cb3d597c1,A_F-2-R,visa_regional_quotas,5d394660-5fe8-5967-bfe2-85cfd41f7754,round=8 > municipality=제천시,0c9c791f-f649-469a-a50a-739606e822e7,2,2025-03-07,2026-09-18,visa_quota_snapshots,9cf7880e-dfc3-4e4f-be67-2c1b67f0a009,TRANSFORM,MAPPED,,2026-08-25,"원본 PDF p.2 대조; 미기재 예외는 null, consumed=기추천."
230c7b45-12ea-4562-acab-e21d6e2f399d,a228433b-abe4-4785-8496-3e1cb3d597c1,A_F-2-R,visa_regional_quotas,699daccb-70e8-584d-aa57-bc257bbce8fd,round=8 > municipality=보은군,0c9c791f-f649-469a-a50a-739606e822e7,2,2025-03-07,2026-09-18,visa_quota_snapshots,270f3f31-2d24-4be8-b31a-11ed7e3fbd85,TRANSFORM,MAPPED,,2026-08-25,"원본 PDF p.2 대조; 미기재 예외는 null, consumed=기추천."
f29851dd-c914-4fda-b195-3c682b5bf906,a228433b-abe4-4785-8496-3e1cb3d597c1,A_F-2-R,visa_regional_quotas,b3efed55-7eb1-5e77-b4b2-075cd1e053f6,round=8 > municipality=옥천군,0c9c791f-f649-469a-a50a-739606e822e7,2,2025-03-07,2026-09-18,visa_quota_snapshots,c8672d20-25bd-400e-bd0e-dffe8f71edf2,TRANSFORM,MAPPED,,2026-08-25,"원본 PDF p.2 대조; 미기재 예외는 null, consumed=기추천."
d01b9bb7-88ed-47b2-872d-0dfffe8c40eb,a228433b-abe4-4785-8496-3e1cb3d597c1,A_F-2-R,visa_regional_quotas,baf3623c-1316-5bf4-81fe-b3e5e672a045,round=8 > municipality=영동군,0c9c791f-f649-469a-a50a-739606e822e7,2,2025-03-07,2026-09-18,visa_quota_snapshots,3a96511d-5a0a-4d08-a8f7-3b2d9310263b,TRANSFORM,MAPPED,,2026-08-25,"원본 PDF p.2 대조; 미기재 예외는 null, consumed=기추천."
4f488597-4d51-4a59-9966-29627db41ea3,a228433b-abe4-4785-8496-3e1cb3d597c1,A_F-2-R,visa_regional_quotas,bde58faf-6094-5319-84c7-b5d2cfa8609b,round=8 > municipality=괴산군,0c9c791f-f649-469a-a50a-739606e822e7,2,2025-03-07,2026-09-18,visa_quota_snapshots,42ff67e7-99d6-4cc5-8212-38e7127e9b83,TRANSFORM,MAPPED,,2026-08-25,"원본 PDF p.2 대조; 미기재 예외는 null, consumed=기추천."
a1ba9538-4903-48b9-bc0f-9ac411b667e9,a228433b-abe4-4785-8496-3e1cb3d597c1,A_F-2-R,visa_regional_quotas,5ab72e21-79e5-583e-98b6-a2285f0bbfa2,round=8 > municipality=단양군,0c9c791f-f649-469a-a50a-739606e822e7,2,2025-03-07,2026-09-18,visa_quota_snapshots,83ef822f-d977-47af-b46e-6dbb9a549bc1,TRANSFORM,MAPPED,,2026-08-25,"원본 PDF p.2 대조; 미기재 예외는 null, consumed=기추천."
0106db76-8739-4b01-9a2a-bd3c75d463b8,a228433b-abe4-4785-8496-3e1cb3d597c1,A_F-2-R,visa_regional_quotas,a6f769fe-8b99-5684-8dff-185767f42119,round=9 > municipality=제천시,d5d4fcde-09ee-4e90-9ff7-cc11414325bd,2,2025-03-07,2026-09-18,visa_quota_snapshots,5436944f-30d7-412e-8f03-6bd304e137e8,TRANSFORM,MAPPED,,2026-08-25,"원본 PDF p.2 대조; 미기재 예외는 null, consumed=기추천."
7ba5e376-3ed0-4554-b7b9-142b6cb9a516,a228433b-abe4-4785-8496-3e1cb3d597c1,A_F-2-R,visa_regional_quotas,e4cdb087-7f7c-5051-9e83-7eba3b8037dd,round=9 > municipality=보은군,d5d4fcde-09ee-4e90-9ff7-cc11414325bd,2,2025-03-07,2026-09-18,visa_quota_snapshots,f698b85a-0245-4dff-a209-7f03c352c29b,TRANSFORM,MAPPED,,2026-08-25,"원본 PDF p.2 대조; 미기재 예외는 null, consumed=기추천."
78fa2170-9e96-49dd-a7ec-544888006817,a228433b-abe4-4785-8496-3e1cb3d597c1,A_F-2-R,visa_regional_quotas,7ffff95c-0c3d-56e3-99ec-446d3d753416,round=9 > municipality=옥천군,d5d4fcde-09ee-4e90-9ff7-cc11414325bd,2,2025-03-07,2026-09-18,visa_quota_snapshots,b61c4471-1585-41ed-a0a4-979007caf367,TRANSFORM,MAPPED,,2026-08-25,"원본 PDF p.2 대조; 미기재 예외는 null, consumed=기추천."
58e1053f-efef-47dc-b18e-fc607550a923,a228433b-abe4-4785-8496-3e1cb3d597c1,A_F-2-R,visa_regional_quotas,f5294516-8df3-514f-8e32-6e315902ca4d,round=9 > municipality=영동군,d5d4fcde-09ee-4e90-9ff7-cc11414325bd,2,2025-03-07,2026-09-18,visa_quota_snapshots,097146a3-ce2d-44fa-bf9d-b7240a7f9fea,TRANSFORM,MAPPED,,2026-08-25,"원본 PDF p.2 대조; 미기재 예외는 null, consumed=기추천."
8c39f3c9-7504-4f77-8315-9f5f6dbf3e35,a228433b-abe4-4785-8496-3e1cb3d597c1,A_F-2-R,visa_regional_quotas,038dac23-f9ad-5780-abb8-511d41b25616,round=9 > municipality=괴산군,d5d4fcde-09ee-4e90-9ff7-cc11414325bd,2,2025-03-07,2026-09-18,visa_quota_snapshots,95952523-ec43-492a-8b1f-078f9aab0c35,TRANSFORM,MAPPED,,2026-08-25,"원본 PDF p.2 대조; 미기재 예외는 null, consumed=기추천."
15752029-73eb-4cf9-a132-5b98a971ca1b,a228433b-abe4-4785-8496-3e1cb3d597c1,A_F-2-R,visa_regional_quotas,a771faa6-323c-5e6c-9cb6-03f25b97623e,round=9 > municipality=단양군,d5d4fcde-09ee-4e90-9ff7-cc11414325bd,2,2025-03-07,2026-09-18,visa_quota_snapshots,5bafddbd-0819-4f67-b666-e134457825c8,TRANSFORM,MAPPED,,2026-08-25,"원본 PDF p.2 대조; 미기재 예외는 null, consumed=기추천."
b6bde08b-9c95-476a-8225-5f6bed21485d,a228433b-abe4-4785-8496-3e1cb3d597c1,A_F-2-R,visa_regional_quotas,3e9aa21e-d6f7-5f2f-86d6-e141e6aba4d6,round=10 > municipality=제천시,28eb14b5-e390-4d87-9a0c-815bb74dd701,2,2025-03-07,2026-09-18,visa_quota_snapshots,665e2d9f-bea6-4404-81fc-640b7d746844,TRANSFORM,MAPPED,,2026-08-25,"원본 PDF p.2 대조; 미기재 예외는 null, consumed=기추천."
260cb674-0f8e-40de-91f9-d95086f4f851,a228433b-abe4-4785-8496-3e1cb3d597c1,A_F-2-R,visa_regional_quotas,93a75bf2-52de-502d-980a-6ad78b698284,round=10 > municipality=보은군,28eb14b5-e390-4d87-9a0c-815bb74dd701,2,2025-03-07,2026-09-18,visa_quota_snapshots,7147824e-732e-4eec-9818-758a24292a86,TRANSFORM,MAPPED,,2026-08-25,"원본 PDF p.2 대조; 미기재 예외는 null, consumed=기추천."
deaad772-0ade-491f-9962-ef4e3e6508c2,a228433b-abe4-4785-8496-3e1cb3d597c1,A_F-2-R,visa_regional_quotas,1bc47d33-a639-507d-96bc-a36a6bc00cef,round=10 > municipality=옥천군,28eb14b5-e390-4d87-9a0c-815bb74dd701,2,2025-03-07,2026-09-18,visa_quota_snapshots,50454629-33e5-4a51-b3a7-264f9c909f65,TRANSFORM,MAPPED,,2026-08-25,"원본 PDF p.2 대조; 미기재 예외는 null, consumed=기추천."
896c11b3-0b43-414f-9aa5-3e4865bf2b23,a228433b-abe4-4785-8496-3e1cb3d597c1,A_F-2-R,visa_regional_quotas,8e805b5e-fe7f-55ff-814e-b0fda6e1ace7,round=10 > municipality=영동군,28eb14b5-e390-4d87-9a0c-815bb74dd701,2,2025-03-07,2026-09-18,visa_quota_snapshots,fb3dac85-b5b6-4d13-88f4-62da33dc5191,TRANSFORM,MAPPED,,2026-08-25,"원본 PDF p.2 대조; 미기재 예외는 null, consumed=기추천."
a5759c32-5c0a-4071-8768-9d12d2ef515c,a228433b-abe4-4785-8496-3e1cb3d597c1,A_F-2-R,visa_regional_quotas,bef871ca-1416-50ee-b96a-bd60ae6feecb,round=10 > municipality=괴산군,28eb14b5-e390-4d87-9a0c-815bb74dd701,2,2025-03-07,2026-09-18,visa_quota_snapshots,bfa2aa27-846e-44ab-846f-c3b0d093733e,TRANSFORM,MAPPED,,2026-08-25,"원본 PDF p.2 대조; 미기재 예외는 null, consumed=기추천."
79c87bd4-0af1-4487-bd07-d23f1e85f911,a228433b-abe4-4785-8496-3e1cb3d597c1,A_F-2-R,visa_regional_quotas,686ceb8e-d3c9-5f4a-980c-2e2054efbca9,round=10 > municipality=단양군,28eb14b5-e390-4d87-9a0c-815bb74dd701,2,2025-03-07,2026-09-18,visa_quota_snapshots,b5ba6c20-f1d0-4e46-aebe-cafb4e9c46aa,TRANSFORM,MAPPED,,2026-08-25,"원본 PDF p.2 대조; 미기재 예외는 null, consumed=기추천."
72ab309f-18df-4c3d-a1be-3f30550ff07f,a228433b-abe4-4785-8496-3e1cb3d597c1,A_F-2-R,visa_regional_quotas,12282286-82d3-570b-9c76-72b670404eda,round=11 > municipality=제천시,9452954a-fde1-49b3-8f7b-acfdd1605b7c,2,2025-03-07,2026-09-18,visa_quota_snapshots,fef39ec7-aaa9-44fd-ac91-2471e1e775a8,TRANSFORM,MAPPED,,2026-08-25,"원본 PDF p.2 대조; 미기재 예외는 null, consumed=기추천."
297e7aa2-7e34-4f8e-9d14-a9b1a9e7bd9f,a228433b-abe4-4785-8496-3e1cb3d597c1,A_F-2-R,visa_regional_quotas,8e90344e-fc52-513e-8fa6-cb2d3f982b9b,round=11 > municipality=보은군,9452954a-fde1-49b3-8f7b-acfdd1605b7c,2,2025-03-07,2026-09-18,visa_quota_snapshots,39af643c-0c47-41cb-a473-470a0cbe3459,TRANSFORM,MAPPED,,2026-08-25,"원본 PDF p.2 대조; 미기재 예외는 null, consumed=기추천."
c12f1e93-950b-4c9a-bac4-ef9e39e09eff,a228433b-abe4-4785-8496-3e1cb3d597c1,A_F-2-R,visa_regional_quotas,f5e0da59-714a-584f-9511-3c3a400270b2,round=11 > municipality=옥천군,9452954a-fde1-49b3-8f7b-acfdd1605b7c,2,2025-03-07,2026-09-18,visa_quota_snapshots,6692c1e7-5ddf-44b3-901d-ec673d20c969,TRANSFORM,MAPPED,,2026-08-25,"원본 PDF p.2 대조; 미기재 예외는 null, consumed=기추천."
57ce724d-a0fc-4dfe-bfca-d08da82e2dc9,a228433b-abe4-4785-8496-3e1cb3d597c1,A_F-2-R,visa_regional_quotas,5b75f45a-dace-58b9-8951-848878516a86,round=11 > municipality=영동군,9452954a-fde1-49b3-8f7b-acfdd1605b7c,2,2025-03-07,2026-09-18,visa_quota_snapshots,88e0f213-3209-4460-a02e-081baf8af9a6,TRANSFORM,MAPPED,,2026-08-25,"원본 PDF p.2 대조; 미기재 예외는 null, consumed=기추천."
dc791a5e-e571-4854-9d7e-7515934b3e3d,a228433b-abe4-4785-8496-3e1cb3d597c1,A_F-2-R,visa_regional_quotas,0308f866-3131-5a00-be55-a466a5fdc5ad,round=11 > municipality=괴산군,9452954a-fde1-49b3-8f7b-acfdd1605b7c,2,2025-03-07,2026-09-18,visa_quota_snapshots,716db618-d4ad-49e0-b760-8cbf9f58a052,TRANSFORM,MAPPED,,2026-08-25,"원본 PDF p.2 대조; 미기재 예외는 null, consumed=기추천."
3aeba3fc-a420-421a-b629-71f132080f96,a228433b-abe4-4785-8496-3e1cb3d597c1,A_F-2-R,visa_regional_quotas,91530018-c64f-5be7-8000-b7134cc9c619,round=11 > municipality=단양군,9452954a-fde1-49b3-8f7b-acfdd1605b7c,2,2025-03-07,2026-09-18,visa_quota_snapshots,2d91f1b9-d6de-4dd3-92d0-67645273076c,TRANSFORM,MAPPED,,2026-08-25,"원본 PDF p.2 대조; 미기재 예외는 null, consumed=기추천."
9eef24a4-deee-42fc-ac51-df294d3c01f1,a228433b-abe4-4785-8496-3e1cb3d597c1,A_F-2-R,visa_regional_quotas,a34586b2-880e-5fe1-b000-d868cb4afe2d,round=12 > municipality=제천시,c45a7a1a-e09d-457b-bf8e-a71ced2605ab,2,2025-03-07,2026-09-18,visa_quota_snapshots,203f3158-76e5-4e0e-b33f-75a3ebf96e95,TRANSFORM,MAPPED,,2026-08-25,"원본 PDF p.2 대조; 미기재 예외는 null, consumed=기추천."
7881a837-e191-426d-891e-4bece2766cec,a228433b-abe4-4785-8496-3e1cb3d597c1,A_F-2-R,visa_regional_quotas,d94c42a4-270f-5c46-8684-8fad2c1e5c88,round=12 > municipality=보은군,c45a7a1a-e09d-457b-bf8e-a71ced2605ab,2,2025-03-07,2026-09-18,visa_quota_snapshots,019c8f24-3d7c-4255-bdc4-62653a5ddb5a,TRANSFORM,MAPPED,,2026-08-25,"원본 PDF p.2 대조; 미기재 예외는 null, consumed=기추천."
77df8e43-be1e-452d-8752-ed05232fb264,a228433b-abe4-4785-8496-3e1cb3d597c1,A_F-2-R,visa_regional_quotas,ae27bc1c-41b7-54ae-a297-58cb42b4ffcb,round=12 > municipality=옥천군,c45a7a1a-e09d-457b-bf8e-a71ced2605ab,2,2025-03-07,2026-09-18,visa_quota_snapshots,53ac0574-2d9f-4ebd-88b0-cbf69df36fdd,TRANSFORM,MAPPED,,2026-08-25,"원본 PDF p.2 대조; 미기재 예외는 null, consumed=기추천."
972b6a04-0dc9-4f2c-a5bc-412c0afdf4a8,a228433b-abe4-4785-8496-3e1cb3d597c1,A_F-2-R,visa_regional_quotas,6c5c42b9-43db-5f59-a661-4a88229f4425,round=12 > municipality=영동군,c45a7a1a-e09d-457b-bf8e-a71ced2605ab,2,2025-03-07,2026-09-18,visa_quota_snapshots,076f92f1-1c8c-494f-a9c2-d2604a6ec181,TRANSFORM,MAPPED,,2026-08-25,"원본 PDF p.2 대조; 미기재 예외는 null, consumed=기추천."
17bbf82f-006d-490a-a2ff-28aa32196d7a,a228433b-abe4-4785-8496-3e1cb3d597c1,A_F-2-R,visa_regional_quotas,f8e8575f-75a7-5542-9aeb-4c14b2c36e96,round=12 > municipality=괴산군,c45a7a1a-e09d-457b-bf8e-a71ced2605ab,2,2025-03-07,2026-09-18,visa_quota_snapshots,c3a9cf20-f21d-4cfe-9096-62a75f6651f8,TRANSFORM,MAPPED,,2026-08-25,"원본 PDF p.2 대조; 미기재 예외는 null, consumed=기추천."
5940a222-dff8-4272-b596-17220776dd1d,a228433b-abe4-4785-8496-3e1cb3d597c1,A_F-2-R,visa_regional_quotas,5455c5ef-8f61-517d-96e4-4a84312eb8d1,round=12 > municipality=단양군,c45a7a1a-e09d-457b-bf8e-a71ced2605ab,2,2025-03-07,2026-09-18,visa_quota_snapshots,a530da82-de4a-40a7-8739-a95cd2182713,TRANSFORM,MAPPED,,2026-08-25,"원본 PDF p.2 대조; 미기재 예외는 null, consumed=기추천."
004491a3-e1a6-4379-90ce-8f0ef8477890,a228433b-abe4-4785-8496-3e1cb3d597c1,A_F-2-R,visa_regional_quotas,680561bb-6450-5013-b1ee-80079357013b,round=13 > municipality=제천시,c600dbf4-7b21-49ea-80e0-5f89c464055c,2,2025-03-07,2026-09-18,visa_quota_snapshots,a72dab94-3f7a-4671-82d2-ef8391bed1b2,TRANSFORM,MAPPED,,2026-08-25,"원본 PDF p.2 대조; 미기재 예외는 null, consumed=기추천."
660df712-a5b6-41e7-aba6-c35d6cfa3d25,a228433b-abe4-4785-8496-3e1cb3d597c1,A_F-2-R,visa_regional_quotas,f82ffca3-e9c5-5a9f-abbd-abf9164bb748,round=13 > municipality=보은군,c600dbf4-7b21-49ea-80e0-5f89c464055c,2,2025-03-07,2026-09-18,visa_quota_snapshots,a7fe5edc-9b2d-4744-bf4c-3987a58f7ef8,TRANSFORM,MAPPED,,2026-08-25,"원본 PDF p.2 대조; 미기재 예외는 null, consumed=기추천."
0bd74776-7915-452b-8581-e5297a3e5f88,a228433b-abe4-4785-8496-3e1cb3d597c1,A_F-2-R,visa_regional_quotas,3bed0110-5dfa-5478-a70c-7417e7522127,round=13 > municipality=옥천군,c600dbf4-7b21-49ea-80e0-5f89c464055c,2,2025-03-07,2026-09-18,visa_quota_snapshots,e9d037d1-004d-4239-a491-f2b2174edf8c,TRANSFORM,MAPPED,,2026-08-25,"원본 PDF p.2 대조; 미기재 예외는 null, consumed=기추천."
8adef4c6-f382-4afe-b6a7-dd4861e17fd7,a228433b-abe4-4785-8496-3e1cb3d597c1,A_F-2-R,visa_regional_quotas,e814b397-dc4d-5370-b63d-952bbd496704,round=13 > municipality=영동군,c600dbf4-7b21-49ea-80e0-5f89c464055c,2,2025-03-07,2026-09-18,visa_quota_snapshots,f53872d3-a0cf-457c-bd02-1784e08eaff6,TRANSFORM,MAPPED,,2026-08-25,"원본 PDF p.2 대조; 미기재 예외는 null, consumed=기추천."
eab5cb8c-093b-488d-bef0-efe10eace089,a228433b-abe4-4785-8496-3e1cb3d597c1,A_F-2-R,visa_regional_quotas,86264a4a-9908-5aa2-86ab-0040dd50fe63,round=13 > municipality=괴산군,c600dbf4-7b21-49ea-80e0-5f89c464055c,2,2025-03-07,2026-09-18,visa_quota_snapshots,a8467d91-da52-42e7-889d-4d5103dbc185,TRANSFORM,MAPPED,,2026-08-25,"원본 PDF p.2 대조; 미기재 예외는 null, consumed=기추천."
5e697549-a716-473f-bd94-e08d4e7a4ac3,a228433b-abe4-4785-8496-3e1cb3d597c1,A_F-2-R,visa_regional_quotas,926f480d-3511-5c42-91b4-153799f767e8,round=13 > municipality=단양군,c600dbf4-7b21-49ea-80e0-5f89c464055c,2,2025-03-07,2026-09-18,visa_quota_snapshots,50468090-ce09-4280-9263-d106f41c1130,TRANSFORM,MAPPED,,2026-08-25,"원본 PDF p.2 대조; 미기재 예외는 null, consumed=기추천."
342e1051-4b9b-4770-a1ac-fdcec73d39fd,a228433b-abe4-4785-8496-3e1cb3d597c1,A_F-2-R,visa_regional_quotas,bcffbb31-26a4-5d4e-8c6d-505d2c6e1375,round=14 > municipality=제천시,aa6c3036-a390-4b03-ba4e-e6b42ee46db6,2,2025-03-07,2026-09-18,visa_quota_snapshots,ea9224ac-d878-423b-9fb4-ab6161b9a4f0,TRANSFORM,MAPPED,,2026-08-25,"원본 PDF p.2 대조; 미기재 예외는 null, consumed=기추천."
b5b5aa7c-ee63-4a95-b973-624c64f91c9e,a228433b-abe4-4785-8496-3e1cb3d597c1,A_F-2-R,visa_regional_quotas,112f308b-ce27-52f9-a10b-5dcf69a2d5ff,round=14 > municipality=보은군,aa6c3036-a390-4b03-ba4e-e6b42ee46db6,2,2025-03-07,2026-09-18,visa_quota_snapshots,054f22f7-95d7-4aa5-a3a7-286ca8fc13f2,TRANSFORM,MAPPED,,2026-08-25,"원본 PDF p.2 대조; 미기재 예외는 null, consumed=기추천."
227cf811-e968-43c8-b1e0-94f07d372f4d,a228433b-abe4-4785-8496-3e1cb3d597c1,A_F-2-R,visa_regional_quotas,413dc6e9-7fe5-5418-964e-a3238b795de6,round=14 > municipality=옥천군,aa6c3036-a390-4b03-ba4e-e6b42ee46db6,2,2025-03-07,2026-09-18,visa_quota_snapshots,37f74150-bcd0-48a3-bfb4-e26c10a3f5ec,TRANSFORM,MAPPED,,2026-08-25,"원본 PDF p.2 대조; 미기재 예외는 null, consumed=기추천."
3fa7484d-ce11-4aec-8bec-1da990a754ca,a228433b-abe4-4785-8496-3e1cb3d597c1,A_F-2-R,visa_regional_quotas,559a7ffb-90e5-55ee-95ce-5330c44dba56,round=14 > municipality=영동군,aa6c3036-a390-4b03-ba4e-e6b42ee46db6,2,2025-03-07,2026-09-18,visa_quota_snapshots,ce342ad0-3c3b-425e-a6c2-60eb7eab6a28,TRANSFORM,MAPPED,,2026-08-25,"원본 PDF p.2 대조; 미기재 예외는 null, consumed=기추천."
91b3bd19-ee01-4a04-a599-530e981995cf,a228433b-abe4-4785-8496-3e1cb3d597c1,A_F-2-R,visa_regional_quotas,1e895d07-fd76-5812-8e0a-115b0da0be53,round=14 > municipality=괴산군,aa6c3036-a390-4b03-ba4e-e6b42ee46db6,2,2025-03-07,2026-09-18,visa_quota_snapshots,10748e8f-b53e-46c0-b02b-e56a5bd4764f,TRANSFORM,MAPPED,,2026-08-25,"원본 PDF p.2 대조; 미기재 예외는 null, consumed=기추천."
e42f3520-3700-4328-a912-8905d593f160,a228433b-abe4-4785-8496-3e1cb3d597c1,A_F-2-R,visa_regional_quotas,b64c9d59-ae09-5d6b-b367-411438f7418b,round=14 > municipality=단양군,aa6c3036-a390-4b03-ba4e-e6b42ee46db6,2,2025-03-07,2026-09-18,visa_quota_snapshots,ed92fcbc-442b-4501-965d-d59fe42acde7,TRANSFORM,MAPPED,,2026-08-25,"원본 PDF p.2 대조; 미기재 예외는 null, consumed=기추천."
3aba2fd8-1251-456f-b6dd-27342bdecdf0,a228433b-abe4-4785-8496-3e1cb3d597c1,A_F-2-R,visa_regional_quotas,48dacb6c-2132-5768-8913-b859a5086f7a,round=15 > municipality=제천시,5f504305-7039-42b6-b25f-a4ed6263ea31,2,2025-03-07,2026-09-18,visa_quota_snapshots,f69e7e38-f1c1-445e-aac5-6388ca7f2ac9,TRANSFORM,MAPPED,,2026-08-25,"원본 PDF p.2 대조; 미기재 예외는 null, consumed=기추천."
562a2980-a00c-42d1-90ff-63e5051a9dcd,a228433b-abe4-4785-8496-3e1cb3d597c1,A_F-2-R,visa_regional_quotas,18e165b3-4bf3-5fe9-8714-33068b78f5c7,round=15 > municipality=보은군,5f504305-7039-42b6-b25f-a4ed6263ea31,2,2025-03-07,2026-09-18,visa_quota_snapshots,82dafbd5-6bfa-498c-9b84-c22309f421e4,TRANSFORM,MAPPED,,2026-08-25,"원본 PDF p.2 대조; 미기재 예외는 null, consumed=기추천."
34dd89d7-3499-423b-81be-5b7396d82aed,a228433b-abe4-4785-8496-3e1cb3d597c1,A_F-2-R,visa_regional_quotas,522724e2-e73b-5318-ba67-0f37f5f79514,round=15 > municipality=옥천군,5f504305-7039-42b6-b25f-a4ed6263ea31,2,2025-03-07,2026-09-18,visa_quota_snapshots,f08b2c4d-6f04-46f1-b543-773eef24e6ab,TRANSFORM,MAPPED,,2026-08-25,"원본 PDF p.2 대조; 미기재 예외는 null, consumed=기추천."
89bdaef1-a533-4020-93ed-748d34066cdf,a228433b-abe4-4785-8496-3e1cb3d597c1,A_F-2-R,visa_regional_quotas,1f85f8f7-0d97-550e-9e75-43fa565838b9,round=15 > municipality=영동군,5f504305-7039-42b6-b25f-a4ed6263ea31,2,2025-03-07,2026-09-18,visa_quota_snapshots,0a12bab4-1712-4814-b27b-094822961f3e,TRANSFORM,MAPPED,,2026-08-25,"원본 PDF p.2 대조; 미기재 예외는 null, consumed=기추천."
1478ae72-10e7-4382-8439-531805cc431b,a228433b-abe4-4785-8496-3e1cb3d597c1,A_F-2-R,visa_regional_quotas,ca996ac6-7e77-5776-81f0-f6a2668965cc,round=15 > municipality=괴산군,5f504305-7039-42b6-b25f-a4ed6263ea31,2,2025-03-07,2026-09-18,visa_quota_snapshots,68c67650-af0b-48bf-b270-e38686a0cba4,TRANSFORM,MAPPED,,2026-08-25,"원본 PDF p.2 대조; 미기재 예외는 null, consumed=기추천."
dc166073-2ab2-4186-86a9-3c0ba76e8dc1,a228433b-abe4-4785-8496-3e1cb3d597c1,A_F-2-R,visa_regional_quotas,dc32b4f7-e45f-5909-9655-c11a4b1beeda,round=15 > municipality=단양군,5f504305-7039-42b6-b25f-a4ed6263ea31,2,2025-03-07,2026-09-18,visa_quota_snapshots,6a07ff83-7f97-417c-89aa-0dd06707ebe1,TRANSFORM,MAPPED,,2026-08-25,"원본 PDF p.2 대조; 미기재 예외는 null, consumed=기추천."
76ce2bb7-e132-48df-920a-3f6b959a7085,a228433b-abe4-4785-8496-3e1cb3d597c1,A_F-2-R,visa_regional_quotas,5e086247-45d6-5e07-9174-12678d6e17f8,round=16 > municipality=제천시,c718963f-577e-413e-9716-1474cda1b125,2,2025-03-07,2026-09-18,visa_quota_snapshots,7ee5e2b9-9726-4635-a612-89addabf517d,TRANSFORM,MAPPED,,2026-08-25,"원본 PDF p.2 대조; 미기재 예외는 null, consumed=기추천."
c5b7333b-a489-41de-b66f-a966f9d1b5b3,a228433b-abe4-4785-8496-3e1cb3d597c1,A_F-2-R,visa_regional_quotas,bd8f055c-1fd6-596b-96e4-04cf2a238aec,round=16 > municipality=보은군,c718963f-577e-413e-9716-1474cda1b125,2,2025-03-07,2026-09-18,visa_quota_snapshots,fab46a54-df9d-49d8-a077-c588282d7d87,TRANSFORM,MAPPED,,2026-08-25,"원본 PDF p.2 대조; 미기재 예외는 null, consumed=기추천."
a48c2e4c-2fbe-4b48-a045-20edca635f5b,a228433b-abe4-4785-8496-3e1cb3d597c1,A_F-2-R,visa_regional_quotas,a609858e-667a-5e18-a9d2-7c6bbfd802b8,round=16 > municipality=옥천군,c718963f-577e-413e-9716-1474cda1b125,2,2025-03-07,2026-09-18,visa_quota_snapshots,9a38083a-5ab9-4ff5-92f2-21089160e620,TRANSFORM,MAPPED,,2026-08-25,"원본 PDF p.2 대조; 미기재 예외는 null, consumed=기추천."
c090593a-9209-4f59-845e-257e5df3e613,a228433b-abe4-4785-8496-3e1cb3d597c1,A_F-2-R,visa_regional_quotas,ac829da6-32b4-5e94-943b-3086849c6fa7,round=16 > municipality=영동군,c718963f-577e-413e-9716-1474cda1b125,2,2025-03-07,2026-09-18,visa_quota_snapshots,f9e053b1-3dd7-475f-8c54-5904a2803f9e,TRANSFORM,MAPPED,,2026-08-25,"원본 PDF p.2 대조; 미기재 예외는 null, consumed=기추천."
45d876d9-81a1-4a4d-8d00-22599b8b7998,a228433b-abe4-4785-8496-3e1cb3d597c1,A_F-2-R,visa_regional_quotas,c562958a-0da0-5d9f-9e1c-aaf87fe3240b,round=16 > municipality=괴산군,c718963f-577e-413e-9716-1474cda1b125,2,2025-03-07,2026-09-18,visa_quota_snapshots,76fc36b1-e18a-47ec-a10e-d37af6f7f648,TRANSFORM,MAPPED,,2026-08-25,"원본 PDF p.2 대조; 미기재 예외는 null, consumed=기추천."
c68b1832-5bff-41fe-9238-eee13c432604,a228433b-abe4-4785-8496-3e1cb3d597c1,A_F-2-R,visa_regional_quotas,ea83f96d-9bc3-5dd5-a845-2280d27a07ba,round=16 > municipality=단양군,c718963f-577e-413e-9716-1474cda1b125,2,2025-03-07,2026-09-18,visa_quota_snapshots,bc9dd7bc-d35f-4f12-897c-0225da8b96c7,TRANSFORM,MAPPED,,2026-08-25,"원본 PDF p.2 대조; 미기재 예외는 null, consumed=기추천."
9c200eff-e6cf-4ff7-83f1-319a12bcd136,a228433b-abe4-4785-8496-3e1cb3d597c1,A_F-2-R,visa_regional_quotas,5bf28de2-f3a0-5a5d-8840-859676e93e8c,round=17 > municipality=제천시,2c892d50-7de9-431f-95f7-c02c7b2a7d76,2,2025-03-07,2026-09-18,visa_quota_snapshots,8ada3649-3c4a-4917-991c-b2ca7d2083c7,TRANSFORM,MAPPED,,2026-08-25,"원본 PDF p.2 대조; 미기재 예외는 null, consumed=기추천."
498267b5-c982-4e44-81ff-39b8a38be13f,a228433b-abe4-4785-8496-3e1cb3d597c1,A_F-2-R,visa_regional_quotas,38ca6765-a45c-519e-80dc-28d21af3e908,round=17 > municipality=보은군,2c892d50-7de9-431f-95f7-c02c7b2a7d76,2,2025-03-07,2026-09-18,visa_quota_snapshots,295f0b1d-e5c5-427e-afc4-4112dbc238b8,TRANSFORM,MAPPED,,2026-08-25,"원본 PDF p.2 대조; 미기재 예외는 null, consumed=기추천."
272dc715-31a7-46d5-959f-b6fde74b9c5e,a228433b-abe4-4785-8496-3e1cb3d597c1,A_F-2-R,visa_regional_quotas,4823a106-0ac9-593e-b2d5-ff2d85953e76,round=17 > municipality=옥천군,2c892d50-7de9-431f-95f7-c02c7b2a7d76,2,2025-03-07,2026-09-18,visa_quota_snapshots,f6d104b8-17f4-46b7-8731-425628c22a84,TRANSFORM,MAPPED,,2026-08-25,"원본 PDF p.2 대조; 미기재 예외는 null, consumed=기추천."
ffb7bdf2-5021-4664-ba1c-29e8d24f30ee,a228433b-abe4-4785-8496-3e1cb3d597c1,A_F-2-R,visa_regional_quotas,ea18d58a-bdee-5bd2-b4e5-29f6ce033e41,round=17 > municipality=영동군,2c892d50-7de9-431f-95f7-c02c7b2a7d76,2,2025-03-07,2026-09-18,visa_quota_snapshots,46d595c8-d34b-4fdb-bb99-9155fa941c01,TRANSFORM,MAPPED,,2026-08-25,"원본 PDF p.2 대조; 미기재 예외는 null, consumed=기추천."
e6926faa-a561-405a-af38-de4ba89de966,a228433b-abe4-4785-8496-3e1cb3d597c1,A_F-2-R,visa_regional_quotas,43d27b89-3306-58f8-a9e8-85d150df233e,round=17 > municipality=괴산군,2c892d50-7de9-431f-95f7-c02c7b2a7d76,2,2025-03-07,2026-09-18,visa_quota_snapshots,c8a01248-fe1e-480c-a558-4cf99dae7825,TRANSFORM,MAPPED,,2026-08-25,"원본 PDF p.2 대조; 미기재 예외는 null, consumed=기추천."
0c9686ba-eae3-4780-9190-49e96a780317,a228433b-abe4-4785-8496-3e1cb3d597c1,A_F-2-R,visa_regional_quotas,81319016-b8be-5eb6-8099-e5ceed003da1,round=17 > municipality=단양군,2c892d50-7de9-431f-95f7-c02c7b2a7d76,2,2025-03-07,2026-09-18,visa_quota_snapshots,bec645a4-b20c-43fb-a4ef-588f2caec783,TRANSFORM,MAPPED,,2026-08-25,"원본 PDF p.2 대조; 미기재 예외는 null, consumed=기추천."
