fact_id,visa_code,announcement_round,fact_domain,fact_key,fact_name_kr,value_text,value_number,unit,source_document_id,source_section,source_block_index,source_table_index,source_text,extraction_status,confidence
c523f064-7ab1-5f6f-b5a4-76931aedb04e,F-2-R,17,application,application:start,전체 사업 접수 시작일,2025-03-07,,date,r17_announcement_2026_df1fdde9,0,12,,❍ 접수기간 : ’25. 3. 7.(금) ~ ’26. 9. 18.(금)까지(상시접수),auto_extracted,0.98
75dd5d66-2960-541e-baa8-8f94ec097332,F-2-R,17,application,application:end,전체 사업 접수 종료일,2026-09-18,,date,r17_announcement_2026_df1fdde9,0,12,,❍ 접수기간 : ’25. 3. 7.(금) ~ ’26. 9. 18.(금)까지(상시접수),auto_extracted,0.98
e2cc471d-2a15-5fc1-93a6-c2d02bbeb239,F-2-R,17,application,application:total_quota,총 모집인원,,311.0,person,r17_announcement_2026_df1fdde9,0,12,,❍ 접수기간 : ’25. 3. 7.(금) ~ ’26. 9. 18.(금)까지(상시접수),auto_extracted,0.98
0c93d3b7-a9f1-5359-ae84-a87865fe58d2,F-2-R,17,regional_quota,quota:괴산군:allocated,괴산군 배정 인원,,30.0,person,r17_announcement_2026_df1fdde9,0,,5,괴산 | 30 | 17 | 13,auto_extracted,0.98
520da226-03fe-5099-b2d2-f86d5babb249,F-2-R,17,regional_quota,quota:괴산군:recommended,괴산군 기추천 인원,,17.0,person,r17_announcement_2026_df1fdde9,0,,5,괴산 | 30 | 17 | 13,auto_extracted,0.98
f19abdb4-ac0a-55dd-bbd6-4190a19ab053,F-2-R,17,regional_quota,quota:괴산군:remaining,괴산군 잔여 인원,,13.0,person,r17_announcement_2026_df1fdde9,0,,5,괴산 | 30 | 17 | 13,auto_extracted,0.98
fa35e99b-55c4-520d-b6e5-1a759fab82be,F-2-R,17,regional_quota,quota:단양군:allocated,단양군 배정 인원,,44.0,person,r17_announcement_2026_df1fdde9,0,,5,단양 | 44 | 36 | 8,auto_extracted,0.98
e4be2b40-dae0-54f5-a91d-53fa21aafd5f,F-2-R,17,regional_quota,quota:단양군:recommended,단양군 기추천 인원,,36.0,person,r17_announcement_2026_df1fdde9,0,,5,단양 | 44 | 36 | 8,auto_extracted,0.98
2c7a67ce-82f1-5f3c-9b8d-c6d34272bff2,F-2-R,17,regional_quota,quota:단양군:remaining,단양군 잔여 인원,,8.0,person,r17_announcement_2026_df1fdde9,0,,5,단양 | 44 | 36 | 8,auto_extracted,0.98
1c924000-a660-5809-8769-bf016a795db2,F-2-R,17,regional_quota,quota:보은군:allocated,보은군 배정 인원,,70.0,person,r17_announcement_2026_df1fdde9,0,,5,보은 | 70 | 41 | 29,auto_extracted,0.98
fb4ecc0f-d3d3-524b-adbc-2b44746849f1,F-2-R,17,regional_quota,quota:보은군:recommended,보은군 기추천 인원,,41.0,person,r17_announcement_2026_df1fdde9,0,,5,보은 | 70 | 41 | 29,auto_extracted,0.98
d745bd8e-dc51-5999-b7f6-c5ac3e61a575,F-2-R,17,regional_quota,quota:보은군:remaining,보은군 잔여 인원,,29.0,person,r17_announcement_2026_df1fdde9,0,,5,보은 | 70 | 41 | 29,auto_extracted,0.98
45901527-f1cd-5d6a-81a2-ac75f308bd41,F-2-R,17,regional_quota,quota:영동군:allocated,영동군 배정 인원,,33.0,person,r17_announcement_2026_df1fdde9,0,,5,영동 | 33 | 9 | 24,auto_extracted,0.98
69cea9b1-11f7-55cc-b97f-51edda5a22c2,F-2-R,17,regional_quota,quota:영동군:recommended,영동군 기추천 인원,,9.0,person,r17_announcement_2026_df1fdde9,0,,5,영동 | 33 | 9 | 24,auto_extracted,0.98
3c0070bb-ad73-5bd2-8d54-f8bbaaad9afe,F-2-R,17,regional_quota,quota:영동군:remaining,영동군 잔여 인원,,24.0,person,r17_announcement_2026_df1fdde9,0,,5,영동 | 33 | 9 | 24,auto_extracted,0.98
03ccd2a3-929b-514a-be64-30d58938acc2,F-2-R,17,regional_quota,quota:옥천군:allocated,옥천군 배정 인원,,50.0,person,r17_announcement_2026_df1fdde9,0,,5,옥천 | 50 | 24 | 26,auto_extracted,0.98
d4d03484-a304-557b-b003-5520f54eaea4,F-2-R,17,regional_quota,quota:옥천군:recommended,옥천군 기추천 인원,,24.0,person,r17_announcement_2026_df1fdde9,0,,5,옥천 | 50 | 24 | 26,auto_extracted,0.98
7b01a677-eb6a-506b-85a7-774868ee4d1d,F-2-R,17,regional_quota,quota:옥천군:remaining,옥천군 잔여 인원,,26.0,person,r17_announcement_2026_df1fdde9,0,,5,옥천 | 50 | 24 | 26,auto_extracted,0.98
3a92c4a3-d370-5d1e-9e29-bb59e689a8eb,F-2-R,17,regional_quota,quota:제천시:allocated,제천시 배정 인원,,84.0,person,r17_announcement_2026_df1fdde9,0,,5,제천 | 84 | 51 | 33,auto_extracted,0.98
8c0edbaa-40ee-55ef-8e32-7cad690a6ee5,F-2-R,17,regional_quota,quota:제천시:recommended,제천시 기추천 인원,,51.0,person,r17_announcement_2026_df1fdde9,0,,5,제천 | 84 | 51 | 33,auto_extracted,0.98
3f2228ef-5d4a-582d-ab47-dbb7fee2f4fd,F-2-R,17,regional_quota,quota:제천시:remaining,제천시 잔여 인원,,33.0,person,r17_announcement_2026_df1fdde9,0,,5,제천 | 84 | 51 | 33,auto_extracted,0.98
608aa02e-ae9c-52c3-84b5-442a0fbbd12d,F-2-R,17,requirement,requirement:income,연간 소득 기준,,30539916.0,KRW/year,r17_announcement_2026_df1fdde9,0,40,7,"국관리법 제36조(체류지 변경의 신고) 위반 / ※ 특례 조건 위반 시 체류자격 취소 가능 / ❍ (기간) 허가일로부터 최초 2년은 추천지역에 실거주 / ※ 2년 경과 시 동일 광역지자체 내 다른 인구감소지역으로 이전 가능 / 다. 취업/창업 (두 요건 중 하나만 구비 하면 족함) / 1) 취업 /  (지역) 근무처가 추천지역 내 소재 /  (급여) 근로계약서상 급여 ‘26년도 충청북도 생활임금(연 30,539,916원) 이상 / - 신청일 이후 3개월 이내 근로 시작, 계약기간 1년 이상 유효할 것 / - 고용주와 사용자가 동일하여야 하며 취업알선 업체, 인력파견 업체 등에 소속되어 일당제 또는 파견제 형식의 취업 불가 / - 자격 변경 후 1년 이내 근무처 변경 제한(단, 사업장 휴·폐업, 임금 체불 등*으로 동일 근무처에서 근무가 곤란한 경우에는 “허가조건 변경(근무처 변경)” 심사를 받아 변경이 가",auto_extracted,0.98
e0f5e821-46a0-58d3-bf22-5827b1768000,F-2-R,17,requirement,requirement:kiip,사회통합프로그램 이수 단계,,3.0,level,r17_announcement_2026_df1fdde9,0,40,7,"우 / ⑤ 최근 3년 이내에 3회 이상 범칙금 처분을 받은 경우 / ⑥ 「출입국관리법」 제11조 제1항에서 정한 입국금지 대상자 /  (준법 시민교육) 지역특화형 우수인재 자격변경 및 연장 허가 예정자 중 국내법 위반 사실이 확인된 자(위 품행 단정 요건 결격사유 해당자 제외) / ※ 준법 시민교육 관련 세부사항 및 신청절차【붙임7】참조 / 마. 기본소양 (하나만 구비 하면 족함) /  사회통합프로그램 3단계 이상 이수(사전평가에서 4단계 이상 배정 포함) /  한국어능력시험(TOPIK) 3급 이상 취득 / 바. 고용주 요건 / ❍ (세금체납 관련) 고용업체에 세금(국세, 지방세) 체납 사실이 없을 것 / ❍ (고용가능인원) 내국인 고용인원 규모에 따라 차등적용 / * 최저임금을 충족하는 3개월 이상 고용보험에 가입된 인원 / - (허용인원 산정 기준) 허용계산 값의 소수점 이하는 올림하며,",auto_extracted,0.98
30fc5ad1-1a5e-5358-a855-e65318495f7c,F-2-R,17,requirement,requirement:preassessment,사회통합프로그램 사전평가 배정 단계,,4.0,level,r17_announcement_2026_df1fdde9,0,40,7,"이상 범칙금 처분을 받은 경우 / ⑥ 「출입국관리법」 제11조 제1항에서 정한 입국금지 대상자 /  (준법 시민교육) 지역특화형 우수인재 자격변경 및 연장 허가 예정자 중 국내법 위반 사실이 확인된 자(위 품행 단정 요건 결격사유 해당자 제외) / ※ 준법 시민교육 관련 세부사항 및 신청절차【붙임7】참조 / 마. 기본소양 (하나만 구비 하면 족함) /  사회통합프로그램 3단계 이상 이수(사전평가에서 4단계 이상 배정 포함) /  한국어능력시험(TOPIK) 3급 이상 취득 / 바. 고용주 요건 / ❍ (세금체납 관련) 고용업체에 세금(국세, 지방세) 체납 사실이 없을 것 / ❍ (고용가능인원) 내국인 고용인원 규모에 따라 차등적용 / * 최저임금을 충족하는 3개월 이상 고용보험에 가입된 인원 / - (허용인원 산정 기준) 허용계산 값의 소수점 이하는 올림하며, 지역특화 우수인재(F-2-R)",auto_extracted,0.98
5ffa213c-2de0-5963-89a2-c5fc321c604c,F-2-R,17,requirement,requirement:topik,TOPIK 등급,,3.0,grade,r17_announcement_2026_df1fdde9,0,40,7,"조 제1항에서 정한 입국금지 대상자 /  (준법 시민교육) 지역특화형 우수인재 자격변경 및 연장 허가 예정자 중 국내법 위반 사실이 확인된 자(위 품행 단정 요건 결격사유 해당자 제외) / ※ 준법 시민교육 관련 세부사항 및 신청절차【붙임7】참조 / 마. 기본소양 (하나만 구비 하면 족함) /  사회통합프로그램 3단계 이상 이수(사전평가에서 4단계 이상 배정 포함) /  한국어능력시험(TOPIK) 3급 이상 취득 / 바. 고용주 요건 / ❍ (세금체납 관련) 고용업체에 세금(국세, 지방세) 체납 사실이 없을 것 / ❍ (고용가능인원) 내국인 고용인원 규모에 따라 차등적용 / * 최저임금을 충족하는 3개월 이상 고용보험에 가입된 인원 / - (허용인원 산정 기준) 허용계산 값의 소수점 이하는 올림하며, 지역특화 우수인재(F-2-R) 체류자격을 가진 사람만 외국인 고용인원으로 산정 / ❍ (",auto_extracted,0.98
b825f1d4-3ec9-574f-9352-20291dcc9264,F-2-R,17,requirement,requirement:employment_start,근로 시작 기한,,3.0,month,r17_announcement_2026_df1fdde9,0,40,7,"※ 특례 조건 위반 시 체류자격 취소 가능 / ❍ (기간) 허가일로부터 최초 2년은 추천지역에 실거주 / ※ 2년 경과 시 동일 광역지자체 내 다른 인구감소지역으로 이전 가능 / 다. 취업/창업 (두 요건 중 하나만 구비 하면 족함) / 1) 취업 /  (지역) 근무처가 추천지역 내 소재 /  (급여) 근로계약서상 급여 ‘26년도 충청북도 생활임금(연 30,539,916원) 이상 / - 신청일 이후 3개월 이내 근로 시작, 계약기간 1년 이상 유효할 것 / - 고용주와 사용자가 동일하여야 하며 취업알선 업체, 인력파견 업체 등에 소속되어 일당제 또는 파견제 형식의 취업 불가 / - 자격 변경 후 1년 이내 근무처 변경 제한(단, 사업장 휴·폐업, 임금 체불 등*으로 동일 근무처에서 근무가 곤란한 경우에는 “허가조건 변경(근무처 변경)” 심사를 받아 변경이 가능하되, 새로운 근무처에서 다시 1년 동안 원칙적으",auto_extracted,0.98
0a2c1b10-bbbf-594c-8aac-5c833d54bef5,F-2-R,17,requirement,requirement:contract_years,근로계약 최소기간,,1.0,year,r17_announcement_2026_df1fdde9,0,40,7,"가능 / ❍ (기간) 허가일로부터 최초 2년은 추천지역에 실거주 / ※ 2년 경과 시 동일 광역지자체 내 다른 인구감소지역으로 이전 가능 / 다. 취업/창업 (두 요건 중 하나만 구비 하면 족함) / 1) 취업 /  (지역) 근무처가 추천지역 내 소재 /  (급여) 근로계약서상 급여 ‘26년도 충청북도 생활임금(연 30,539,916원) 이상 / - 신청일 이후 3개월 이내 근로 시작, 계약기간 1년 이상 유효할 것 / - 고용주와 사용자가 동일하여야 하며 취업알선 업체, 인력파견 업체 등에 소속되어 일당제 또는 파견제 형식의 취업 불가 / - 자격 변경 후 1년 이내 근무처 변경 제한(단, 사업장 휴·폐업, 임금 체불 등*으로 동일 근무처에서 근무가 곤란한 경우에는 “허가조건 변경(근무처 변경)” 심사를 받아 변경이 가능하되, 새로운 근무처에서 다시 1년 동안 원칙적으로 근무처 변경 제한)",auto_extracted,0.98
b698bf95-f330-58cf-b4c7-4af085753489,F-2-R,17,requirement,requirement:investment,창업 총 투자금액,,200000000.0,KRW,r17_announcement_2026_df1fdde9,0,40,7,"인력파견 업체 등에 소속되어 일당제 또는 파견제 형식의 취업 불가 / - 자격 변경 후 1년 이내 근무처 변경 제한(단, 사업장 휴·폐업, 임금 체불 등*으로 동일 근무처에서 근무가 곤란한 경우에는 “허가조건 변경(근무처 변경)” 심사를 받아 변경이 가능하되, 새로운 근무처에서 다시 1년 동안 원칙적으로 근무처 변경 제한) / 2) 창업 /  (지역) 사업체가 추천지역 내 소재 /  (투자금액) 2억원 이상 / - 국내 형성 자금을 인정하되, 1억원은 해외에서 국내로 반입한 외국 자본*이어야 함 / * 투자자금 도입 및 자본금 사용내역 요건은 법인인 경우 법인에 투자(D-8-1), 개인사업자인 경우 개인사업자(D-9-4) 요건 적용 /  (설립방식) ｢외국인투자촉진법｣에 따른 외국인투자기업(법인)이나 개인사업자 또는 ｢외국환거래법｣ 및 ｢외국환거래규정｣에 따라 외자를 도입하고 사업자등록을 한",auto_extracted,0.98
4bf063e7-885f-50a8-bc6a-f3a3c523c3ad,F-2-R,17,requirement,requirement:foreign_capital,해외 반입 외국자본,,100000000.0,KRW,r17_announcement_2026_df1fdde9,0,40,7,"업 불가 / - 자격 변경 후 1년 이내 근무처 변경 제한(단, 사업장 휴·폐업, 임금 체불 등*으로 동일 근무처에서 근무가 곤란한 경우에는 “허가조건 변경(근무처 변경)” 심사를 받아 변경이 가능하되, 새로운 근무처에서 다시 1년 동안 원칙적으로 근무처 변경 제한) / 2) 창업 /  (지역) 사업체가 추천지역 내 소재 /  (투자금액) 2억원 이상 / - 국내 형성 자금을 인정하되, 1억원은 해외에서 국내로 반입한 외국 자본*이어야 함 / * 투자자금 도입 및 자본금 사용내역 요건은 법인인 경우 법인에 투자(D-8-1), 개인사업자인 경우 개인사업자(D-9-4) 요건 적용 /  (설립방식) ｢외국인투자촉진법｣에 따른 외국인투자기업(법인)이나 개인사업자 또는 ｢외국환거래법｣ 및 ｢외국환거래규정｣에 따라 외자를 도입하고 사업자등록을 한 개인사업자 / 3) 유의사항 /  (기간) 허가일 기준 최초 2년은 추천지역",auto_extracted,0.98
02601af3-f2d9-532c-9496-1d0b8ab72edf,F-2-R,17,requirement,requirement:initial_residence,최초 추천지역 실거주기간,,2.0,year,r17_announcement_2026_df1fdde9,0,40,7,"/ - (제출서류) 임대차계약서, 숙소제공확인서(숙소제공 예정인 경우 숙소제공예정자의 확인 서명 등 필요) 등 실거주 예정임을 확인할 수 있는 서류 / ※ 지자체와 지방출입국‧외국인관서에 동일 서류 제출 / - (참고 사항) 임대차계약서의 계약일부터 전입신고일까지 15일 초과 시 출입국관리법 제36조(체류지 변경의 신고) 위반 / ※ 특례 조건 위반 시 체류자격 취소 가능 / ❍ (기간) 허가일로부터 최초 2년은 추천지역에 실거주 / ※ 2년 경과 시 동일 광역지자체 내 다른 인구감소지역으로 이전 가능 / 다. 취업/창업 (두 요건 중 하나만 구비 하면 족함) / 1) 취업 /  (지역) 근무처가 추천지역 내 소재 /  (급여) 근로계약서상 급여 ‘26년도 충청북도 생활임금(연 30,539,916원) 이상 / - 신청일 이후 3개월 이내 근로 시작, 계약기간 1년 이상 유효할 것 / - 고용주와 사용자가 동일하여",auto_extracted,0.98
a0dcb9ac-370c-5f58-b439-0cd04a885318,F-2-R,17,requirement,requirement:stay_initial,최초 체류기간 상한,,1.0,year,r17_announcement_2026_df1fdde9,0,40,7,"따라 10인 이상의 외국인을 초청한 자로서 피초청 외국인 과반수가 불법체류 중인 사람 / ⑦ 신청일부터 최근 1개월간 「출입국관리법」제19조(외국인고용주 신고의무) 또는 제19조의4(유학생 초청기관장의 신고의무)에 의한 신고의무를 2회 이상 게을리하여 과태료를 납부한 날로부터 1개월이 경과하지 아니한 자 / 3. 체류허가 사항 / 가. 체류자격 : F-2-R(지역특화형 우수인재) / 나. 체류기간 : 최대 1년 부여 ※ (연장 시) 최초연장 1년, 이후 최대 2년 내 부여",auto_extracted,0.98
2ed23ba8-c8d1-5ff2-abf8-21977c78ab99,F-2-R,17,requirement,requirement:stay_later_extension,후속 연장기간 상한,,2.0,year,r17_announcement_2026_df1fdde9,0,40,7,"가 불법체류 중인 사람 / ⑦ 신청일부터 최근 1개월간 「출입국관리법」제19조(외국인고용주 신고의무) 또는 제19조의4(유학생 초청기관장의 신고의무)에 의한 신고의무를 2회 이상 게을리하여 과태료를 납부한 날로부터 1개월이 경과하지 아니한 자 / 3. 체류허가 사항 / 가. 체류자격 : F-2-R(지역특화형 우수인재) / 나. 체류기간 : 최대 1년 부여 ※ (연장 시) 최초연장 1년, 이후 최대 2년 내 부여",auto_extracted,0.98
2122b25a-e3d8-5e32-a695-30865009b43b,F-2-R,17,requirement,requirement:small_business_exception,지역활력 소상공인 고용특례,present,,,r17_announcement_2026_df1fdde9,0,40,7,"이상 취득 / 바. 고용주 요건 / ❍ (세금체납 관련) 고용업체에 세금(국세, 지방세) 체납 사실이 없을 것 / ❍ (고용가능인원) 내국인 고용인원 규모에 따라 차등적용 / * 최저임금을 충족하는 3개월 이상 고용보험에 가입된 인원 / - (허용인원 산정 기준) 허용계산 값의 소수점 이하는 올림하며, 지역특화 우수인재(F-2-R) 체류자격을 가진 사람만 외국인 고용인원으로 산정 / ❍ (지역활력 소상공인 고용특례) 내국인 고용이 어려운 인구감소지역 기업의 고용애로를 감안하여, 다음의 고용특례 기준을 모두 충족하는 기업은 내국인 고용인원이 없더라도 지역특화형 우수인재(F-2-R) 1명 고용 허용 / ① (기간) ’26. 5. 18. ~ ’27. 12. 31. (※ 시범운영 후 정식 제도화 여부 결정) / ② (대상) 소상공인* 또는 농업법인** / * ｢소상공인기본법｣ 제2조에 따른 소기업 중 “소상",auto_extracted,0.98
6e470143-86fe-5d85-9c6f-e97482a40abd,F-2-R,17,requirement,requirement:small_business_allowed,특례 F-2-R 허용인원,,1.0,person,r17_announcement_2026_df1fdde9,0,40,7,"저임금을 충족하는 3개월 이상 고용보험에 가입된 인원 / - (허용인원 산정 기준) 허용계산 값의 소수점 이하는 올림하며, 지역특화 우수인재(F-2-R) 체류자격을 가진 사람만 외국인 고용인원으로 산정 / ❍ (지역활력 소상공인 고용특례) 내국인 고용이 어려운 인구감소지역 기업의 고용애로를 감안하여, 다음의 고용특례 기준을 모두 충족하는 기업은 내국인 고용인원이 없더라도 지역특화형 우수인재(F-2-R) 1명 고용 허용 / ① (기간) ’26. 5. 18. ~ ’27. 12. 31. (※ 시범운영 후 정식 제도화 여부 결정) / ② (대상) 소상공인* 또는 농업법인** / * ｢소상공인기본법｣ 제2조에 따른 소기업 중 “소상공인”으로, ‘중소기업(소상공인) 확인서(중기부장관 발급)’로 확인 / ** ｢농어업경영체 육성 및 지원에 관한 법률｣에 따른 영농조합법인 및 농업회사법인으로, ‘농업회사법인(영농조합법",auto_extracted,0.98
14f0ca50-7232-5f06-b303-6c8bea3c4e33,F-2-R,17,requirement,requirement:small_business_years,특례 최소 업력,,3.0,year,r17_announcement_2026_df1fdde9,0,40,7,"업회사법인으로, ‘농업회사법인(영농조합법인) 설립신고확인증(시·군·구청장 발급)’으로 확인 / ③ (업종) 소상공인은 제조업(10~34), 도·소매업(45~47), 음식점업(561)*에 한정, 농업법인은 업종에 관계없이 허용 / * 한국표준산업분류에 따른 대분류 기준이며, 음식점업은 소분류 기준으로 ‘주점 및 비알코올 음료점업(562)’를 제외한 ‘음식점업(561)’만 허용 / ④ (업력) 사업 운영기간 3년 이상(사업개시일로부터 3년 이상) / ⑤ (매출액) 전년도 매출액 1억원 이상 / ※ 단, 전년도 매출액 1억원 미만이더라도 2년 간 평균액이 1억원 이상이면 허용 /  고용주가 아래의 경우에 해당하지 않을 것 / ① 아래 법률의 위반으로 금고 이상의 형 선고·집행유예 선고 또는 500만원 이상의 벌금형 선고나 범칙금 처분을 받은 자 / - 형의 집행이 종료되거나 집행을 받지 아니하기로 한 날",auto_extracted,0.98
2a08fc1f-85af-5bfb-9e68-cb338e7a5dd0,F-2-R,17,requirement,requirement:small_business_sales,특례 최소 매출액,,100000000.0,KRW/year,r17_announcement_2026_df1fdde9,0,40,7,"발급)’으로 확인 / ③ (업종) 소상공인은 제조업(10~34), 도·소매업(45~47), 음식점업(561)*에 한정, 농업법인은 업종에 관계없이 허용 / * 한국표준산업분류에 따른 대분류 기준이며, 음식점업은 소분류 기준으로 ‘주점 및 비알코올 음료점업(562)’를 제외한 ‘음식점업(561)’만 허용 / ④ (업력) 사업 운영기간 3년 이상(사업개시일로부터 3년 이상) / ⑤ (매출액) 전년도 매출액 1억원 이상 / ※ 단, 전년도 매출액 1억원 미만이더라도 2년 간 평균액이 1억원 이상이면 허용 /  고용주가 아래의 경우에 해당하지 않을 것 / ① 아래 법률의 위반으로 금고 이상의 형 선고·집행유예 선고 또는 500만원 이상의 벌금형 선고나 범칙금 처분을 받은 자 / - 형의 집행이 종료되거나 집행을 받지 아니하기로 한 날, 집행유예를 선고받고 그 판결이 확정된 날 또는 벌금이나 범칙금을 납부한",auto_extracted,0.98
91b85f82-debe-58f1-b440-4012e538c47e,F-2-R,17,attachment_form,form:지역특화형비자안내문,붙임 서식: 지역특화형 비자 안내문,present,,,r17_attachment_2026_07f157ee,0,2,,1. 지역특화형 비자 안내문 1부.,auto_extracted,0.98
0fae500e-da56-5f92-8131-cc7795c5d7df,F-2-R,17,attachment_form,form:지역특화형비자취업제한분야(법무부),붙임 서식: 지역특화형 비자 취업제한 분야(법무부),present,,,r17_attachment_2026_07f157ee,0,3,,2. 지역특화형 비자 취업제한 분야(법무부) 1부.,auto_extracted,0.98
8678578e-1119-5330-ae15-ae6aa29cc663,F-2-R,17,attachment_form,form:준법시민교육,붙임 서식: 준법시민교육,present,,,r17_attachment_2026_07f157ee,0,4,,3. 준법시민교육 1부.,auto_extracted,0.98
d9d6bff0-0c42-5ad5-ab1d-56fd7e6d118a,F-2-R,17,attachment_form,form:출입국관리법시행규칙별표5“사증발급신청등첨부서류”에관한고시,붙임 서식: 출입국관리법시행규칙 별표5 “사증발급신청 등 첨부서류”에 관한 고시,present,,,r17_attachment_2026_07f157ee,0,5,,4. 출입국관리법시행규칙 별표5 “사증발급신청 등 첨부서류”에 관한 고시 1부.,auto_extracted,0.98
3344843b-e22f-5e6c-963a-c2a7df9412a0,F-2-R,17,attachment_form,form:지역특화형비자사업추천서발급신청서,붙임 서식: 지역특화형 비자사업 추천서 발급 신청서,present,,,r17_attachment_2026_07f157ee,0,6,,5. 지역특화형 비자사업 추천서 발급 신청서 1부.,auto_extracted,0.98
70d0993f-ae28-5abc-a4ee-9d7c4b25c628,F-2-R,17,attachment_form,form:거주/숙소제공확인서,붙임 서식: 거주/숙소제공 확인서,present,,,r17_attachment_2026_07f157ee,0,7,,6. 거주/숙소제공 확인서 1부.,auto_extracted,0.98
5fdb0372-18b8-5811-8e43-9dc1d23bd426,F-2-R,17,attachment_form,form:확약서,붙임 서식: 확 약 서,present,,,r17_attachment_2026_07f157ee,0,8,,7. 확 약 서 1부.,auto_extracted,0.98
13b3c91b-bb35-50b9-aa72-723b7f28e81e,F-2-R,17,attachment_form,form:위임장,붙임 서식: 위 임 장,present,,,r17_attachment_2026_07f157ee,0,9,,8. 위 임 장 1부.,auto_extracted,0.98
5cf97932-75d8-5015-a7e5-83cce4029724,F-2-R,17,attachment_form,form:지역우수인재추천서,붙임 서식: 지역우수인재 추천서,present,,,r17_attachment_2026_07f157ee,0,10,,9. 지역우수인재 추천서 1부.,auto_extracted,0.98
09e776d1-01ae-5284-933d-487e3c5cb468,F-2-R,17,attachment_form,form:수령증,붙임 서식: 수 령 증,present,,,r17_attachment_2026_07f157ee,0,11,,10. 수 령 증 1부.,auto_extracted,0.98
766cb796-be89-5827-9be4-3f1801bb086f,F-2-R,17,attachment_form,form:외국인근로자표준근로계약서(예시),붙임 서식: 외국인근로자 표준근로계약서(예시),present,,,r17_attachment_2026_07f157ee,0,12,,11. 외국인근로자 표준근로계약서(예시) 1부.,auto_extracted,0.98
fbb524b0-11e0-5590-875e-05984ee8f522,F-2-R,17,attachment_form,form:관할출입국·외국인사무소비자신청제출서류,붙임 서식: 관할 출입국･외국인사무소 비자 신청 제출서류,present,,,r17_attachment_2026_07f157ee,0,13,,12. 관할 출입국･외국인사무소 비자 신청 제출서류 1부.,auto_extracted,0.98
fafe3c82-29fa-5a95-a170-d5a8836dd1bb,F-2-R,17,attachment_form,form:지역특화형우수인재허가조건변경신청서,붙임 서식: 지역특화형 우수인재 허가조건 변경 신청서,present,,,r17_attachment_2026_07f157ee,0,14,,13. 지역특화형 우수인재 허가조건 변경 신청서 1부.,auto_extracted,0.98
5f60b7c5-d9c2-5ee2-8e19-b8893dc5365c,F-2-R,17,attachment_form,form:중소기업확인서,붙임 서식: 중소기업 확인서,present,,,r17_attachment_2026_07f157ee,0,15,,14. 중소기업 확인서 - 지역활력 소상공인 고용특례 해당할 경우 1부.,auto_extracted,0.98
88dddb5c-e6ec-5054-bcab-812eefc14286,F-2-R,17,attachment_form,form:영농조합법인설립신고확인증,붙임 서식: 영농조합법인 설립신고확인증,present,,,r17_attachment_2026_07f157ee,0,16,,15. 영농조합법인 설립신고확인증 - 지역활력 소상공인 고용특례 해당할 경우 1부.,auto_extracted,0.98
db08fdd9-eb36-5326-871d-85179fed5601,F-2-R,17,attachment_form,form:농업회사법인설립신고확인증,붙임 서식: 농업회사법인 설립신고확인증,present,,,r17_attachment_2026_07f157ee,0,17,,16. 농업회사법인 설립신고확인증 - 지역활력 소상공인 고용특례 해당할 경우 1부.,auto_extracted,0.98
8ddd09fd-fd4e-51d7-83f7-76c81413a061,F-2-R,17,attachment_content,attachment:permission_notice_language,허가조건 안내 언어,ko_en,,,r17_attachment_2026_07f157ee,0,21,1,"| 【 허가조건 】 / Conditions of Permission | | 1. 공통 Common Requirements / ❍ 자격요건(거주지 요건, 취·창업 요건, 소득요건 등)을 계속 유지할 것 / The applicant must continuously satisfy all eligibility requirement, including residence, employment/start-up, and income requirements. / 2.",auto_extracted,0.98
b44b1b2b-5b05-571a-b8bc-924f8d301e77,F-2-R,16,application,application:start,전체 사업 접수 시작일,2025-03-07,,date,r16_announcement_2026_0168a48f,0,12,,❍ 접수기간 : ’25. 3. 7.(금) ~ ’26. 9. 18.(금)까지(상시접수),auto_extracted,0.98
2ebdfc96-a983-50be-8ad1-20dda320c236,F-2-R,16,application,application:end,전체 사업 접수 종료일,2026-09-18,,date,r16_announcement_2026_0168a48f,0,12,,❍ 접수기간 : ’25. 3. 7.(금) ~ ’26. 9. 18.(금)까지(상시접수),auto_extracted,0.98
058b69d2-a6e8-5ae5-9633-a9f15411f29b,F-2-R,16,application,application:total_quota,총 모집인원,,311.0,person,r16_announcement_2026_0168a48f,0,12,,❍ 접수기간 : ’25. 3. 7.(금) ~ ’26. 9. 18.(금)까지(상시접수),auto_extracted,0.98
317f77fc-6957-5768-b0c7-805ac0bc8389,F-2-R,16,regional_quota,quota:괴산군:allocated,괴산군 배정 인원,,30.0,person,r16_announcement_2026_0168a48f,0,,5,괴산 | 30 | 16 | 14,auto_extracted,0.98
5d0154b4-dace-5ca2-96e4-f0eefbc922c3,F-2-R,16,regional_quota,quota:괴산군:recommended,괴산군 기추천 인원,,16.0,person,r16_announcement_2026_0168a48f,0,,5,괴산 | 30 | 16 | 14,auto_extracted,0.98
70d308da-90d9-5189-aa87-ee5ff1b5bda6,F-2-R,16,regional_quota,quota:괴산군:remaining,괴산군 잔여 인원,,14.0,person,r16_announcement_2026_0168a48f,0,,5,괴산 | 30 | 16 | 14,auto_extracted,0.98
b50c99e7-f175-5c86-8b32-044528570ace,F-2-R,16,regional_quota,quota:단양군:allocated,단양군 배정 인원,,44.0,person,r16_announcement_2026_0168a48f,0,,5,단양 | 44 | 34 | 10,auto_extracted,0.98
5c3795c4-c71c-5de3-9547-873d82df4c04,F-2-R,16,regional_quota,quota:단양군:recommended,단양군 기추천 인원,,34.0,person,r16_announcement_2026_0168a48f,0,,5,단양 | 44 | 34 | 10,auto_extracted,0.98
0c07d1d6-f366-5ede-905a-b7b607bfb02d,F-2-R,16,regional_quota,quota:단양군:remaining,단양군 잔여 인원,,10.0,person,r16_announcement_2026_0168a48f,0,,5,단양 | 44 | 34 | 10,auto_extracted,0.98
16b4464d-6281-5107-b4e2-e4aef441dbd3,F-2-R,16,regional_quota,quota:보은군:allocated,보은군 배정 인원,,70.0,person,r16_announcement_2026_0168a48f,0,,5,보은 | 70 | 40 | 30,auto_extracted,0.98
387a8c44-7ddf-527b-89ee-4bb58bd3f5fe,F-2-R,16,regional_quota,quota:보은군:recommended,보은군 기추천 인원,,40.0,person,r16_announcement_2026_0168a48f,0,,5,보은 | 70 | 40 | 30,auto_extracted,0.98
569403b1-c5e0-5d46-9968-85537ad76f26,F-2-R,16,regional_quota,quota:보은군:remaining,보은군 잔여 인원,,30.0,person,r16_announcement_2026_0168a48f,0,,5,보은 | 70 | 40 | 30,auto_extracted,0.98
183b54c7-bab3-5f65-82c5-17bf9d8b763f,F-2-R,16,regional_quota,quota:영동군:allocated,영동군 배정 인원,,33.0,person,r16_announcement_2026_0168a48f,0,,5,영동 | 33 | 9 | 24,auto_extracted,0.98
92102293-517b-5b7a-a8f1-abf3b2db4ee3,F-2-R,16,regional_quota,quota:영동군:recommended,영동군 기추천 인원,,9.0,person,r16_announcement_2026_0168a48f,0,,5,영동 | 33 | 9 | 24,auto_extracted,0.98
f8403745-993d-567a-94c6-ada968b4dc19,F-2-R,16,regional_quota,quota:영동군:remaining,영동군 잔여 인원,,24.0,person,r16_announcement_2026_0168a48f,0,,5,영동 | 33 | 9 | 24,auto_extracted,0.98
e2050fd7-e98a-586f-a27d-58031ae7dba2,F-2-R,16,regional_quota,quota:옥천군:allocated,옥천군 배정 인원,,50.0,person,r16_announcement_2026_0168a48f,0,,5,옥천 | 50 | 17 | 33,auto_extracted,0.98
3f1d4290-4dcf-5579-be2d-391908a44383,F-2-R,16,regional_quota,quota:옥천군:recommended,옥천군 기추천 인원,,17.0,person,r16_announcement_2026_0168a48f,0,,5,옥천 | 50 | 17 | 33,auto_extracted,0.98
f9f702d7-83c0-54f1-b628-ab61f62d3af4,F-2-R,16,regional_quota,quota:옥천군:remaining,옥천군 잔여 인원,,33.0,person,r16_announcement_2026_0168a48f,0,,5,옥천 | 50 | 17 | 33,auto_extracted,0.98
5e994239-936a-5760-8242-b80310db962c,F-2-R,16,regional_quota,quota:제천시:allocated,제천시 배정 인원,,84.0,person,r16_announcement_2026_0168a48f,0,,5,제천 | 84 | 48 | 36,auto_extracted,0.98
f7ae0efc-b930-5ae4-94b6-5409fd4e60da,F-2-R,16,regional_quota,quota:제천시:recommended,제천시 기추천 인원,,48.0,person,r16_announcement_2026_0168a48f,0,,5,제천 | 84 | 48 | 36,auto_extracted,0.98
6d12e6de-34ae-57cc-b5db-946344ea664f,F-2-R,16,regional_quota,quota:제천시:remaining,제천시 잔여 인원,,36.0,person,r16_announcement_2026_0168a48f,0,,5,제천 | 84 | 48 | 36,auto_extracted,0.98
b70ed4b5-7c54-50c0-981e-6a342a50d356,F-2-R,16,requirement,requirement:income,연간 소득 기준,,30539916.0,KRW/year,r16_announcement_2026_0168a48f,0,40,7,"국관리법 제36조(체류지 변경의 신고) 위반 / ※ 특례 조건 위반 시 체류자격 취소 가능 / ❍ (기간) 허가일로부터 최초 2년은 추천지역에 실거주 / ※ 2년 경과 시 동일 광역지자체 내 다른 인구감소지역으로 이전 가능 / 다. 취업/창업 (두 요건 중 하나만 구비 하면 족함) / 1) 취업 /  (지역) 근무처가 추천지역 내 소재 /  (급여) 근로계약서상 급여 ‘26년도 충청북도 생활임금(연 30,539,916원) 이상 / - 신청일 이후 3개월 이내 근로 시작, 계약기간 1년 이상 유효할 것 / - 고용주와 사용자가 동일하여야 하며 취업알선 업체, 인력파견 업체 등에 소속되어 일당제 또는 파견제 형식의 취업 불가 / - 자격 변경 후 1년 이내 근무처 변경 제한(단, 사업장 휴·폐업, 임금 체불 등*으로 동일 근무처에서 근무가 곤란한 경우에는 “허가조건 변경(근무처 변경)” 심사를 받아 변경이 가",auto_extracted,0.98
47cedd02-76bd-513d-87c1-daa5abd5777d,F-2-R,16,requirement,requirement:kiip,사회통합프로그램 이수 단계,,4.0,level,r16_announcement_2026_0168a48f,0,40,7,"우 / ⑤ 최근 3년 이내에 3회 이상 범칙금 처분을 받은 경우 / ⑥ 「출입국관리법」 제11조 제1항에서 정한 입국금지 대상자 /  (준법 시민교육) 지역특화형 우수인재 자격변경 및 연장 허가 예정자 중 국내법 위반 사실이 확인된 자(위 품행 단정 요건 결격사유 해당자 제외) / ※ 준법 시민교육 관련 세부사항 및 신청절차【붙임7】참조 / 마. 기본소양 (하나만 구비 하면 족함) /  사회통합프로그램 4단계 이상 이수(사전평가에서 5단계 이상 배정 포함) /  한국어능력시험(TOPIK) 4급 이상 취득 / 바. 고용주 요건 / ❍ (세금체납 관련) 고용업체에 세금(국세, 지방세) 체납 사실이 없을 것 / ❍ (고용가능인원) 내국인 고용인원 규모에 따라 차등적용 / * 최저임금을 충족하는 3개월 이상 고용보험에 가입된 인원 / - (허용인원 산정 기준) 허용계산 값의 소수점 이하는 올림하며,",auto_extracted,0.98
e2a72e91-750e-5183-b418-1fbdf6e7a0cc,F-2-R,16,requirement,requirement:preassessment,사회통합프로그램 사전평가 배정 단계,,5.0,level,r16_announcement_2026_0168a48f,0,40,7,"이상 범칙금 처분을 받은 경우 / ⑥ 「출입국관리법」 제11조 제1항에서 정한 입국금지 대상자 /  (준법 시민교육) 지역특화형 우수인재 자격변경 및 연장 허가 예정자 중 국내법 위반 사실이 확인된 자(위 품행 단정 요건 결격사유 해당자 제외) / ※ 준법 시민교육 관련 세부사항 및 신청절차【붙임7】참조 / 마. 기본소양 (하나만 구비 하면 족함) /  사회통합프로그램 4단계 이상 이수(사전평가에서 5단계 이상 배정 포함) /  한국어능력시험(TOPIK) 4급 이상 취득 / 바. 고용주 요건 / ❍ (세금체납 관련) 고용업체에 세금(국세, 지방세) 체납 사실이 없을 것 / ❍ (고용가능인원) 내국인 고용인원 규모에 따라 차등적용 / * 최저임금을 충족하는 3개월 이상 고용보험에 가입된 인원 / - (허용인원 산정 기준) 허용계산 값의 소수점 이하는 올림하며, 지역특화 우수인재(F-2-R)",auto_extracted,0.98
c3ead313-bc1c-537c-ba5d-9603bf5c15a9,F-2-R,16,requirement,requirement:topik,TOPIK 등급,,4.0,grade,r16_announcement_2026_0168a48f,0,40,7,"조 제1항에서 정한 입국금지 대상자 /  (준법 시민교육) 지역특화형 우수인재 자격변경 및 연장 허가 예정자 중 국내법 위반 사실이 확인된 자(위 품행 단정 요건 결격사유 해당자 제외) / ※ 준법 시민교육 관련 세부사항 및 신청절차【붙임7】참조 / 마. 기본소양 (하나만 구비 하면 족함) /  사회통합프로그램 4단계 이상 이수(사전평가에서 5단계 이상 배정 포함) /  한국어능력시험(TOPIK) 4급 이상 취득 / 바. 고용주 요건 / ❍ (세금체납 관련) 고용업체에 세금(국세, 지방세) 체납 사실이 없을 것 / ❍ (고용가능인원) 내국인 고용인원 규모에 따라 차등적용 / * 최저임금을 충족하는 3개월 이상 고용보험에 가입된 인원 / - (허용인원 산정 기준) 허용계산 값의 소수점 이하는 올림하며, 지역특화 우수인재(F-2-R) 체류자격을 가진 사람만 외국인 고용인원으로 산정 / ❍ (",auto_extracted,0.98
801c8a08-be30-5064-a20c-d1720a53d923,F-2-R,16,requirement,requirement:employment_start,근로 시작 기한,,3.0,month,r16_announcement_2026_0168a48f,0,40,7,"※ 특례 조건 위반 시 체류자격 취소 가능 / ❍ (기간) 허가일로부터 최초 2년은 추천지역에 실거주 / ※ 2년 경과 시 동일 광역지자체 내 다른 인구감소지역으로 이전 가능 / 다. 취업/창업 (두 요건 중 하나만 구비 하면 족함) / 1) 취업 /  (지역) 근무처가 추천지역 내 소재 /  (급여) 근로계약서상 급여 ‘26년도 충청북도 생활임금(연 30,539,916원) 이상 / - 신청일 이후 3개월 이내 근로 시작, 계약기간 1년 이상 유효할 것 / - 고용주와 사용자가 동일하여야 하며 취업알선 업체, 인력파견 업체 등에 소속되어 일당제 또는 파견제 형식의 취업 불가 / - 자격 변경 후 1년 이내 근무처 변경 제한(단, 사업장 휴·폐업, 임금 체불 등*으로 동일 근무처에서 근무가 곤란한 경우에는 “허가조건 변경(근무처 변경)” 심사를 받아 변경이 가능하되, 새로운 근무처에서 다시 1년 동안 원칙적으",auto_extracted,0.98
44c07bde-db1f-51fb-8d23-237797559669,F-2-R,16,requirement,requirement:contract_years,근로계약 최소기간,,1.0,year,r16_announcement_2026_0168a48f,0,40,7,"가능 / ❍ (기간) 허가일로부터 최초 2년은 추천지역에 실거주 / ※ 2년 경과 시 동일 광역지자체 내 다른 인구감소지역으로 이전 가능 / 다. 취업/창업 (두 요건 중 하나만 구비 하면 족함) / 1) 취업 /  (지역) 근무처가 추천지역 내 소재 /  (급여) 근로계약서상 급여 ‘26년도 충청북도 생활임금(연 30,539,916원) 이상 / - 신청일 이후 3개월 이내 근로 시작, 계약기간 1년 이상 유효할 것 / - 고용주와 사용자가 동일하여야 하며 취업알선 업체, 인력파견 업체 등에 소속되어 일당제 또는 파견제 형식의 취업 불가 / - 자격 변경 후 1년 이내 근무처 변경 제한(단, 사업장 휴·폐업, 임금 체불 등*으로 동일 근무처에서 근무가 곤란한 경우에는 “허가조건 변경(근무처 변경)” 심사를 받아 변경이 가능하되, 새로운 근무처에서 다시 1년 동안 원칙적으로 근무처 변경 제한)",auto_extracted,0.98
d45ff4d2-2f98-599b-8179-78ad35e2ae30,F-2-R,16,requirement,requirement:investment,창업 총 투자금액,,200000000.0,KRW,r16_announcement_2026_0168a48f,0,40,7,"인력파견 업체 등에 소속되어 일당제 또는 파견제 형식의 취업 불가 / - 자격 변경 후 1년 이내 근무처 변경 제한(단, 사업장 휴·폐업, 임금 체불 등*으로 동일 근무처에서 근무가 곤란한 경우에는 “허가조건 변경(근무처 변경)” 심사를 받아 변경이 가능하되, 새로운 근무처에서 다시 1년 동안 원칙적으로 근무처 변경 제한) / 2) 창업 /  (지역) 사업체가 추천지역 내 소재 /  (투자금액) 2억원 이상 / - 국내 형성 자금을 인정하되, 1억원은 해외에서 국내로 반입한 외국 자본*이어야 함 / * 투자자금 도입 및 자본금 사용내역 요건은 법인인 경우 법인에 투자(D-8-1), 개인사업자인 경우 개인사업자(D-9-4) 요건 적용 /  (설립방식) ｢외국인투자촉진법｣에 따른 외국인투자기업(법인)이나 개인사업자 또는 ｢외국환거래법｣ 및 ｢외국환거래규정｣에 따라 외자를 도입하고 사업자등록을 한",auto_extracted,0.98
f79d7891-3fd6-5975-a1d6-a170e5c9f10b,F-2-R,16,requirement,requirement:foreign_capital,해외 반입 외국자본,,100000000.0,KRW,r16_announcement_2026_0168a48f,0,40,7,"업 불가 / - 자격 변경 후 1년 이내 근무처 변경 제한(단, 사업장 휴·폐업, 임금 체불 등*으로 동일 근무처에서 근무가 곤란한 경우에는 “허가조건 변경(근무처 변경)” 심사를 받아 변경이 가능하되, 새로운 근무처에서 다시 1년 동안 원칙적으로 근무처 변경 제한) / 2) 창업 /  (지역) 사업체가 추천지역 내 소재 /  (투자금액) 2억원 이상 / - 국내 형성 자금을 인정하되, 1억원은 해외에서 국내로 반입한 외국 자본*이어야 함 / * 투자자금 도입 및 자본금 사용내역 요건은 법인인 경우 법인에 투자(D-8-1), 개인사업자인 경우 개인사업자(D-9-4) 요건 적용 /  (설립방식) ｢외국인투자촉진법｣에 따른 외국인투자기업(법인)이나 개인사업자 또는 ｢외국환거래법｣ 및 ｢외국환거래규정｣에 따라 외자를 도입하고 사업자등록을 한 개인사업자 / 3) 유의사항 /  (기간) 허가일 기준 최초 2년은 추천지역",auto_extracted,0.98
b42ee67c-b5fa-5426-b6e1-495cf0cf4b3f,F-2-R,16,requirement,requirement:initial_residence,최초 추천지역 실거주기간,,2.0,year,r16_announcement_2026_0168a48f,0,40,7,"/ - (제출서류) 임대차계약서, 숙소제공확인서(숙소제공 예정인 경우 숙소제공예정자의 확인 서명 등 필요) 등 실거주 예정임을 확인할 수 있는 서류 / ※ 지자체와 지방출입국‧외국인관서에 동일 서류 제출 / - (참고 사항) 임대차계약서의 계약일부터 전입신고일까지 15일 초과 시 출입국관리법 제36조(체류지 변경의 신고) 위반 / ※ 특례 조건 위반 시 체류자격 취소 가능 / ❍ (기간) 허가일로부터 최초 2년은 추천지역에 실거주 / ※ 2년 경과 시 동일 광역지자체 내 다른 인구감소지역으로 이전 가능 / 다. 취업/창업 (두 요건 중 하나만 구비 하면 족함) / 1) 취업 /  (지역) 근무처가 추천지역 내 소재 /  (급여) 근로계약서상 급여 ‘26년도 충청북도 생활임금(연 30,539,916원) 이상 / - 신청일 이후 3개월 이내 근로 시작, 계약기간 1년 이상 유효할 것 / - 고용주와 사용자가 동일하여",auto_extracted,0.98
70a6da25-c869-5f90-b8db-bea310f1b545,F-2-R,16,requirement,requirement:stay_initial,최초 체류기간 상한,,1.0,year,r16_announcement_2026_0168a48f,0,40,7,"따라 10인 이상의 외국인을 초청한 자로서 피초청 외국인 과반수가 불법체류 중인 사람 / ⑦ 신청일부터 최근 1개월간 「출입국관리법」제19조(외국인고용주 신고의무) 또는 제19조의4(유학생 초청기관장의 신고의무)에 의한 신고의무를 2회 이상 게을리하여 과태료를 납부한 날로부터 1개월이 경과하지 아니한 자 / 3. 체류허가 사항 / 가. 체류자격 : F-2-R(지역특화형 우수인재) / 나. 체류기간 : 최대 1년 부여 ※ (연장 시) 최초연장 1년, 이후 최대 2년 내 부여",auto_extracted,0.98
2eb59f9a-3e0c-57f9-bffd-8903e569cf86,F-2-R,16,requirement,requirement:stay_later_extension,후속 연장기간 상한,,2.0,year,r16_announcement_2026_0168a48f,0,40,7,"가 불법체류 중인 사람 / ⑦ 신청일부터 최근 1개월간 「출입국관리법」제19조(외국인고용주 신고의무) 또는 제19조의4(유학생 초청기관장의 신고의무)에 의한 신고의무를 2회 이상 게을리하여 과태료를 납부한 날로부터 1개월이 경과하지 아니한 자 / 3. 체류허가 사항 / 가. 체류자격 : F-2-R(지역특화형 우수인재) / 나. 체류기간 : 최대 1년 부여 ※ (연장 시) 최초연장 1년, 이후 최대 2년 내 부여",auto_extracted,0.98
33c0de3d-870b-5fa2-92e7-5ac47a5308d5,F-2-R,16,requirement,requirement:small_business_exception,지역활력 소상공인 고용특례,present,,,r16_announcement_2026_0168a48f,0,40,7,"이상 취득 / 바. 고용주 요건 / ❍ (세금체납 관련) 고용업체에 세금(국세, 지방세) 체납 사실이 없을 것 / ❍ (고용가능인원) 내국인 고용인원 규모에 따라 차등적용 / * 최저임금을 충족하는 3개월 이상 고용보험에 가입된 인원 / - (허용인원 산정 기준) 허용계산 값의 소수점 이하는 올림하며, 지역특화 우수인재(F-2-R) 체류자격을 가진 사람만 외국인 고용인원으로 산정 / ❍ (지역활력 소상공인 고용특례) 내국인 고용이 어려운 인구감소지역 기업의 고용애로를 감안하여, 다음의 고용특례 기준을 모두 충족하는 기업은 내국인 고용인원이 없더라도 지역특화형 우수인재(F-2-R) 1명 고용 허용 / ① (기간) ’26. 5. 18. ~ ’27. 12. 31. (※ 시범운영 후 정식 제도화 여부 결정) / ② (대상) 소상공인* 또는 농업법인** / * ｢소상공인기본법｣ 제2조에 따른 소기업 중 “소상",auto_extracted,0.98
327900fa-698b-5b22-b7bd-95126a15ec1f,F-2-R,16,requirement,requirement:small_business_allowed,특례 F-2-R 허용인원,,1.0,person,r16_announcement_2026_0168a48f,0,40,7,"저임금을 충족하는 3개월 이상 고용보험에 가입된 인원 / - (허용인원 산정 기준) 허용계산 값의 소수점 이하는 올림하며, 지역특화 우수인재(F-2-R) 체류자격을 가진 사람만 외국인 고용인원으로 산정 / ❍ (지역활력 소상공인 고용특례) 내국인 고용이 어려운 인구감소지역 기업의 고용애로를 감안하여, 다음의 고용특례 기준을 모두 충족하는 기업은 내국인 고용인원이 없더라도 지역특화형 우수인재(F-2-R) 1명 고용 허용 / ① (기간) ’26. 5. 18. ~ ’27. 12. 31. (※ 시범운영 후 정식 제도화 여부 결정) / ② (대상) 소상공인* 또는 농업법인** / * ｢소상공인기본법｣ 제2조에 따른 소기업 중 “소상공인”으로, ‘중소기업(소상공인) 확인서(중기부장관 발급)’로 확인 / ** ｢농어업경영체 육성 및 지원에 관한 법률｣에 따른 영농조합법인 및 농업회사법인으로, ‘농업회사법인(영농조합법",auto_extracted,0.98
7f5168fe-51ee-529b-95b9-9d4ac83f8fd0,F-2-R,16,requirement,requirement:small_business_years,특례 최소 업력,,3.0,year,r16_announcement_2026_0168a48f,0,40,7,"업회사법인으로, ‘농업회사법인(영농조합법인) 설립신고확인증(시·군·구청장 발급)’으로 확인 / ③ (업종) 소상공인은 제조업(10~34), 도·소매업(45~47), 음식점업(561)*에 한정, 농업법인은 업종에 관계없이 허용 / * 한국표준산업분류에 따른 대분류 기준이며, 음식점업은 소분류 기준으로 ‘주점 및 비알코올 음료점업(562)’를 제외한 ‘음식점업(561)’만 허용 / ④ (업력) 사업 운영기간 3년 이상(사업개시일로부터 3년 이상) / ⑤ (매출액) 전년도 매출액 1억원 이상 / ※ 단, 전년도 매출액 1억원 미만이더라도 2년 간 평균액이 1억원 이상이면 허용 /  고용주가 아래의 경우에 해당하지 않을 것 / ① 아래 법률의 위반으로 금고 이상의 형 선고·집행유예 선고 또는 500만원 이상의 벌금형 선고나 범칙금 처분을 받은 자 / - 형의 집행이 종료되거나 집행을 받지 아니하기로 한 날",auto_extracted,0.98
b240f05f-6840-59a0-b0f6-33c4ea8a7982,F-2-R,16,requirement,requirement:small_business_sales,특례 최소 매출액,,100000000.0,KRW/year,r16_announcement_2026_0168a48f,0,40,7,"발급)’으로 확인 / ③ (업종) 소상공인은 제조업(10~34), 도·소매업(45~47), 음식점업(561)*에 한정, 농업법인은 업종에 관계없이 허용 / * 한국표준산업분류에 따른 대분류 기준이며, 음식점업은 소분류 기준으로 ‘주점 및 비알코올 음료점업(562)’를 제외한 ‘음식점업(561)’만 허용 / ④ (업력) 사업 운영기간 3년 이상(사업개시일로부터 3년 이상) / ⑤ (매출액) 전년도 매출액 1억원 이상 / ※ 단, 전년도 매출액 1억원 미만이더라도 2년 간 평균액이 1억원 이상이면 허용 /  고용주가 아래의 경우에 해당하지 않을 것 / ① 아래 법률의 위반으로 금고 이상의 형 선고·집행유예 선고 또는 500만원 이상의 벌금형 선고나 범칙금 처분을 받은 자 / - 형의 집행이 종료되거나 집행을 받지 아니하기로 한 날, 집행유예를 선고받고 그 판결이 확정된 날 또는 벌금이나 범칙금을 납부한",auto_extracted,0.98
0d02b76d-5fe3-561c-b250-18e91ad846a8,F-2-R,16,attachment_form,form:지역특화형비자안내문,붙임 서식: 지역특화형 비자 안내문,present,,,r16_attachment_2026_07f157ee,0,2,,1. 지역특화형 비자 안내문 1부.,auto_extracted,0.98
626cd039-e1af-554e-b2c2-9f3615a8780b,F-2-R,16,attachment_form,form:지역특화형비자취업제한분야(법무부),붙임 서식: 지역특화형 비자 취업제한 분야(법무부),present,,,r16_attachment_2026_07f157ee,0,3,,2. 지역특화형 비자 취업제한 분야(법무부) 1부.,auto_extracted,0.98
561be83f-961d-57de-a8af-bc3c1111f30c,F-2-R,16,attachment_form,form:준법시민교육,붙임 서식: 준법시민교육,present,,,r16_attachment_2026_07f157ee,0,4,,3. 준법시민교육 1부.,auto_extracted,0.98
c23939f7-a62a-533a-88dd-d2114f9ceae5,F-2-R,16,attachment_form,form:출입국관리법시행규칙별표5“사증발급신청등첨부서류”에관한고시,붙임 서식: 출입국관리법시행규칙 별표5 “사증발급신청 등 첨부서류”에 관한 고시,present,,,r16_attachment_2026_07f157ee,0,5,,4. 출입국관리법시행규칙 별표5 “사증발급신청 등 첨부서류”에 관한 고시 1부.,auto_extracted,0.98
9495f861-d4e8-5a03-84d3-c52d36ce9c01,F-2-R,16,attachment_form,form:지역특화형비자사업추천서발급신청서,붙임 서식: 지역특화형 비자사업 추천서 발급 신청서,present,,,r16_attachment_2026_07f157ee,0,6,,5. 지역특화형 비자사업 추천서 발급 신청서 1부.,auto_extracted,0.98
c91dc6a5-0cdf-5702-8c6f-4dce9bd00c59,F-2-R,16,attachment_form,form:거주/숙소제공확인서,붙임 서식: 거주/숙소제공 확인서,present,,,r16_attachment_2026_07f157ee,0,7,,6. 거주/숙소제공 확인서 1부.,auto_extracted,0.98
60845d1a-43f4-531f-a8cd-67e4b11005ef,F-2-R,16,attachment_form,form:확약서,붙임 서식: 확 약 서,present,,,r16_attachment_2026_07f157ee,0,8,,7. 확 약 서 1부.,auto_extracted,0.98
f0cf0309-49fc-55e7-a950-fb4a9a6b4210,F-2-R,16,attachment_form,form:위임장,붙임 서식: 위 임 장,present,,,r16_attachment_2026_07f157ee,0,9,,8. 위 임 장 1부.,auto_extracted,0.98
958c4e10-4c46-5bc7-bda8-3dced1c69b0f,F-2-R,16,attachment_form,form:지역우수인재추천서,붙임 서식: 지역우수인재 추천서,present,,,r16_attachment_2026_07f157ee,0,10,,9. 지역우수인재 추천서 1부.,auto_extracted,0.98
f7d04901-38f8-5612-8d68-9ad048a2ff78,F-2-R,16,attachment_form,form:수령증,붙임 서식: 수 령 증,present,,,r16_attachment_2026_07f157ee,0,11,,10. 수 령 증 1부.,auto_extracted,0.98
1fab9f03-f54c-54b4-8e31-b66f6618628f,F-2-R,16,attachment_form,form:외국인근로자표준근로계약서(예시),붙임 서식: 외국인근로자 표준근로계약서(예시),present,,,r16_attachment_2026_07f157ee,0,12,,11. 외국인근로자 표준근로계약서(예시) 1부.,auto_extracted,0.98
b370e85a-d745-5434-8560-36405d86b5b7,F-2-R,16,attachment_form,form:관할출입국·외국인사무소비자신청제출서류,붙임 서식: 관할 출입국･외국인사무소 비자 신청 제출서류,present,,,r16_attachment_2026_07f157ee,0,13,,12. 관할 출입국･외국인사무소 비자 신청 제출서류 1부.,auto_extracted,0.98
aac9ead3-fcb8-5388-ae68-4d776e10f329,F-2-R,16,attachment_form,form:지역특화형우수인재허가조건변경신청서,붙임 서식: 지역특화형 우수인재 허가조건 변경 신청서,present,,,r16_attachment_2026_07f157ee,0,14,,13. 지역특화형 우수인재 허가조건 변경 신청서 1부.,auto_extracted,0.98
bc12f4a6-c0dc-5b9d-a442-66c82952613d,F-2-R,16,attachment_form,form:중소기업확인서,붙임 서식: 중소기업 확인서,present,,,r16_attachment_2026_07f157ee,0,15,,14. 중소기업 확인서 - 지역활력 소상공인 고용특례 해당할 경우 1부.,auto_extracted,0.98
1986cb59-339a-5cc3-97fe-839e2dc7c0c3,F-2-R,16,attachment_form,form:영농조합법인설립신고확인증,붙임 서식: 영농조합법인 설립신고확인증,present,,,r16_attachment_2026_07f157ee,0,16,,15. 영농조합법인 설립신고확인증 - 지역활력 소상공인 고용특례 해당할 경우 1부.,auto_extracted,0.98
c9eda21b-743e-548a-8d0a-9bb0b3d45b60,F-2-R,16,attachment_form,form:농업회사법인설립신고확인증,붙임 서식: 농업회사법인 설립신고확인증,present,,,r16_attachment_2026_07f157ee,0,17,,16. 농업회사법인 설립신고확인증 - 지역활력 소상공인 고용특례 해당할 경우 1부.,auto_extracted,0.98
1048abfb-a032-537b-8030-038dbd24e510,F-2-R,16,attachment_content,attachment:permission_notice_language,허가조건 안내 언어,ko_en,,,r16_attachment_2026_07f157ee,0,21,1,"| 【 허가조건 】 / Conditions of Permission | | 1. 공통 Common Requirements / ❍ 자격요건(거주지 요건, 취·창업 요건, 소득요건 등)을 계속 유지할 것 / The applicant must continuously satisfy all eligibility requirement, including residence, employment/start-up, and income requirements. / 2.",auto_extracted,0.98
9f896320-82ae-5da5-b93a-d40e46f1f48e,F-2-R,15,application,application:start,전체 사업 접수 시작일,2025-03-07,,date,r15_announcement_2026_ac5296f0,0,12,,❍ 접수기간 : ’25. 3. 7.(금) ~ ’26. 9. 18.(금)까지(상시접수),auto_extracted,0.98
28dd9f93-5ea2-5c9f-b4ae-f26d3b2ff44e,F-2-R,15,application,application:end,전체 사업 접수 종료일,2026-09-18,,date,r15_announcement_2026_ac5296f0,0,12,,❍ 접수기간 : ’25. 3. 7.(금) ~ ’26. 9. 18.(금)까지(상시접수),auto_extracted,0.98
61093334-241b-529b-a4fe-59deebbcbaa1,F-2-R,15,application,application:total_quota,총 모집인원,,311.0,person,r15_announcement_2026_ac5296f0,0,12,,❍ 접수기간 : ’25. 3. 7.(금) ~ ’26. 9. 18.(금)까지(상시접수),auto_extracted,0.98
b1153f7b-d653-5e9d-9ee0-6166e0d24d5e,F-2-R,15,regional_quota,quota:괴산군:allocated,괴산군 배정 인원,,30.0,person,r15_announcement_2026_ac5296f0,0,,5,괴산 | 30 | 15 | 15,auto_extracted,0.98
1f827b2d-9a71-50b4-a468-a8e8ed17a6b3,F-2-R,15,regional_quota,quota:괴산군:recommended,괴산군 기추천 인원,,15.0,person,r15_announcement_2026_ac5296f0,0,,5,괴산 | 30 | 15 | 15,auto_extracted,0.98
607a9284-cba2-5dcd-9f02-a2a45997481d,F-2-R,15,regional_quota,quota:괴산군:remaining,괴산군 잔여 인원,,15.0,person,r15_announcement_2026_ac5296f0,0,,5,괴산 | 30 | 15 | 15,auto_extracted,0.98
d4e5af62-cd9e-5e50-b00b-48ef79c1bc6d,F-2-R,15,regional_quota,quota:단양군:allocated,단양군 배정 인원,,44.0,person,r15_announcement_2026_ac5296f0,0,,5,단양 | 44 | 33 | 11,auto_extracted,0.98
e93e6b87-6e68-5f89-99cb-1434e7593479,F-2-R,15,regional_quota,quota:단양군:recommended,단양군 기추천 인원,,33.0,person,r15_announcement_2026_ac5296f0,0,,5,단양 | 44 | 33 | 11,auto_extracted,0.98
433274da-7ac8-5f57-a5cb-4c61400afabb,F-2-R,15,regional_quota,quota:단양군:remaining,단양군 잔여 인원,,11.0,person,r15_announcement_2026_ac5296f0,0,,5,단양 | 44 | 33 | 11,auto_extracted,0.98
fd70b2af-ef35-57ac-85d3-bb4fa9a22d4a,F-2-R,15,regional_quota,quota:보은군:allocated,보은군 배정 인원,,70.0,person,r15_announcement_2026_ac5296f0,0,,5,보은 | 70 | 37 | 33,auto_extracted,0.98
be5a3492-52e0-585a-8056-c8e1744e726e,F-2-R,15,regional_quota,quota:보은군:recommended,보은군 기추천 인원,,37.0,person,r15_announcement_2026_ac5296f0,0,,5,보은 | 70 | 37 | 33,auto_extracted,0.98
fe058072-a7d6-5c3e-8c35-3b815c5fb63f,F-2-R,15,regional_quota,quota:보은군:remaining,보은군 잔여 인원,,33.0,person,r15_announcement_2026_ac5296f0,0,,5,보은 | 70 | 37 | 33,auto_extracted,0.98
dc6e889c-f8ac-52d3-9dc3-161c973da9db,F-2-R,15,regional_quota,quota:영동군:allocated,영동군 배정 인원,,33.0,person,r15_announcement_2026_ac5296f0,0,,5,영동 | 33 | 9 | 24,auto_extracted,0.98
af475545-4a21-5152-a87f-ccc7e2b5fb74,F-2-R,15,regional_quota,quota:영동군:recommended,영동군 기추천 인원,,9.0,person,r15_announcement_2026_ac5296f0,0,,5,영동 | 33 | 9 | 24,auto_extracted,0.98
e03add4f-443b-572b-8916-7dee82dab2db,F-2-R,15,regional_quota,quota:영동군:remaining,영동군 잔여 인원,,24.0,person,r15_announcement_2026_ac5296f0,0,,5,영동 | 33 | 9 | 24,auto_extracted,0.98
76ea70ba-c9de-53a7-a829-fe7ba0eba847,F-2-R,15,regional_quota,quota:옥천군:allocated,옥천군 배정 인원,,50.0,person,r15_announcement_2026_ac5296f0,0,,5,옥천 | 50 | 16 | 34,auto_extracted,0.98
19000377-983f-512f-805c-ca834abc94a4,F-2-R,15,regional_quota,quota:옥천군:recommended,옥천군 기추천 인원,,16.0,person,r15_announcement_2026_ac5296f0,0,,5,옥천 | 50 | 16 | 34,auto_extracted,0.98
422781bb-de33-5e1c-a227-26e51d0f4819,F-2-R,15,regional_quota,quota:옥천군:remaining,옥천군 잔여 인원,,34.0,person,r15_announcement_2026_ac5296f0,0,,5,옥천 | 50 | 16 | 34,auto_extracted,0.98
0f6cb0af-115d-5dc4-94f2-406e0de580a2,F-2-R,15,regional_quota,quota:제천시:allocated,제천시 배정 인원,,84.0,person,r15_announcement_2026_ac5296f0,0,,5,제천 | 84 | 48 | 36,auto_extracted,0.98
d4718899-b8ae-5768-9d7a-c6f736d518d0,F-2-R,15,regional_quota,quota:제천시:recommended,제천시 기추천 인원,,48.0,person,r15_announcement_2026_ac5296f0,0,,5,제천 | 84 | 48 | 36,auto_extracted,0.98
965854d3-f75a-5ed1-9359-8bbbb6496eec,F-2-R,15,regional_quota,quota:제천시:remaining,제천시 잔여 인원,,36.0,person,r15_announcement_2026_ac5296f0,0,,5,제천 | 84 | 48 | 36,auto_extracted,0.98
35c6ffdd-057e-55a7-98da-75ab4256a491,F-2-R,15,requirement,requirement:income,연간 소득 기준,,30539916.0,KRW/year,r15_announcement_2026_ac5296f0,0,40,7,"국관리법 제36조(체류지 변경의 신고) 위반 / ※ 특례 조건 위반 시 체류자격 취소 가능 / ❍ (기간) 허가일로부터 최초 2년은 추천지역에 실거주 / ※ 2년 경과 시 동일 광역지자체 내 다른 인구감소지역으로 이전 가능 / 다. 취업/창업 (두 요건 중 하나만 구비 하면 족함) / 1) 취업 /  (지역) 근무처가 추천지역 내 소재 /  (급여) 근로계약서상 급여 ‘26년도 충청북도 생활임금(연 30,539,916원) 이상 / - 신청일 이후 3개월 이내 근로 시작, 계약기간 1년 이상 유효할 것 / - 고용주와 사용자가 동일하여야 하며 취업알선 업체, 인력파견 업체 등에 소속되어 일당제 또는 파견제 형식의 취업 불가 / - 자격 변경 후 1년 이내 근무처 변경 제한(단, 사업장 휴·폐업, 임금 체불 등*으로 동일 근무처에서 근무가 곤란한 경우에는 “허가조건 변경(근무처 변경)” 심사를 받아 변경이 가",auto_extracted,0.98
80dfa457-ba71-578d-b0ae-e8a8451eb271,F-2-R,15,requirement,requirement:kiip,사회통합프로그램 이수 단계,,4.0,level,r15_announcement_2026_ac5296f0,0,40,7,"우 / ⑤ 최근 3년 이내에 3회 이상 범칙금 처분을 받은 경우 / ⑥ 「출입국관리법」 제11조 제1항에서 정한 입국금지 대상자 /  (준법 시민교육) 지역특화형 우수인재 자격변경 및 연장 허가 예정자 중 국내법 위반 사실이 확인된 자(위 품행 단정 요건 결격사유 해당자 제외) / ※ 준법 시민교육 관련 세부사항 및 신청절차【붙임7】참조 / 마. 기본소양 (하나만 구비 하면 족함) /  사회통합프로그램 4단계 이상 이수(사전평가에서 5단계 이상 배정 포함) /  한국어능력시험(TOPIK) 4급 이상 취득 / 바. 고용주 요건 / ❍ (세금체납 관련) 고용업체에 세금(국세, 지방세) 체납 사실이 없을 것 / ❍ (고용가능인원) 내국인 고용인원 규모에 따라 차등적용 / * 최저임금을 충족하는 3개월 이상 고용보험에 가입된 인원 / - (허용인원 산정 기준) 허용계산 값의 소수점 이하는 올림하며,",auto_extracted,0.98
32e1fd25-86cb-5ff1-b320-870d97cf2b53,F-2-R,15,requirement,requirement:preassessment,사회통합프로그램 사전평가 배정 단계,,5.0,level,r15_announcement_2026_ac5296f0,0,40,7,"이상 범칙금 처분을 받은 경우 / ⑥ 「출입국관리법」 제11조 제1항에서 정한 입국금지 대상자 /  (준법 시민교육) 지역특화형 우수인재 자격변경 및 연장 허가 예정자 중 국내법 위반 사실이 확인된 자(위 품행 단정 요건 결격사유 해당자 제외) / ※ 준법 시민교육 관련 세부사항 및 신청절차【붙임7】참조 / 마. 기본소양 (하나만 구비 하면 족함) /  사회통합프로그램 4단계 이상 이수(사전평가에서 5단계 이상 배정 포함) /  한국어능력시험(TOPIK) 4급 이상 취득 / 바. 고용주 요건 / ❍ (세금체납 관련) 고용업체에 세금(국세, 지방세) 체납 사실이 없을 것 / ❍ (고용가능인원) 내국인 고용인원 규모에 따라 차등적용 / * 최저임금을 충족하는 3개월 이상 고용보험에 가입된 인원 / - (허용인원 산정 기준) 허용계산 값의 소수점 이하는 올림하며, 지역특화 우수인재(F-2-R)",auto_extracted,0.98
15376c44-2e67-5755-ad5c-578fdc059ee1,F-2-R,15,requirement,requirement:topik,TOPIK 등급,,4.0,grade,r15_announcement_2026_ac5296f0,0,40,7,"조 제1항에서 정한 입국금지 대상자 /  (준법 시민교육) 지역특화형 우수인재 자격변경 및 연장 허가 예정자 중 국내법 위반 사실이 확인된 자(위 품행 단정 요건 결격사유 해당자 제외) / ※ 준법 시민교육 관련 세부사항 및 신청절차【붙임7】참조 / 마. 기본소양 (하나만 구비 하면 족함) /  사회통합프로그램 4단계 이상 이수(사전평가에서 5단계 이상 배정 포함) /  한국어능력시험(TOPIK) 4급 이상 취득 / 바. 고용주 요건 / ❍ (세금체납 관련) 고용업체에 세금(국세, 지방세) 체납 사실이 없을 것 / ❍ (고용가능인원) 내국인 고용인원 규모에 따라 차등적용 / * 최저임금을 충족하는 3개월 이상 고용보험에 가입된 인원 / - (허용인원 산정 기준) 허용계산 값의 소수점 이하는 올림하며, 지역특화 우수인재(F-2-R) 체류자격을 가진 사람만 외국인 고용인원으로 산정 / ❍ (",auto_extracted,0.98
b3546ad0-d473-5fec-8e60-fe37f71d3cee,F-2-R,15,requirement,requirement:employment_start,근로 시작 기한,,3.0,month,r15_announcement_2026_ac5296f0,0,40,7,"※ 특례 조건 위반 시 체류자격 취소 가능 / ❍ (기간) 허가일로부터 최초 2년은 추천지역에 실거주 / ※ 2년 경과 시 동일 광역지자체 내 다른 인구감소지역으로 이전 가능 / 다. 취업/창업 (두 요건 중 하나만 구비 하면 족함) / 1) 취업 /  (지역) 근무처가 추천지역 내 소재 /  (급여) 근로계약서상 급여 ‘26년도 충청북도 생활임금(연 30,539,916원) 이상 / - 신청일 이후 3개월 이내 근로 시작, 계약기간 1년 이상 유효할 것 / - 고용주와 사용자가 동일하여야 하며 취업알선 업체, 인력파견 업체 등에 소속되어 일당제 또는 파견제 형식의 취업 불가 / - 자격 변경 후 1년 이내 근무처 변경 제한(단, 사업장 휴·폐업, 임금 체불 등*으로 동일 근무처에서 근무가 곤란한 경우에는 “허가조건 변경(근무처 변경)” 심사를 받아 변경이 가능하되, 새로운 근무처에서 다시 1년 동안 원칙적으",auto_extracted,0.98
5fd1aa0e-23fd-5985-8870-4b7f9230df2d,F-2-R,15,requirement,requirement:contract_years,근로계약 최소기간,,1.0,year,r15_announcement_2026_ac5296f0,0,40,7,"가능 / ❍ (기간) 허가일로부터 최초 2년은 추천지역에 실거주 / ※ 2년 경과 시 동일 광역지자체 내 다른 인구감소지역으로 이전 가능 / 다. 취업/창업 (두 요건 중 하나만 구비 하면 족함) / 1) 취업 /  (지역) 근무처가 추천지역 내 소재 /  (급여) 근로계약서상 급여 ‘26년도 충청북도 생활임금(연 30,539,916원) 이상 / - 신청일 이후 3개월 이내 근로 시작, 계약기간 1년 이상 유효할 것 / - 고용주와 사용자가 동일하여야 하며 취업알선 업체, 인력파견 업체 등에 소속되어 일당제 또는 파견제 형식의 취업 불가 / - 자격 변경 후 1년 이내 근무처 변경 제한(단, 사업장 휴·폐업, 임금 체불 등*으로 동일 근무처에서 근무가 곤란한 경우에는 “허가조건 변경(근무처 변경)” 심사를 받아 변경이 가능하되, 새로운 근무처에서 다시 1년 동안 원칙적으로 근무처 변경 제한)",auto_extracted,0.98
e6fcc96b-b485-5786-8bd5-d19f2e7981de,F-2-R,15,requirement,requirement:investment,창업 총 투자금액,,200000000.0,KRW,r15_announcement_2026_ac5296f0,0,40,7,"인력파견 업체 등에 소속되어 일당제 또는 파견제 형식의 취업 불가 / - 자격 변경 후 1년 이내 근무처 변경 제한(단, 사업장 휴·폐업, 임금 체불 등*으로 동일 근무처에서 근무가 곤란한 경우에는 “허가조건 변경(근무처 변경)” 심사를 받아 변경이 가능하되, 새로운 근무처에서 다시 1년 동안 원칙적으로 근무처 변경 제한) / 2) 창업 /  (지역) 사업체가 추천지역 내 소재 /  (투자금액) 2억원 이상 / - 국내 형성 자금을 인정하되, 1억원은 해외에서 국내로 반입한 외국 자본*이어야 함 / * 투자자금 도입 및 자본금 사용내역 요건은 법인인 경우 법인에 투자(D-8-1), 개인사업자인 경우 개인사업자(D-9-4) 요건 적용 /  (설립방식) ｢외국인투자촉진법｣에 따른 외국인투자기업(법인)이나 개인사업자 또는 ｢외국환거래법｣ 및 ｢외국환거래규정｣에 따라 외자를 도입하고 사업자등록을 한",auto_extracted,0.98
e821f191-95a3-5b1f-a075-c5e8beb44cd0,F-2-R,15,requirement,requirement:foreign_capital,해외 반입 외국자본,,100000000.0,KRW,r15_announcement_2026_ac5296f0,0,40,7,"업 불가 / - 자격 변경 후 1년 이내 근무처 변경 제한(단, 사업장 휴·폐업, 임금 체불 등*으로 동일 근무처에서 근무가 곤란한 경우에는 “허가조건 변경(근무처 변경)” 심사를 받아 변경이 가능하되, 새로운 근무처에서 다시 1년 동안 원칙적으로 근무처 변경 제한) / 2) 창업 /  (지역) 사업체가 추천지역 내 소재 /  (투자금액) 2억원 이상 / - 국내 형성 자금을 인정하되, 1억원은 해외에서 국내로 반입한 외국 자본*이어야 함 / * 투자자금 도입 및 자본금 사용내역 요건은 법인인 경우 법인에 투자(D-8-1), 개인사업자인 경우 개인사업자(D-9-4) 요건 적용 /  (설립방식) ｢외국인투자촉진법｣에 따른 외국인투자기업(법인)이나 개인사업자 또는 ｢외국환거래법｣ 및 ｢외국환거래규정｣에 따라 외자를 도입하고 사업자등록을 한 개인사업자 / 3) 유의사항 /  (기간) 허가일 기준 최초 2년은 추천지역",auto_extracted,0.98
cade5bbe-e2ef-5d8c-9642-7868f7c775c4,F-2-R,15,requirement,requirement:initial_residence,최초 추천지역 실거주기간,,2.0,year,r15_announcement_2026_ac5296f0,0,40,7,"/ - (제출서류) 임대차계약서, 숙소제공확인서(숙소제공 예정인 경우 숙소제공예정자의 확인 서명 등 필요) 등 실거주 예정임을 확인할 수 있는 서류 / ※ 지자체와 지방출입국‧외국인관서에 동일 서류 제출 / - (참고 사항) 임대차계약서의 계약일부터 전입신고일까지 15일 초과 시 출입국관리법 제36조(체류지 변경의 신고) 위반 / ※ 특례 조건 위반 시 체류자격 취소 가능 / ❍ (기간) 허가일로부터 최초 2년은 추천지역에 실거주 / ※ 2년 경과 시 동일 광역지자체 내 다른 인구감소지역으로 이전 가능 / 다. 취업/창업 (두 요건 중 하나만 구비 하면 족함) / 1) 취업 /  (지역) 근무처가 추천지역 내 소재 /  (급여) 근로계약서상 급여 ‘26년도 충청북도 생활임금(연 30,539,916원) 이상 / - 신청일 이후 3개월 이내 근로 시작, 계약기간 1년 이상 유효할 것 / - 고용주와 사용자가 동일하여",auto_extracted,0.98
b375fa70-334c-5ce4-9150-97b27d4a1224,F-2-R,15,requirement,requirement:stay_initial,최초 체류기간 상한,,1.0,year,r15_announcement_2026_ac5296f0,0,40,7,"따라 10인 이상의 외국인을 초청한 자로서 피초청 외국인 과반수가 불법체류 중인 사람 / ⑦ 신청일부터 최근 1개월간 「출입국관리법」제19조(외국인고용주 신고의무) 또는 제19조의4(유학생 초청기관장의 신고의무)에 의한 신고의무를 2회 이상 게을리하여 과태료를 납부한 날로부터 1개월이 경과하지 아니한 자 / 3. 체류허가 사항 / 가. 체류자격 : F-2-R(지역특화형 우수인재) / 나. 체류기간 : 최대 1년 부여 ※ (연장 시) 최초연장 1년, 이후 최대 2년 내 부여",auto_extracted,0.98
eab37175-9058-52e2-8836-d5b959c4e99c,F-2-R,15,requirement,requirement:stay_later_extension,후속 연장기간 상한,,2.0,year,r15_announcement_2026_ac5296f0,0,40,7,"가 불법체류 중인 사람 / ⑦ 신청일부터 최근 1개월간 「출입국관리법」제19조(외국인고용주 신고의무) 또는 제19조의4(유학생 초청기관장의 신고의무)에 의한 신고의무를 2회 이상 게을리하여 과태료를 납부한 날로부터 1개월이 경과하지 아니한 자 / 3. 체류허가 사항 / 가. 체류자격 : F-2-R(지역특화형 우수인재) / 나. 체류기간 : 최대 1년 부여 ※ (연장 시) 최초연장 1년, 이후 최대 2년 내 부여",auto_extracted,0.98
cbe8c290-4511-51ec-95d0-13e132f325e3,F-2-R,15,requirement,requirement:small_business_exception,지역활력 소상공인 고용특례,present,,,r15_announcement_2026_ac5296f0,0,40,7,"이상 취득 / 바. 고용주 요건 / ❍ (세금체납 관련) 고용업체에 세금(국세, 지방세) 체납 사실이 없을 것 / ❍ (고용가능인원) 내국인 고용인원 규모에 따라 차등적용 / * 최저임금을 충족하는 3개월 이상 고용보험에 가입된 인원 / - (허용인원 산정 기준) 허용계산 값의 소수점 이하는 올림하며, 지역특화 우수인재(F-2-R) 체류자격을 가진 사람만 외국인 고용인원으로 산정 / ❍ (지역활력 소상공인 고용특례) 내국인 고용이 어려운 인구감소지역 기업의 고용애로를 감안하여, 다음의 고용특례 기준을 모두 충족하는 기업은 내국인 고용인원이 없더라도 지역특화형 우수인재(F-2-R) 1명 고용 허용 / ① (기간) ’26. 5. 18. ~ ’27. 12. 31. (※ 시범운영 후 정식 제도화 여부 결정) / ② (대상) 소상공인* 또는 농업법인** / * ｢소상공인기본법｣ 제2조에 따른 소기업 중 “소상",auto_extracted,0.98
1e556a2f-0ed8-5c2f-a3d8-c2db56eaf015,F-2-R,15,requirement,requirement:small_business_allowed,특례 F-2-R 허용인원,,1.0,person,r15_announcement_2026_ac5296f0,0,40,7,"저임금을 충족하는 3개월 이상 고용보험에 가입된 인원 / - (허용인원 산정 기준) 허용계산 값의 소수점 이하는 올림하며, 지역특화 우수인재(F-2-R) 체류자격을 가진 사람만 외국인 고용인원으로 산정 / ❍ (지역활력 소상공인 고용특례) 내국인 고용이 어려운 인구감소지역 기업의 고용애로를 감안하여, 다음의 고용특례 기준을 모두 충족하는 기업은 내국인 고용인원이 없더라도 지역특화형 우수인재(F-2-R) 1명 고용 허용 / ① (기간) ’26. 5. 18. ~ ’27. 12. 31. (※ 시범운영 후 정식 제도화 여부 결정) / ② (대상) 소상공인* 또는 농업법인** / * ｢소상공인기본법｣ 제2조에 따른 소기업 중 “소상공인”으로, ‘중소기업(소상공인) 확인서(중기부장관 발급)’로 확인 / ** ｢농어업경영체 육성 및 지원에 관한 법률｣에 따른 영농조합법인 및 농업회사법인으로, ‘농업회사법인(영농조합법",auto_extracted,0.98
9dd10cd4-fe8b-56f8-8943-3e10e2e491e5,F-2-R,15,requirement,requirement:small_business_years,특례 최소 업력,,3.0,year,r15_announcement_2026_ac5296f0,0,40,7,"업회사법인으로, ‘농업회사법인(영농조합법인) 설립신고확인증(시·군·구청장 발급)’으로 확인 / ③ (업종) 소상공인은 제조업(10~34), 도·소매업(45~47), 음식점업(561)*에 한정, 농업법인은 업종에 관계없이 허용 / * 한국표준산업분류에 따른 대분류 기준이며, 음식점업은 소분류 기준으로 ‘주점 및 비알코올 음료점업(562)’를 제외한 ‘음식점업(561)’만 허용 / ④ (업력) 사업 운영기간 3년 이상(사업개시일로부터 3년 이상) / ⑤ (매출액) 전년도 매출액 1억원 이상 / ※ 단, 전년도 매출액 1억원 미만이더라도 2년 간 평균액이 1억원 이상이면 허용 /  고용주가 아래의 경우에 해당하지 않을 것 / ① 아래 법률의 위반으로 금고 이상의 형 선고·집행유예 선고 또는 500만원 이상의 벌금형 선고나 범칙금 처분을 받은 자 / - 형의 집행이 종료되거나 집행을 받지 아니하기로 한 날",auto_extracted,0.98
d9462416-404e-585b-8e5e-d7a881f6903e,F-2-R,15,requirement,requirement:small_business_sales,특례 최소 매출액,,100000000.0,KRW/year,r15_announcement_2026_ac5296f0,0,40,7,"발급)’으로 확인 / ③ (업종) 소상공인은 제조업(10~34), 도·소매업(45~47), 음식점업(561)*에 한정, 농업법인은 업종에 관계없이 허용 / * 한국표준산업분류에 따른 대분류 기준이며, 음식점업은 소분류 기준으로 ‘주점 및 비알코올 음료점업(562)’를 제외한 ‘음식점업(561)’만 허용 / ④ (업력) 사업 운영기간 3년 이상(사업개시일로부터 3년 이상) / ⑤ (매출액) 전년도 매출액 1억원 이상 / ※ 단, 전년도 매출액 1억원 미만이더라도 2년 간 평균액이 1억원 이상이면 허용 /  고용주가 아래의 경우에 해당하지 않을 것 / ① 아래 법률의 위반으로 금고 이상의 형 선고·집행유예 선고 또는 500만원 이상의 벌금형 선고나 범칙금 처분을 받은 자 / - 형의 집행이 종료되거나 집행을 받지 아니하기로 한 날, 집행유예를 선고받고 그 판결이 확정된 날 또는 벌금이나 범칙금을 납부한",auto_extracted,0.98
71f8b891-6a7c-5f81-a59b-5d392443a955,F-2-R,15,attachment_form,form:지역특화형비자안내문,붙임 서식: 지역특화형 비자 안내문,present,,,r15_attachment_2026_973ff358,0,2,,1. 지역특화형 비자 안내문 1부.,auto_extracted,0.98
ec86ba64-5027-595d-8869-34c611c31f5c,F-2-R,15,attachment_form,form:지역특화형비자취업제한분야(법무부),붙임 서식: 지역특화형 비자 취업제한 분야(법무부),present,,,r15_attachment_2026_973ff358,0,3,,2. 지역특화형 비자 취업제한 분야(법무부) 1부.,auto_extracted,0.98
265fb7bd-d17e-50ea-bb7d-3c9444d1d851,F-2-R,15,attachment_form,form:준법시민교육,붙임 서식: 준법시민교육,present,,,r15_attachment_2026_973ff358,0,4,,3. 준법시민교육 1부.,auto_extracted,0.98
9831ae53-2b97-5a72-b2cb-a4b3de9a168a,F-2-R,15,attachment_form,form:출입국관리법시행규칙별표5“사증발급신청등첨부서류”에관한고시,붙임 서식: 출입국관리법시행규칙 별표5 “사증발급신청 등 첨부서류”에 관한 고시,present,,,r15_attachment_2026_973ff358,0,5,,4. 출입국관리법시행규칙 별표5 “사증발급신청 등 첨부서류”에 관한 고시 1부.,auto_extracted,0.98
17ab351e-4624-5a49-9929-beb01ee70c8d,F-2-R,15,attachment_form,form:지역특화형비자사업추천서발급신청서,붙임 서식: 지역특화형 비자사업 추천서 발급 신청서,present,,,r15_attachment_2026_973ff358,0,6,,5. 지역특화형 비자사업 추천서 발급 신청서 1부.,auto_extracted,0.98
f80f84c4-aab4-525a-979b-13fcfd05bda3,F-2-R,15,attachment_form,form:거주/숙소제공확인서,붙임 서식: 거주/숙소제공 확인서,present,,,r15_attachment_2026_973ff358,0,7,,6. 거주/숙소제공 확인서 1부.,auto_extracted,0.98
9f577e3a-1db7-5447-8d23-b4d1632366d9,F-2-R,15,attachment_form,form:확약서,붙임 서식: 확 약 서,present,,,r15_attachment_2026_973ff358,0,8,,7. 확 약 서 1부.,auto_extracted,0.98
b7b6b6d0-a3c8-5c6a-a4a6-c23748579636,F-2-R,15,attachment_form,form:위임장,붙임 서식: 위 임 장,present,,,r15_attachment_2026_973ff358,0,9,,8. 위 임 장 1부.,auto_extracted,0.98
485e346f-18ef-597c-bd25-87838736ba2f,F-2-R,15,attachment_form,form:지역우수인재추천서,붙임 서식: 지역우수인재 추천서,present,,,r15_attachment_2026_973ff358,0,10,,9. 지역우수인재 추천서 1부.,auto_extracted,0.98
45dc7475-76f4-536a-9467-33e33663619a,F-2-R,15,attachment_form,form:수령증,붙임 서식: 수 령 증,present,,,r15_attachment_2026_973ff358,0,11,,10. 수 령 증 1부.,auto_extracted,0.98
ebda07fe-67c9-5fa4-b4a7-cf42c7a10dd4,F-2-R,15,attachment_form,form:외국인근로자표준근로계약서(예시),붙임 서식: 외국인근로자 표준근로계약서(예시),present,,,r15_attachment_2026_973ff358,0,12,,11. 외국인근로자 표준근로계약서(예시) 1부.,auto_extracted,0.98
70366200-6171-5950-a314-463207c35beb,F-2-R,15,attachment_form,form:관할출입국·외국인사무소비자신청제출서류,붙임 서식: 관할 출입국･외국인사무소 비자 신청 제출서류,present,,,r15_attachment_2026_973ff358,0,13,,12. 관할 출입국･외국인사무소 비자 신청 제출서류 1부.,auto_extracted,0.98
ae3f55be-a861-5a64-ad6c-6008e989e3bd,F-2-R,15,attachment_form,form:지역특화형우수인재허가조건변경신청서,붙임 서식: 지역특화형 우수인재 허가조건 변경 신청서,present,,,r15_attachment_2026_973ff358,0,14,,13. 지역특화형 우수인재 허가조건 변경 신청서 1부.,auto_extracted,0.98
049e98fc-0613-54bb-8af0-4ed130c40e3a,F-2-R,15,attachment_form,form:중소기업확인서,붙임 서식: 중소기업 확인서,present,,,r15_attachment_2026_973ff358,0,15,,14. 중소기업 확인서 - 지역활력 소상공인 고용특례 해당할 경우 1부.,auto_extracted,0.98
e167a11d-5248-5e7f-a45a-24c1baf8e9b1,F-2-R,15,attachment_form,form:영농조합법인설립신고확인증,붙임 서식: 영농조합법인 설립신고확인증,present,,,r15_attachment_2026_973ff358,0,16,,15. 영농조합법인 설립신고확인증 - 지역활력 소상공인 고용특례 해당할 경우 1부.,auto_extracted,0.98
f7c4a1bf-0292-5036-9d43-b19bdc4fc851,F-2-R,15,attachment_form,form:농업회사법인설립신고확인증,붙임 서식: 농업회사법인 설립신고확인증,present,,,r15_attachment_2026_973ff358,0,17,,16. 농업회사법인 설립신고확인증 - 지역활력 소상공인 고용특례 해당할 경우 1부.,auto_extracted,0.98
a453367d-7605-55c4-a27a-efca900c133b,F-2-R,15,attachment_content,attachment:permission_notice_language,허가조건 안내 언어,ko_en,,,r15_attachment_2026_973ff358,0,21,1,"| 【 허가조건 】 / Conditions of Permission | | 1. 공통 Common Requirements / ❍ 자격요건(거주지 요건, 취·창업 요건, 소득요건 등)을 계속 유지할 것 / The applicant must continuously satisfy all eligibility requirement, including residence, employment/start-up, and income requirements. / 2.",auto_extracted,0.98
0e6d6ba5-4a80-5ad1-8bca-ead0bfea8931,F-2-R,14,application,application:start,전체 사업 접수 시작일,2025-03-07,,date,r14_announcement_2026_57b86220,0,12,,❍ 접수기간 : ’25. 3. 7.(금) ~ ’26. 9. 18.(금)까지(상시접수),auto_extracted,0.98
3efbefad-a11d-52f8-9aa3-199d9b03dc88,F-2-R,14,application,application:end,전체 사업 접수 종료일,2026-09-18,,date,r14_announcement_2026_57b86220,0,12,,❍ 접수기간 : ’25. 3. 7.(금) ~ ’26. 9. 18.(금)까지(상시접수),auto_extracted,0.98
4ee4fe66-71b9-56c9-bb7a-444083c71311,F-2-R,14,application,application:total_quota,총 모집인원,,311.0,person,r14_announcement_2026_57b86220,0,12,,❍ 접수기간 : ’25. 3. 7.(금) ~ ’26. 9. 18.(금)까지(상시접수),auto_extracted,0.98
43f41b75-8972-5f45-b383-cfbc7e9186b9,F-2-R,14,regional_quota,quota:괴산군:allocated,괴산군 배정 인원,,30.0,person,r14_announcement_2026_57b86220,0,,5,괴산 | 30 | 15 | 15,auto_extracted,0.98
24c1897f-02cd-54ed-a3b2-9663f1843e70,F-2-R,14,regional_quota,quota:괴산군:recommended,괴산군 기추천 인원,,15.0,person,r14_announcement_2026_57b86220,0,,5,괴산 | 30 | 15 | 15,auto_extracted,0.98
caf5e6a1-58c4-52c4-9542-0f2f9e9d74b5,F-2-R,14,regional_quota,quota:괴산군:remaining,괴산군 잔여 인원,,15.0,person,r14_announcement_2026_57b86220,0,,5,괴산 | 30 | 15 | 15,auto_extracted,0.98
077c0539-8e23-5946-9c05-2c0439f17180,F-2-R,14,regional_quota,quota:단양군:allocated,단양군 배정 인원,,44.0,person,r14_announcement_2026_57b86220,0,,5,단양 | 44 | 31 | 13,auto_extracted,0.98
859b689b-28e6-516b-b6e3-3399404b08db,F-2-R,14,regional_quota,quota:단양군:recommended,단양군 기추천 인원,,31.0,person,r14_announcement_2026_57b86220,0,,5,단양 | 44 | 31 | 13,auto_extracted,0.98
12bc1411-e855-5307-88ff-bd69ce7eabce,F-2-R,14,regional_quota,quota:단양군:remaining,단양군 잔여 인원,,13.0,person,r14_announcement_2026_57b86220,0,,5,단양 | 44 | 31 | 13,auto_extracted,0.98
3093564f-0129-56c5-b37e-79b907760482,F-2-R,14,regional_quota,quota:보은군:allocated,보은군 배정 인원,,70.0,person,r14_announcement_2026_57b86220,0,,5,보은 | 70 | 35 | 35,auto_extracted,0.98
86a0cac3-7095-53a9-aeec-6f5664c690a9,F-2-R,14,regional_quota,quota:보은군:recommended,보은군 기추천 인원,,35.0,person,r14_announcement_2026_57b86220,0,,5,보은 | 70 | 35 | 35,auto_extracted,0.98
5c8c3825-8ad7-56a5-a483-f23309ec508c,F-2-R,14,regional_quota,quota:보은군:remaining,보은군 잔여 인원,,35.0,person,r14_announcement_2026_57b86220,0,,5,보은 | 70 | 35 | 35,auto_extracted,0.98
60d8ed84-4a5a-50ce-a934-04a8ad906b15,F-2-R,14,regional_quota,quota:영동군:allocated,영동군 배정 인원,,33.0,person,r14_announcement_2026_57b86220,0,,5,영동 | 33 | 9 | 24,auto_extracted,0.98
12757c97-0a17-5dde-9106-6ecbb47b7bd4,F-2-R,14,regional_quota,quota:영동군:recommended,영동군 기추천 인원,,9.0,person,r14_announcement_2026_57b86220,0,,5,영동 | 33 | 9 | 24,auto_extracted,0.98
d57bb079-aef3-5faf-b677-a1b7e1cda47b,F-2-R,14,regional_quota,quota:영동군:remaining,영동군 잔여 인원,,24.0,person,r14_announcement_2026_57b86220,0,,5,영동 | 33 | 9 | 24,auto_extracted,0.98
c8d4a0b0-444f-5893-8771-ca2e8e4757e3,F-2-R,14,regional_quota,quota:옥천군:allocated,옥천군 배정 인원,,50.0,person,r14_announcement_2026_57b86220,0,,5,옥천 | 50 | 16 | 34,auto_extracted,0.98
7647f883-09c9-5bb2-ad97-45c34c1411c0,F-2-R,14,regional_quota,quota:옥천군:recommended,옥천군 기추천 인원,,16.0,person,r14_announcement_2026_57b86220,0,,5,옥천 | 50 | 16 | 34,auto_extracted,0.98
ce332999-bf30-5881-b673-4a9fbba5f604,F-2-R,14,regional_quota,quota:옥천군:remaining,옥천군 잔여 인원,,34.0,person,r14_announcement_2026_57b86220,0,,5,옥천 | 50 | 16 | 34,auto_extracted,0.98
6932942a-2ca0-5256-8cf2-873c21721a46,F-2-R,14,regional_quota,quota:제천시:allocated,제천시 배정 인원,,84.0,person,r14_announcement_2026_57b86220,0,,5,제천 | 84 | 47 | 37,auto_extracted,0.98
94881a79-1755-5b8f-99fa-89235aa40c41,F-2-R,14,regional_quota,quota:제천시:recommended,제천시 기추천 인원,,47.0,person,r14_announcement_2026_57b86220,0,,5,제천 | 84 | 47 | 37,auto_extracted,0.98
a60a9b4a-69ff-5c4f-b2c4-61e3dae66224,F-2-R,14,regional_quota,quota:제천시:remaining,제천시 잔여 인원,,37.0,person,r14_announcement_2026_57b86220,0,,5,제천 | 84 | 47 | 37,auto_extracted,0.98
e40ed756-6a76-5a0e-83aa-e26c338a4104,F-2-R,14,requirement,requirement:income,연간 소득 기준,,30539916.0,KRW/year,r14_announcement_2026_57b86220,0,40,7,"체류기간 연장 시 학위증 등 입증서류를 제출하여야 함 / * 대학 총장 또는 학과장 명의의 문서로서 ①증명서 발급 당시 졸업요건을 모두 갖추었음이 대학 대표자 명의로 확인되고, ②학위 수여 날짜가 확정되어 문서에 기재되어야 함(유학생의 졸업이 취소될 가능성이 없어 졸업 및 그 날짜가 확정적일 것) / 2) 소득 /  (주체) 신청인(본인) 소득만 인정 /  (기준) ΄26년도 충청북도 생활임금(연 30,539,916원) 이상 /  (인정되는 소득) 「소득세법」 제4조제1항에 따른 다음 소득을 합산 / - 이자소득, 배당소득, 사업소득, 근로소득, 연금소득, 기타소득 / - 각 소득은 소득세를 납부한 경우에만 인정 / - 「소득세법」 제12조(비과세소득)에 따라 소득세를 납부하지 않아도 되는 소득일 경우 관련 증빙자료 등을 검토하여 인정 여부 결정 / 나. 거주지 /  (원칙) 추천지역 내에서 계속",auto_extracted,0.98
7b03f040-8792-51de-88ac-1846aae07967,F-2-R,14,requirement,requirement:kiip,사회통합프로그램 이수 단계,,4.0,level,r14_announcement_2026_57b86220,0,40,7,"우 / ⑤ 최근 3년 이내에 3회 이상 범칙금 처분을 받은 경우 / ⑥ 「출입국관리법」 제11조 제1항에서 정한 입국금지 대상자 /  (준법 시민교육) 지역특화형 우수인재 자격변경 및 연장 허가 예정자 중 국내법 위반 사실이 확인된 자(위 품행 단정 요건 결격사유 해당자 제외) / ※ 준법 시민교육 관련 세부사항 및 신청절차【붙임7】참조 / 마. 기본소양 (하나만 구비 하면 족함) /  사회통합프로그램 4단계 이상 이수(사전평가에서 5단계 이상 배정 포함) /  한국어능력시험(TOPIK) 4급 이상 취득 / 바. 고용주 요건 / ❍ (세금체납 관련) 고용업체에 세금(국세, 지방세) 체납 사실이 없을 것 / ❍ (고용가능인원) 내국인 고용인원 규모에 따라 차등적용 / * 최저임금을 충족하는 3개월 이상 고용보험에 가입된 인원 / - (허용인원 산정 기준) 허용계산 값의 소수점 이하는 올림하며,",auto_extracted,0.98
06c66f1e-1971-52db-b2b6-d60706ce8ace,F-2-R,14,requirement,requirement:preassessment,사회통합프로그램 사전평가 배정 단계,,5.0,level,r14_announcement_2026_57b86220,0,40,7,"이상 범칙금 처분을 받은 경우 / ⑥ 「출입국관리법」 제11조 제1항에서 정한 입국금지 대상자 /  (준법 시민교육) 지역특화형 우수인재 자격변경 및 연장 허가 예정자 중 국내법 위반 사실이 확인된 자(위 품행 단정 요건 결격사유 해당자 제외) / ※ 준법 시민교육 관련 세부사항 및 신청절차【붙임7】참조 / 마. 기본소양 (하나만 구비 하면 족함) /  사회통합프로그램 4단계 이상 이수(사전평가에서 5단계 이상 배정 포함) /  한국어능력시험(TOPIK) 4급 이상 취득 / 바. 고용주 요건 / ❍ (세금체납 관련) 고용업체에 세금(국세, 지방세) 체납 사실이 없을 것 / ❍ (고용가능인원) 내국인 고용인원 규모에 따라 차등적용 / * 최저임금을 충족하는 3개월 이상 고용보험에 가입된 인원 / - (허용인원 산정 기준) 허용계산 값의 소수점 이하는 올림하며, 지역특화 우수인재(F-2-R)",auto_extracted,0.98
63ec30f2-54ef-5fc1-bda7-8b82ea8f6e68,F-2-R,14,requirement,requirement:topik,TOPIK 등급,,4.0,grade,r14_announcement_2026_57b86220,0,40,7,"조 제1항에서 정한 입국금지 대상자 /  (준법 시민교육) 지역특화형 우수인재 자격변경 및 연장 허가 예정자 중 국내법 위반 사실이 확인된 자(위 품행 단정 요건 결격사유 해당자 제외) / ※ 준법 시민교육 관련 세부사항 및 신청절차【붙임7】참조 / 마. 기본소양 (하나만 구비 하면 족함) /  사회통합프로그램 4단계 이상 이수(사전평가에서 5단계 이상 배정 포함) /  한국어능력시험(TOPIK) 4급 이상 취득 / 바. 고용주 요건 / ❍ (세금체납 관련) 고용업체에 세금(국세, 지방세) 체납 사실이 없을 것 / ❍ (고용가능인원) 내국인 고용인원 규모에 따라 차등적용 / * 최저임금을 충족하는 3개월 이상 고용보험에 가입된 인원 / - (허용인원 산정 기준) 허용계산 값의 소수점 이하는 올림하며, 지역특화 우수인재(F-2-R) 체류자격을 가진 사람만 외국인 고용인원으로 산정 / ❍ (",auto_extracted,0.98
0e23e50b-a163-59b2-adf3-476d4a9e4e87,F-2-R,14,requirement,requirement:employment_start,근로 시작 기한,,3.0,month,r14_announcement_2026_57b86220,0,40,7,"※ 특례 조건 위반 시 체류자격 취소 가능 / ❍ (기간) 허가일로부터 최초 2년은 추천지역에 실거주 / ※ 2년 경과 시 동일 광역지자체 내 다른 인구감소지역으로 이전 가능 / 다. 취업/창업 (두 요건 중 하나만 구비 하면 족함) / 1) 취업 /  (지역) 근무처가 추천지역 내 소재 /  (급여) 근로계약서상 급여 ‘26년도 충청북도 생활임금(연 30,539,916원) 이상 / - 신청일 이후 3개월 이내 근로 시작, 계약기간 1년 이상 유효할 것 / - 고용주와 사용자가 동일하여야 하며 취업알선 업체, 인력파견 업체 등에 소속되어 일당제 또는 파견제 형식의 취업 불가 / - 자격 변경 후 1년 이내 근무처 변경 제한(단, 사업장 휴·폐업, 임금 체불 등*으로 동일 근무처에서 근무가 곤란한 경우에는 “허가조건 변경(근무처 변경)” 심사를 받아 변경이 가능하되, 새로운 근무처에서 다시 1년 동안 원칙적으",auto_extracted,0.98
0f52de44-6548-54d7-a18d-c48eef777e2a,F-2-R,14,requirement,requirement:contract_years,근로계약 최소기간,,1.0,year,r14_announcement_2026_57b86220,0,40,7,"가능 / ❍ (기간) 허가일로부터 최초 2년은 추천지역에 실거주 / ※ 2년 경과 시 동일 광역지자체 내 다른 인구감소지역으로 이전 가능 / 다. 취업/창업 (두 요건 중 하나만 구비 하면 족함) / 1) 취업 /  (지역) 근무처가 추천지역 내 소재 /  (급여) 근로계약서상 급여 ‘26년도 충청북도 생활임금(연 30,539,916원) 이상 / - 신청일 이후 3개월 이내 근로 시작, 계약기간 1년 이상 유효할 것 / - 고용주와 사용자가 동일하여야 하며 취업알선 업체, 인력파견 업체 등에 소속되어 일당제 또는 파견제 형식의 취업 불가 / - 자격 변경 후 1년 이내 근무처 변경 제한(단, 사업장 휴·폐업, 임금 체불 등*으로 동일 근무처에서 근무가 곤란한 경우에는 “허가조건 변경(근무처 변경)” 심사를 받아 변경이 가능하되, 새로운 근무처에서 다시 1년 동안 원칙적으로 근무처 변경 제한)",auto_extracted,0.98
732e562f-6bff-5519-9a88-0c992ac547f8,F-2-R,14,requirement,requirement:investment,창업 총 투자금액,,200000000.0,KRW,r14_announcement_2026_57b86220,0,40,7,"인력파견 업체 등에 소속되어 일당제 또는 파견제 형식의 취업 불가 / - 자격 변경 후 1년 이내 근무처 변경 제한(단, 사업장 휴·폐업, 임금 체불 등*으로 동일 근무처에서 근무가 곤란한 경우에는 “허가조건 변경(근무처 변경)” 심사를 받아 변경이 가능하되, 새로운 근무처에서 다시 1년 동안 원칙적으로 근무처 변경 제한) / 2) 창업 /  (지역) 사업체가 추천지역 내 소재 /  (투자금액) 2억원 이상 / - 국내 형성 자금을 인정하되, 1억원은 해외에서 국내로 반입한 외국 자본*이어야 함 / * 투자자금 도입 및 자본금 사용내역 요건은 법인인 경우 법인에 투자(D-8-1), 개인사업자인 경우 개인사업자(D-9-4) 요건 적용 /  (설립방식) ｢외국인투자촉진법｣에 따른 외국인투자기업(법인)이나 개인사업자 또는 ｢외국환거래법｣ 및 ｢외국환거래규정｣에 따라 외자를 도입하고 사업자등록을 한",auto_extracted,0.98
39d2e292-9f1f-5933-98ca-a9c148f9f37a,F-2-R,14,requirement,requirement:foreign_capital,해외 반입 외국자본,,100000000.0,KRW,r14_announcement_2026_57b86220,0,40,7,"업 불가 / - 자격 변경 후 1년 이내 근무처 변경 제한(단, 사업장 휴·폐업, 임금 체불 등*으로 동일 근무처에서 근무가 곤란한 경우에는 “허가조건 변경(근무처 변경)” 심사를 받아 변경이 가능하되, 새로운 근무처에서 다시 1년 동안 원칙적으로 근무처 변경 제한) / 2) 창업 /  (지역) 사업체가 추천지역 내 소재 /  (투자금액) 2억원 이상 / - 국내 형성 자금을 인정하되, 1억원은 해외에서 국내로 반입한 외국 자본*이어야 함 / * 투자자금 도입 및 자본금 사용내역 요건은 법인인 경우 법인에 투자(D-8-1), 개인사업자인 경우 개인사업자(D-9-4) 요건 적용 /  (설립방식) ｢외국인투자촉진법｣에 따른 외국인투자기업(법인)이나 개인사업자 또는 ｢외국환거래법｣ 및 ｢외국환거래규정｣에 따라 외자를 도입하고 사업자등록을 한 개인사업자 / 3) 유의사항 /  (기간) 허가일 기준 최초 2년은 추천지역",auto_extracted,0.98
6a15813f-bbf1-58f9-a832-9750d6a50e32,F-2-R,14,requirement,requirement:initial_residence,최초 추천지역 실거주기간,,2.0,year,r14_announcement_2026_57b86220,0,40,7,"/ - (제출서류) 임대차계약서, 숙소제공확인서(숙소제공 예정인 경우 숙소제공예정자의 확인 서명 등 필요) 등 실거주 예정임을 확인할 수 있는 서류 / ※ 지자체와 지방출입국‧외국인관서에 동일 서류 제출 / - (참고 사항) 임대차계약서의 계약일부터 전입신고일까지 15일 초과 시 출입국관리법 제36조(체류지 변경의 신고) 위반 / ※ 특례 조건 위반 시 체류자격 취소 가능 / ❍ (기간) 허가일로부터 최초 2년은 추천지역에 실거주 / ※ 2년 경과 시 동일 광역지자체 내 다른 인구감소지역으로 이전 가능 / 다. 취업/창업 (두 요건 중 하나만 구비 하면 족함) / 1) 취업 /  (지역) 근무처가 추천지역 내 소재 /  (급여) 근로계약서상 급여 ‘26년도 충청북도 생활임금(연 30,539,916원) 이상 / - 신청일 이후 3개월 이내 근로 시작, 계약기간 1년 이상 유효할 것 / - 고용주와 사용자가 동일하여",auto_extracted,0.98
5ebd85c6-c605-5e9b-a841-146b689d2638,F-2-R,14,requirement,requirement:stay_initial,최초 체류기간 상한,,1.0,year,r14_announcement_2026_57b86220,0,40,7,"따라 10인 이상의 외국인을 초청한 자로서 피초청 외국인 과반수가 불법체류 중인 사람 / ⑦ 신청일부터 최근 1개월간 「출입국관리법」제19조(외국인고용주 신고의무) 또는 제19조의4(유학생 초청기관장의 신고의무)에 의한 신고의무를 2회 이상 게을리하여 과태료를 납부한 날로부터 1개월이 경과하지 아니한 자 / 3. 체류허가 사항 / 가. 체류자격 : F-2-R(지역특화형 우수인재) / 나. 체류기간 : 최대 1년 부여 ※ (연장 시) 최초연장 1년, 이후 최대 2년 내 부여",auto_extracted,0.98
01958ee5-3c36-55bd-9a39-19b99084ca2a,F-2-R,14,requirement,requirement:stay_later_extension,후속 연장기간 상한,,2.0,year,r14_announcement_2026_57b86220,0,40,7,"가 불법체류 중인 사람 / ⑦ 신청일부터 최근 1개월간 「출입국관리법」제19조(외국인고용주 신고의무) 또는 제19조의4(유학생 초청기관장의 신고의무)에 의한 신고의무를 2회 이상 게을리하여 과태료를 납부한 날로부터 1개월이 경과하지 아니한 자 / 3. 체류허가 사항 / 가. 체류자격 : F-2-R(지역특화형 우수인재) / 나. 체류기간 : 최대 1년 부여 ※ (연장 시) 최초연장 1년, 이후 최대 2년 내 부여",auto_extracted,0.98
1921c8a4-e5ed-5079-a4b0-72047cb3ddc1,F-2-R,14,requirement,requirement:small_business_exception,지역활력 소상공인 고용특례,present,,,r14_announcement_2026_57b86220,0,40,7,"이상 취득 / 바. 고용주 요건 / ❍ (세금체납 관련) 고용업체에 세금(국세, 지방세) 체납 사실이 없을 것 / ❍ (고용가능인원) 내국인 고용인원 규모에 따라 차등적용 / * 최저임금을 충족하는 3개월 이상 고용보험에 가입된 인원 / - (허용인원 산정 기준) 허용계산 값의 소수점 이하는 올림하며, 지역특화 우수인재(F-2-R) 체류자격을 가진 사람만 외국인 고용인원으로 산정 / ❍ (지역활력 소상공인 고용특례) 내국인 고용이 어려운 인구감소지역 기업의 고용애로를 감안하여, 다음의 고용특례 기준을 모두 충족하는 기업은 내국인 고용인원이 없더라도 지역특화형 우수인재(F-2-R) 1명 고용 허용 / ① (기간) ’26. 5. 18. ~ ’27. 12. 31. (※ 시범운영 후 정식 제도화 여부 결정) / ② (대상) 소상공인* 또는 농업법인** / * ｢소상공인기본법｣ 제2조에 따른 소기업 중 “소상",auto_extracted,0.98
2e309aef-82e3-5617-a7b2-a44e7b9797d6,F-2-R,14,requirement,requirement:small_business_allowed,특례 F-2-R 허용인원,,1.0,person,r14_announcement_2026_57b86220,0,40,7,"저임금을 충족하는 3개월 이상 고용보험에 가입된 인원 / - (허용인원 산정 기준) 허용계산 값의 소수점 이하는 올림하며, 지역특화 우수인재(F-2-R) 체류자격을 가진 사람만 외국인 고용인원으로 산정 / ❍ (지역활력 소상공인 고용특례) 내국인 고용이 어려운 인구감소지역 기업의 고용애로를 감안하여, 다음의 고용특례 기준을 모두 충족하는 기업은 내국인 고용인원이 없더라도 지역특화형 우수인재(F-2-R) 1명 고용 허용 / ① (기간) ’26. 5. 18. ~ ’27. 12. 31. (※ 시범운영 후 정식 제도화 여부 결정) / ② (대상) 소상공인* 또는 농업법인** / * ｢소상공인기본법｣ 제2조에 따른 소기업 중 “소상공인”으로, ‘중소기업(소상공인) 확인서(중기부장관 발급)’로 확인 / ** ｢농어업경영체 육성 및 지원에 관한 법률｣에 따른 영농조합법인 및 농업회사법인으로, ‘농업회사법인(영농조합법",auto_extracted,0.98
251f8310-e983-5414-b61a-062aa2eae223,F-2-R,14,requirement,requirement:small_business_years,특례 최소 업력,,3.0,year,r14_announcement_2026_57b86220,0,40,7,"업회사법인으로, ‘농업회사법인(영농조합법인) 설립신고확인증(시·군·구청장 발급)’으로 확인 / ③ (업종) 소상공인은 제조업(10~34), 도·소매업(45~47), 음식점업(561)*에 한정, 농업법인은 업종에 관계없이 허용 / * 한국표준산업분류에 따른 대분류 기준이며, 음식점업은 소분류 기준으로 ‘주점 및 비알코올 음료점업(562)’를 제외한 ‘음식점업(561)’만 허용 / ④ (업력) 사업 운영기간 3년 이상(사업개시일로부터 3년 이상) / ⑤ (매출액) 전년도 매출액 1억원 이상 / ※ 단, 전년도 매출액 1억원 미만이더라도 2년 간 평균액이 1억원 이상이면 허용 /  고용주가 아래의 경우에 해당하지 않을 것 / ① 아래 법률의 위반으로 금고 이상의 형 선고·집행유예 선고 또는 500만원 이상의 벌금형 선고나 범칙금 처분을 받은 자 / - 형의 집행이 종료되거나 집행을 받지 아니하기로 한 날",auto_extracted,0.98
92826d2d-81d0-5367-a325-3d18655931d3,F-2-R,14,requirement,requirement:small_business_sales,특례 최소 매출액,,100000000.0,KRW/year,r14_announcement_2026_57b86220,0,40,7,"발급)’으로 확인 / ③ (업종) 소상공인은 제조업(10~34), 도·소매업(45~47), 음식점업(561)*에 한정, 농업법인은 업종에 관계없이 허용 / * 한국표준산업분류에 따른 대분류 기준이며, 음식점업은 소분류 기준으로 ‘주점 및 비알코올 음료점업(562)’를 제외한 ‘음식점업(561)’만 허용 / ④ (업력) 사업 운영기간 3년 이상(사업개시일로부터 3년 이상) / ⑤ (매출액) 전년도 매출액 1억원 이상 / ※ 단, 전년도 매출액 1억원 미만이더라도 2년 간 평균액이 1억원 이상이면 허용 /  고용주가 아래의 경우에 해당하지 않을 것 / ① 아래 법률의 위반으로 금고 이상의 형 선고·집행유예 선고 또는 500만원 이상의 벌금형 선고나 범칙금 처분을 받은 자 / - 형의 집행이 종료되거나 집행을 받지 아니하기로 한 날, 집행유예를 선고받고 그 판결이 확정된 날 또는 벌금이나 범칙금을 납부한",auto_extracted,0.98
fbab911e-b774-51b3-a7cc-b9bf8dcda9eb,F-2-R,14,attachment_form,form:지역특화형비자안내문,붙임 서식: 지역특화형 비자 안내문,present,,,r14_attachment_2026_d5a5992f,0,2,,1. 지역특화형 비자 안내문 1부.,auto_extracted,0.98
c237aaef-d296-5d35-8104-5bb491e55b11,F-2-R,14,attachment_form,form:지역특화형비자취업제한분야(법무부),붙임 서식: 지역특화형 비자 취업제한 분야(법무부),present,,,r14_attachment_2026_d5a5992f,0,3,,2. 지역특화형 비자 취업제한 분야(법무부) 1부.,auto_extracted,0.98
221bc181-b1e1-5d2b-8a4f-74138b3642cc,F-2-R,14,attachment_form,form:준법시민교육,붙임 서식: 준법시민교육,present,,,r14_attachment_2026_d5a5992f,0,4,,3. 준법시민교육 1부.,auto_extracted,0.98
9185e228-cad0-5c91-88a3-aa9da029ef85,F-2-R,14,attachment_form,form:출입국관리법시행규칙별표5“사증발급신청등첨부서류”에관한고시,붙임 서식: 출입국관리법시행규칙 별표5 “사증발급신청 등 첨부서류”에 관한 고시,present,,,r14_attachment_2026_d5a5992f,0,5,,4. 출입국관리법시행규칙 별표5 “사증발급신청 등 첨부서류”에 관한 고시 1부.,auto_extracted,0.98
3952ddbb-6490-58c4-817b-4c39b37e15c3,F-2-R,14,attachment_form,form:지역특화형비자사업추천서발급신청서,붙임 서식: 지역특화형 비자사업 추천서 발급 신청서,present,,,r14_attachment_2026_d5a5992f,0,6,,5. 지역특화형 비자사업 추천서 발급 신청서 1부.,auto_extracted,0.98
05a37afb-8054-5d4e-bccd-3405bb54583a,F-2-R,14,attachment_form,form:거주/숙소제공확인서,붙임 서식: 거주/숙소제공 확인서,present,,,r14_attachment_2026_d5a5992f,0,7,,6. 거주/숙소제공 확인서 1부.,auto_extracted,0.98
25df3a2d-c39c-52b5-90a2-986e4db8137f,F-2-R,14,attachment_form,form:확약서,붙임 서식: 확 약 서,present,,,r14_attachment_2026_d5a5992f,0,8,,7. 확 약 서 1부.,auto_extracted,0.98
35607e17-e023-5fcc-b714-6730c4d4e8b5,F-2-R,14,attachment_form,form:위임장,붙임 서식: 위 임 장,present,,,r14_attachment_2026_d5a5992f,0,9,,8. 위 임 장 1부.,auto_extracted,0.98
3e2cc13b-30e6-56f0-82de-640a55010d51,F-2-R,14,attachment_form,form:지역우수인재추천서,붙임 서식: 지역우수인재 추천서,present,,,r14_attachment_2026_d5a5992f,0,10,,9. 지역우수인재 추천서 1부.,auto_extracted,0.98
6f292aa1-a3de-561d-ba52-2379a0f880d8,F-2-R,14,attachment_form,form:수령증,붙임 서식: 수 령 증,present,,,r14_attachment_2026_d5a5992f,0,11,,10. 수 령 증 1부.,auto_extracted,0.98
8e1eafce-02d4-5f64-8fca-01e890a61aa2,F-2-R,14,attachment_form,form:외국인근로자표준근로계약서(예시),붙임 서식: 외국인근로자 표준근로계약서(예시),present,,,r14_attachment_2026_d5a5992f,0,12,,11. 외국인근로자 표준근로계약서(예시) 1부.,auto_extracted,0.98
29c2c651-dcd6-52de-907b-983ab1730178,F-2-R,14,attachment_form,form:관할출입국·외국인사무소비자신청제출서류,붙임 서식: 관할 출입국･외국인사무소 비자 신청 제출서류,present,,,r14_attachment_2026_d5a5992f,0,13,,12. 관할 출입국･외국인사무소 비자 신청 제출서류 1부.,auto_extracted,0.98
42242809-bd8c-56c3-9bd4-64f1534ad1df,F-2-R,14,attachment_form,form:지역특화형우수인재허가조건변경신청서,붙임 서식: 지역특화형 우수인재 허가조건 변경 신청서,present,,,r14_attachment_2026_d5a5992f,0,14,,13. 지역특화형 우수인재 허가조건 변경 신청서 1부.,auto_extracted,0.98
47a2eb0f-0dee-5966-85de-94660fcb04b2,F-2-R,14,attachment_form,form:중소기업확인서,붙임 서식: 중소기업 확인서,present,,,r14_attachment_2026_d5a5992f,0,15,,14. 중소기업 확인서 - 지역활력 소상공인 고용특례 해당할 경우 1부.,auto_extracted,0.98
96b9d913-8dfb-51c0-827d-9bf700e64dfe,F-2-R,14,attachment_form,form:영농조합법인설립신고확인증,붙임 서식: 영농조합법인 설립신고확인증,present,,,r14_attachment_2026_d5a5992f,0,16,,15. 영농조합법인 설립신고확인증 - 지역활력 소상공인 고용특례 해당할 경우 1부.,auto_extracted,0.98
0b637754-4c89-5c33-9e1e-c5e3bbc1b78e,F-2-R,14,attachment_form,form:농업회사법인설립신고확인증,붙임 서식: 농업회사법인 설립신고확인증,present,,,r14_attachment_2026_d5a5992f,0,17,,16. 농업회사법인 설립신고확인증 - 지역활력 소상공인 고용특례 해당할 경우 1부.,auto_extracted,0.98
d6ce63c5-f5d8-5894-95f2-905c2fe7ffbc,F-2-R,14,attachment_content,attachment:permission_notice_language,허가조건 안내 언어,ko_en,,,r14_attachment_2026_d5a5992f,0,21,1,"| 【 허가조건 】 / Conditions of Permission | | 1. 공통 Common Requirements / ❍ 자격요건(거주지 요건, 취·창업 요건, 소득요건 등)을 계속 유지할 것 / The applicant must continuously satisfy all eligibility requirement, including residence, employment/start-up, and income requirements. / 2.",auto_extracted,0.98
f12ceddf-f498-5ed0-8a59-b60be8faf860,F-2-R,13,application,application:start,전체 사업 접수 시작일,2025-03-07,,date,r13_announcement_2026_905fb908,0,12,,❍ 접수기간 : ’25. 3. 7.(금) ~ ’26. 9. 18.(금)까지(상시접수),auto_extracted,0.98
3544406b-5248-53f7-9419-62a95fa1f32f,F-2-R,13,application,application:end,전체 사업 접수 종료일,2026-09-18,,date,r13_announcement_2026_905fb908,0,12,,❍ 접수기간 : ’25. 3. 7.(금) ~ ’26. 9. 18.(금)까지(상시접수),auto_extracted,0.98
e092f70c-bff5-5ad7-afbe-136cc084caa8,F-2-R,13,application,application:total_quota,총 모집인원,,311.0,person,r13_announcement_2026_905fb908,0,12,,❍ 접수기간 : ’25. 3. 7.(금) ~ ’26. 9. 18.(금)까지(상시접수),auto_extracted,0.98
5735274b-f336-5ae4-a10e-30b0755044ac,F-2-R,13,regional_quota,quota:괴산군:allocated,괴산군 배정 인원,,30.0,person,r13_announcement_2026_905fb908,0,,5,괴산 | 30 | 15 | 15,auto_extracted,0.98
963c136c-ff20-51f7-a01b-0c4d45974bbc,F-2-R,13,regional_quota,quota:괴산군:recommended,괴산군 기추천 인원,,15.0,person,r13_announcement_2026_905fb908,0,,5,괴산 | 30 | 15 | 15,auto_extracted,0.98
c80b12ae-5e39-54ba-8e06-d9c1f505eaa1,F-2-R,13,regional_quota,quota:괴산군:remaining,괴산군 잔여 인원,,15.0,person,r13_announcement_2026_905fb908,0,,5,괴산 | 30 | 15 | 15,auto_extracted,0.98
732d1179-f781-5cb0-b9ef-cdb157ddcd24,F-2-R,13,regional_quota,quota:단양군:allocated,단양군 배정 인원,,44.0,person,r13_announcement_2026_905fb908,0,,5,단양 | 44 | 29 | 15,auto_extracted,0.98
f9c642e1-ed00-5c03-a918-39555b853eaf,F-2-R,13,regional_quota,quota:단양군:recommended,단양군 기추천 인원,,29.0,person,r13_announcement_2026_905fb908,0,,5,단양 | 44 | 29 | 15,auto_extracted,0.98
635cf3b6-9c87-5fe1-a3f5-f06a6d47c061,F-2-R,13,regional_quota,quota:단양군:remaining,단양군 잔여 인원,,15.0,person,r13_announcement_2026_905fb908,0,,5,단양 | 44 | 29 | 15,auto_extracted,0.98
fd6daa71-85a4-588c-b277-ebdc24e21d24,F-2-R,13,regional_quota,quota:보은군:allocated,보은군 배정 인원,,70.0,person,r13_announcement_2026_905fb908,0,,5,보은 | 70 | 35 | 35,auto_extracted,0.98
73eb3f62-df71-54cb-92ad-8be79b2a8fa7,F-2-R,13,regional_quota,quota:보은군:recommended,보은군 기추천 인원,,35.0,person,r13_announcement_2026_905fb908,0,,5,보은 | 70 | 35 | 35,auto_extracted,0.98
0febc67f-a717-5b16-a567-63cfadf68428,F-2-R,13,regional_quota,quota:보은군:remaining,보은군 잔여 인원,,35.0,person,r13_announcement_2026_905fb908,0,,5,보은 | 70 | 35 | 35,auto_extracted,0.98
608a2ecd-ffe8-5872-be52-9e94567c69fb,F-2-R,13,regional_quota,quota:영동군:allocated,영동군 배정 인원,,33.0,person,r13_announcement_2026_905fb908,0,,5,영동 | 33 | 9 | 24,auto_extracted,0.98
d447e165-8924-5c59-908f-7e3e611ab38f,F-2-R,13,regional_quota,quota:영동군:recommended,영동군 기추천 인원,,9.0,person,r13_announcement_2026_905fb908,0,,5,영동 | 33 | 9 | 24,auto_extracted,0.98
757914b6-1bf1-552b-a03c-91b50bd41297,F-2-R,13,regional_quota,quota:영동군:remaining,영동군 잔여 인원,,24.0,person,r13_announcement_2026_905fb908,0,,5,영동 | 33 | 9 | 24,auto_extracted,0.98
887cc183-67f0-5c41-af52-8cda960b0f0c,F-2-R,13,regional_quota,quota:옥천군:allocated,옥천군 배정 인원,,50.0,person,r13_announcement_2026_905fb908,0,,5,옥천 | 50 | 14 | 36,auto_extracted,0.98
cdef38d2-90de-579a-baf3-a8ab4a3f5cb0,F-2-R,13,regional_quota,quota:옥천군:recommended,옥천군 기추천 인원,,14.0,person,r13_announcement_2026_905fb908,0,,5,옥천 | 50 | 14 | 36,auto_extracted,0.98
632f1dcb-4330-50d1-b612-8fffb7b7c9b0,F-2-R,13,regional_quota,quota:옥천군:remaining,옥천군 잔여 인원,,36.0,person,r13_announcement_2026_905fb908,0,,5,옥천 | 50 | 14 | 36,auto_extracted,0.98
02f35fad-b1aa-53e9-9d30-b813f99289f6,F-2-R,13,regional_quota,quota:제천시:allocated,제천시 배정 인원,,84.0,person,r13_announcement_2026_905fb908,0,,5,제천 | 84 | 47 | 37,auto_extracted,0.98
00a3d51e-5448-5aa2-8420-33721fd6c430,F-2-R,13,regional_quota,quota:제천시:recommended,제천시 기추천 인원,,47.0,person,r13_announcement_2026_905fb908,0,,5,제천 | 84 | 47 | 37,auto_extracted,0.98
c2134279-326b-55d1-86f3-c20927527416,F-2-R,13,regional_quota,quota:제천시:remaining,제천시 잔여 인원,,37.0,person,r13_announcement_2026_905fb908,0,,5,제천 | 84 | 47 | 37,auto_extracted,0.98
ce59ee0d-2dc7-5320-91f6-2f86aaf966e8,F-2-R,13,requirement,requirement:income,연간 소득 기준,,30539916.0,KRW/year,r13_announcement_2026_905fb908,0,40,7,"체류기간 연장 시 학위증 등 입증서류를 제출하여야 함 / * 대학 총장 또는 학과장 명의의 문서로서 ①증명서 발급 당시 졸업요건을 모두 갖추었음이 대학 대표자 명의로 확인되고, ②학위 수여 날짜가 확정되어 문서에 기재되어야 함(유학생의 졸업이 취소될 가능성이 없어 졸업 및 그 날짜가 확정적일 것) / 2) 소득 /  (주체) 신청인(본인) 소득만 인정 /  (기준) ΄26년도 충청북도 생활임금(연 30,539,916원) 이상 /  (인정되는 소득) 「소득세법」 제4조제1항에 따른 다음 소득을 합산 / - 이자소득, 배당소득, 사업소득, 근로소득, 연금소득, 기타소득 / - 각 소득은 소득세를 납부한 경우에만 인정 / - 「소득세법」 제12조(비과세소득)에 따라 소득세를 납부하지 않아도 되는 소득일 경우 관련 증빙자료 등을 검토하여 인정 여부 결정 / 나. 거주지 /  (원칙) 추천지역 내에서 계속",auto_extracted,0.98
f3e1a43f-f0b1-5113-8c83-8ac62c07f95a,F-2-R,13,requirement,requirement:kiip,사회통합프로그램 이수 단계,,4.0,level,r13_announcement_2026_905fb908,0,40,7,"우 / ⑤ 최근 3년 이내에 3회 이상 범칙금 처분을 받은 경우 / ⑥ 「출입국관리법」 제11조 제1항에서 정한 입국금지 대상자 /  (준법 시민교육) 지역특화형 우수인재 자격변경 및 연장 허가 예정자 중 국내법 위반 사실이 확인된 자(위 품행 단정 요건 결격사유 해당자 제외) / ※ 준법 시민교육 관련 세부사항 및 신청절차【붙임7】참조 / 마. 기본소양 (하나만 구비 하면 족함) /  사회통합프로그램 4단계 이상 이수(사전평가에서 5단계 이상 배정 포함) /  한국어능력시험(TOPIK) 4급 이상 취득 / 바. 고용주 요건 / ❍ (고용가능인원) 내국인 고용인원 규모에 따라 차등적용 / * 최저임금을 충족하는 3개월 이상 고용보험에 가입된 인원 / - (허용인원 산정 기준) 허용계산 값의 소수점 이하는 올림하며, 지역특화 우수인재(F-2-R) 체류자격을 가진 사람만 외국인 고용인원으로 산정",auto_extracted,0.98
86512966-2368-5e8b-a0a7-c9eaa6e0298e,F-2-R,13,requirement,requirement:preassessment,사회통합프로그램 사전평가 배정 단계,,5.0,level,r13_announcement_2026_905fb908,0,40,7,"이상 범칙금 처분을 받은 경우 / ⑥ 「출입국관리법」 제11조 제1항에서 정한 입국금지 대상자 /  (준법 시민교육) 지역특화형 우수인재 자격변경 및 연장 허가 예정자 중 국내법 위반 사실이 확인된 자(위 품행 단정 요건 결격사유 해당자 제외) / ※ 준법 시민교육 관련 세부사항 및 신청절차【붙임7】참조 / 마. 기본소양 (하나만 구비 하면 족함) /  사회통합프로그램 4단계 이상 이수(사전평가에서 5단계 이상 배정 포함) /  한국어능력시험(TOPIK) 4급 이상 취득 / 바. 고용주 요건 / ❍ (고용가능인원) 내국인 고용인원 규모에 따라 차등적용 / * 최저임금을 충족하는 3개월 이상 고용보험에 가입된 인원 / - (허용인원 산정 기준) 허용계산 값의 소수점 이하는 올림하며, 지역특화 우수인재(F-2-R) 체류자격을 가진 사람만 외국인 고용인원으로 산정 / ❍ (세금체납 관련) 고용업",auto_extracted,0.98
67b561d7-b1fe-595b-8740-b5141b569969,F-2-R,13,requirement,requirement:topik,TOPIK 등급,,4.0,grade,r13_announcement_2026_905fb908,0,40,7,"조 제1항에서 정한 입국금지 대상자 /  (준법 시민교육) 지역특화형 우수인재 자격변경 및 연장 허가 예정자 중 국내법 위반 사실이 확인된 자(위 품행 단정 요건 결격사유 해당자 제외) / ※ 준법 시민교육 관련 세부사항 및 신청절차【붙임7】참조 / 마. 기본소양 (하나만 구비 하면 족함) /  사회통합프로그램 4단계 이상 이수(사전평가에서 5단계 이상 배정 포함) /  한국어능력시험(TOPIK) 4급 이상 취득 / 바. 고용주 요건 / ❍ (고용가능인원) 내국인 고용인원 규모에 따라 차등적용 / * 최저임금을 충족하는 3개월 이상 고용보험에 가입된 인원 / - (허용인원 산정 기준) 허용계산 값의 소수점 이하는 올림하며, 지역특화 우수인재(F-2-R) 체류자격을 가진 사람만 외국인 고용인원으로 산정 / ❍ (세금체납 관련) 고용업체에 세금(국세, 지방세) 체납 사실이 없을 것 /  고",auto_extracted,0.98
4fafe5f8-a646-5d21-9809-20224421d132,F-2-R,13,requirement,requirement:employment_start,근로 시작 기한,,3.0,month,r13_announcement_2026_905fb908,0,40,7,"※ 특례 조건 위반 시 체류자격 취소 가능 / ❍ (기간) 허가일로부터 최초 2년은 추천지역에 실거주 / ※ 2년 경과 시 동일 광역지자체 내 다른 인구감소지역으로 이전 가능 / 다. 취업/창업 (두 요건 중 하나만 구비 하면 족함) / 1) 취업 /  (지역) 근무처가 추천지역 내 소재 /  (급여) 근로계약서상 급여 ‘26년도 충청북도 생활임금(연 30,539,916원) 이상 / - 신청일 이후 3개월 이내 근로 시작, 계약기간 1년 이상 유효할 것 / - 고용주와 사용자가 동일하여야 하며 취업알선 업체, 인력파견 업체 등에 소속되어 일당제 또는 파견제 형식의 취업 불가 / - 자격 변경 후 1년 이내 근무처 변경 제한(단, 사업장 휴·폐업, 임금 체불 등*으로 동일 근무처에서 근무가 곤란한 경우에는 “허가조건 변경(근무처 변경)” 심사를 받아 변경이 가능하되, 새로운 근무처에서 다시 1년 동안 원칙적으",auto_extracted,0.98
c7914690-0c53-5239-8d4c-f7f24926a58d,F-2-R,13,requirement,requirement:contract_years,근로계약 최소기간,,1.0,year,r13_announcement_2026_905fb908,0,40,7,"가능 / ❍ (기간) 허가일로부터 최초 2년은 추천지역에 실거주 / ※ 2년 경과 시 동일 광역지자체 내 다른 인구감소지역으로 이전 가능 / 다. 취업/창업 (두 요건 중 하나만 구비 하면 족함) / 1) 취업 /  (지역) 근무처가 추천지역 내 소재 /  (급여) 근로계약서상 급여 ‘26년도 충청북도 생활임금(연 30,539,916원) 이상 / - 신청일 이후 3개월 이내 근로 시작, 계약기간 1년 이상 유효할 것 / - 고용주와 사용자가 동일하여야 하며 취업알선 업체, 인력파견 업체 등에 소속되어 일당제 또는 파견제 형식의 취업 불가 / - 자격 변경 후 1년 이내 근무처 변경 제한(단, 사업장 휴·폐업, 임금 체불 등*으로 동일 근무처에서 근무가 곤란한 경우에는 “허가조건 변경(근무처 변경)” 심사를 받아 변경이 가능하되, 새로운 근무처에서 다시 1년 동안 원칙적으로 근무처 변경 제한)",auto_extracted,0.98
00de8838-524f-5c1f-ac1a-3f7ed6adf065,F-2-R,13,requirement,requirement:investment,창업 총 투자금액,,200000000.0,KRW,r13_announcement_2026_905fb908,0,40,7,"인력파견 업체 등에 소속되어 일당제 또는 파견제 형식의 취업 불가 / - 자격 변경 후 1년 이내 근무처 변경 제한(단, 사업장 휴·폐업, 임금 체불 등*으로 동일 근무처에서 근무가 곤란한 경우에는 “허가조건 변경(근무처 변경)” 심사를 받아 변경이 가능하되, 새로운 근무처에서 다시 1년 동안 원칙적으로 근무처 변경 제한) / 2) 창업 /  (지역) 사업체가 추천지역 내 소재 /  (투자금액) 2억원 이상 / - 국내 형성 자금을 인정하되, 1억원은 해외에서 국내로 반입한 외국 자본*이어야 함 / * 투자자금 도입 및 자본금 사용내역 요건은 법인인 경우 법인에 투자(D-8-1), 개인사업자인 경우 개인사업자(D-9-4) 요건 적용 /  (설립방식) ｢외국인투자촉진법｣에 따른 외국인투자기업(법인)이나 개인사업자 또는 ｢외국환거래법｣ 및 ｢외국환거래규정｣에 따라 외자를 도입하고 사업자등록을 한",auto_extracted,0.98
bb8708ca-473e-5e71-9bd9-f44aac1651ad,F-2-R,13,requirement,requirement:foreign_capital,해외 반입 외국자본,,100000000.0,KRW,r13_announcement_2026_905fb908,0,40,7,"업 불가 / - 자격 변경 후 1년 이내 근무처 변경 제한(단, 사업장 휴·폐업, 임금 체불 등*으로 동일 근무처에서 근무가 곤란한 경우에는 “허가조건 변경(근무처 변경)” 심사를 받아 변경이 가능하되, 새로운 근무처에서 다시 1년 동안 원칙적으로 근무처 변경 제한) / 2) 창업 /  (지역) 사업체가 추천지역 내 소재 /  (투자금액) 2억원 이상 / - 국내 형성 자금을 인정하되, 1억원은 해외에서 국내로 반입한 외국 자본*이어야 함 / * 투자자금 도입 및 자본금 사용내역 요건은 법인인 경우 법인에 투자(D-8-1), 개인사업자인 경우 개인사업자(D-9-4) 요건 적용 /  (설립방식) ｢외국인투자촉진법｣에 따른 외국인투자기업(법인)이나 개인사업자 또는 ｢외국환거래법｣ 및 ｢외국환거래규정｣에 따라 외자를 도입하고 사업자등록을 한 개인사업자 / 3) 유의사항 /  (기간) 허가일 기준 최초 2년은 추천지역",auto_extracted,0.98
ae92bf99-329e-5032-9bfd-f70fce7318fc,F-2-R,13,requirement,requirement:initial_residence,최초 추천지역 실거주기간,,2.0,year,r13_announcement_2026_905fb908,0,40,7,"/ - (제출서류) 임대차계약서, 숙소제공확인서(숙소제공 예정인 경우 숙소제공예정자의 확인 서명 등 필요) 등 실거주 예정임을 확인할 수 있는 서류 / ※ 지자체와 지방출입국‧외국인관서에 동일 서류 제출 / - (참고 사항) 임대차계약서의 계약일부터 전입신고일까지 15일 초과 시 출입국관리법 제36조(체류지 변경의 신고) 위반 / ※ 특례 조건 위반 시 체류자격 취소 가능 / ❍ (기간) 허가일로부터 최초 2년은 추천지역에 실거주 / ※ 2년 경과 시 동일 광역지자체 내 다른 인구감소지역으로 이전 가능 / 다. 취업/창업 (두 요건 중 하나만 구비 하면 족함) / 1) 취업 /  (지역) 근무처가 추천지역 내 소재 /  (급여) 근로계약서상 급여 ‘26년도 충청북도 생활임금(연 30,539,916원) 이상 / - 신청일 이후 3개월 이내 근로 시작, 계약기간 1년 이상 유효할 것 / - 고용주와 사용자가 동일하여",auto_extracted,0.98
432d9010-86f8-5a7d-8fb4-760b89e37fa8,F-2-R,13,requirement,requirement:stay_initial,최초 체류기간 상한,,1.0,year,r13_announcement_2026_905fb908,0,40,7,"따라 10인 이상의 외국인을 초청한 자로서 피초청 외국인 과반수가 불법체류 중인 사람 / ⑦ 신청일부터 최근 1개월간 「출입국관리법」제19조(외국인고용주 신고의무) 또는 제19조의4(유학생 초청기관장의 신고의무)에 의한 신고의무를 2회 이상 게을리하여 과태료를 납부한 날로부터 1개월이 경과하지 아니한 자 / 3. 체류허가 사항 / 가. 체류자격 : F-2-R(지역특화형 우수인재) / 나. 체류기간 : 최대 1년 부여 ※ (연장 시) 최초연장 1년, 이후 최대 2년 내 부여",auto_extracted,0.98
2263eb65-7db4-5d43-ab74-fa7451b52cd0,F-2-R,13,requirement,requirement:stay_later_extension,후속 연장기간 상한,,2.0,year,r13_announcement_2026_905fb908,0,40,7,"가 불법체류 중인 사람 / ⑦ 신청일부터 최근 1개월간 「출입국관리법」제19조(외국인고용주 신고의무) 또는 제19조의4(유학생 초청기관장의 신고의무)에 의한 신고의무를 2회 이상 게을리하여 과태료를 납부한 날로부터 1개월이 경과하지 아니한 자 / 3. 체류허가 사항 / 가. 체류자격 : F-2-R(지역특화형 우수인재) / 나. 체류기간 : 최대 1년 부여 ※ (연장 시) 최초연장 1년, 이후 최대 2년 내 부여",auto_extracted,0.98
5e01888e-a6e2-55be-a6e4-af2dfc43f91f,F-2-R,13,attachment_form,form:지역특화형비자안내문,붙임 서식: 지역특화형 비자 안내문,present,,,r13_attachment_2026_ecddeb48,0,2,,1. 지역특화형 비자 안내문 1부.,auto_extracted,0.98
ecbe66bc-90db-5bdf-935a-d2c97433831f,F-2-R,13,attachment_form,form:지역특화형비자취업제한분야(법무부),붙임 서식: 지역특화형 비자 취업제한 분야(법무부),present,,,r13_attachment_2026_ecddeb48,0,3,,2. 지역특화형 비자 취업제한 분야(법무부) 1부.,auto_extracted,0.98
d897a835-d933-5c1f-8105-c6cc65ba1560,F-2-R,13,attachment_form,form:준법시민교육,붙임 서식: 준법시민교육,present,,,r13_attachment_2026_ecddeb48,0,4,,3. 준법시민교육 1부.,auto_extracted,0.98
4f859519-4927-5682-8e88-237e3b76b383,F-2-R,13,attachment_form,form:출입국관리법시행규칙별표5“사증발급신청등첨부서류”에관한고시,붙임 서식: 출입국관리법시행규칙 별표5 “사증발급신청 등 첨부서류”에 관한 고시,present,,,r13_attachment_2026_ecddeb48,0,5,,4. 출입국관리법시행규칙 별표5 “사증발급신청 등 첨부서류”에 관한 고시 1부.,auto_extracted,0.98
d55e90b7-25e7-57e8-923a-d43d46d1c136,F-2-R,13,attachment_form,form:지역특화형비자사업추천서발급신청서,붙임 서식: 지역특화형 비자사업 추천서 발급 신청서,present,,,r13_attachment_2026_ecddeb48,0,6,,5. 지역특화형 비자사업 추천서 발급 신청서 1부.,auto_extracted,0.98
1a9900b9-49ac-5701-a3e7-3757e81b741f,F-2-R,13,attachment_form,form:거주/숙소제공확인서,붙임 서식: 거주/숙소제공 확인서,present,,,r13_attachment_2026_ecddeb48,0,7,,6. 거주/숙소제공 확인서 1부.,auto_extracted,0.98
ea17cefd-1312-5848-92e3-5b6cdb7631d1,F-2-R,13,attachment_form,form:확약서,붙임 서식: 확 약 서,present,,,r13_attachment_2026_ecddeb48,0,8,,7. 확 약 서 1부.,auto_extracted,0.98
df214061-ed21-546b-baad-d4390c0ad17a,F-2-R,13,attachment_form,form:위임장,붙임 서식: 위 임 장,present,,,r13_attachment_2026_ecddeb48,0,9,,8. 위 임 장 1부.,auto_extracted,0.98
5757a3e0-2dcc-5621-9d4d-21e9763b3bcb,F-2-R,13,attachment_form,form:지역우수인재추천서,붙임 서식: 지역우수인재 추천서,present,,,r13_attachment_2026_ecddeb48,0,10,,9. 지역우수인재 추천서 1부.,auto_extracted,0.98
09470c35-08e9-569f-ab19-eeca1d72c62b,F-2-R,13,attachment_form,form:수령증,붙임 서식: 수 령 증,present,,,r13_attachment_2026_ecddeb48,0,11,,10. 수 령 증 1부.,auto_extracted,0.98
f90315db-997c-5618-83ee-e1cac1538259,F-2-R,13,attachment_form,form:외국인근로자표준근로계약서(예시),붙임 서식: 외국인근로자 표준근로계약서(예시),present,,,r13_attachment_2026_ecddeb48,0,12,,11. 외국인근로자 표준근로계약서(예시) 1부.,auto_extracted,0.98
ecd5be48-064d-5db9-81c0-48941f5d0b67,F-2-R,13,attachment_form,form:관할출입국·외국인사무소비자신청제출서류,붙임 서식: 관할 출입국･외국인사무소 비자 신청 제출서류,present,,,r13_attachment_2026_ecddeb48,0,13,,12. 관할 출입국･외국인사무소 비자 신청 제출서류 1부.,auto_extracted,0.98
1f6dfdc7-618b-5be8-8d39-c587e8f75654,F-2-R,13,attachment_form,form:지역특화형우수인재허가조건변경신청서,붙임 서식: 지역특화형 우수인재 허가조건 변경 신청서,present,,,r13_attachment_2026_ecddeb48,0,14,,13. 지역특화형 우수인재 허가조건 변경 신청서 1부.,auto_extracted,0.98
91f75a83-6410-52e1-a380-4e05e978d4e4,F-2-R,13,attachment_content,attachment:permission_notice_language,허가조건 안내 언어,ko_en,,,r13_attachment_2026_ecddeb48,0,18,1,"| 【 허가조건 】 / Conditions of Permission | | 1. 공통 Common Requirements / ❍ 자격요건(거주지 요건, 취·창업 요건, 소득요건 등)을 계속 유지할 것 / The applicant must continuously satisfy all eligibility requirement, including residence, employment/start-up, and income requirements. / 2.",auto_extracted,0.98
be9ee796-5ee0-5ae5-b3d2-665c8d7d3f4e,F-2-R,12,application,application:start,전체 사업 접수 시작일,2025-03-07,,date,r12_announcement_2026_ab75a6c7,0,12,,❍ 접수기간 : ’25. 3. 7.(금) ~ ’26. 9. 18.(금)까지(상시접수),auto_extracted,0.98
4abdd1a3-f0a4-5059-8327-2ff95bd23970,F-2-R,12,application,application:end,전체 사업 접수 종료일,2026-09-18,,date,r12_announcement_2026_ab75a6c7,0,12,,❍ 접수기간 : ’25. 3. 7.(금) ~ ’26. 9. 18.(금)까지(상시접수),auto_extracted,0.98
8b2c3215-d732-5415-b689-375d67ecc710,F-2-R,12,application,application:total_quota,총 모집인원,,311.0,person,r12_announcement_2026_ab75a6c7,0,12,,❍ 접수기간 : ’25. 3. 7.(금) ~ ’26. 9. 18.(금)까지(상시접수),auto_extracted,0.98
3d7ca1f4-69f5-5c2c-9848-5470ca427071,F-2-R,12,regional_quota,quota:괴산군:allocated,괴산군 배정 인원,,30.0,person,r12_announcement_2026_ab75a6c7,0,,5,괴산 | 30 | 14 | 16,auto_extracted,0.98
e7a2530b-dbac-53c1-8cfa-58696498191a,F-2-R,12,regional_quota,quota:괴산군:recommended,괴산군 기추천 인원,,14.0,person,r12_announcement_2026_ab75a6c7,0,,5,괴산 | 30 | 14 | 16,auto_extracted,0.98
7ba6c823-82af-501d-834f-10c63bf570be,F-2-R,12,regional_quota,quota:괴산군:remaining,괴산군 잔여 인원,,16.0,person,r12_announcement_2026_ab75a6c7,0,,5,괴산 | 30 | 14 | 16,auto_extracted,0.98
483aaeb4-bb05-59dd-98ba-3d890cc06611,F-2-R,12,regional_quota,quota:단양군:allocated,단양군 배정 인원,,36.0,person,r12_announcement_2026_ab75a6c7,0,,5,단양 | 36 | 32 | 4,auto_extracted,0.98
0bc3dca1-2a4d-52c2-a3ac-3589b41539d7,F-2-R,12,regional_quota,quota:단양군:recommended,단양군 기추천 인원,,32.0,person,r12_announcement_2026_ab75a6c7,0,,5,단양 | 36 | 32 | 4,auto_extracted,0.98
8e83a809-3dc8-5272-ad38-6bb6191c49c4,F-2-R,12,regional_quota,quota:단양군:remaining,단양군 잔여 인원,,4.0,person,r12_announcement_2026_ab75a6c7,0,,5,단양 | 36 | 32 | 4,auto_extracted,0.98
3cac4da2-49c2-5cf0-bbc4-d9441ccc750e,F-2-R,12,regional_quota,quota:보은군:allocated,보은군 배정 인원,,60.0,person,r12_announcement_2026_ab75a6c7,0,,5,보은 | 60 | 33 | 27,auto_extracted,0.98
1611d174-3a8e-5f1e-a6ee-e3139c590dce,F-2-R,12,regional_quota,quota:보은군:recommended,보은군 기추천 인원,,33.0,person,r12_announcement_2026_ab75a6c7,0,,5,보은 | 60 | 33 | 27,auto_extracted,0.98
627c71ef-208b-5353-8b4d-fd554b9accd4,F-2-R,12,regional_quota,quota:보은군:remaining,보은군 잔여 인원,,27.0,person,r12_announcement_2026_ab75a6c7,0,,5,보은 | 60 | 33 | 27,auto_extracted,0.98
c2d93e69-762c-5654-810a-e83fa5bb503d,F-2-R,12,regional_quota,quota:영동군:allocated,영동군 배정 인원,,60.0,person,r12_announcement_2026_ab75a6c7,0,,5,영동 | 60 | 9 | 51,auto_extracted,0.98
04b9c6f1-d518-5c77-9c1a-08494a1365d9,F-2-R,12,regional_quota,quota:영동군:recommended,영동군 기추천 인원,,9.0,person,r12_announcement_2026_ab75a6c7,0,,5,영동 | 60 | 9 | 51,auto_extracted,0.98
90583011-1f73-52ec-96b5-70af214abce0,F-2-R,12,regional_quota,quota:영동군:remaining,영동군 잔여 인원,,51.0,person,r12_announcement_2026_ab75a6c7,0,,5,영동 | 60 | 9 | 51,auto_extracted,0.98
e0d675b0-9054-5407-b7ac-a564188a3794,F-2-R,12,regional_quota,quota:옥천군:allocated,옥천군 배정 인원,,50.0,person,r12_announcement_2026_ab75a6c7,0,,5,옥천 | 50 | 15 | 35,auto_extracted,0.98
7df7473d-e850-5195-9edb-c2bfc0941534,F-2-R,12,regional_quota,quota:옥천군:recommended,옥천군 기추천 인원,,15.0,person,r12_announcement_2026_ab75a6c7,0,,5,옥천 | 50 | 15 | 35,auto_extracted,0.98
d7309998-0518-5315-9cda-5de978ebacc1,F-2-R,12,regional_quota,quota:옥천군:remaining,옥천군 잔여 인원,,35.0,person,r12_announcement_2026_ab75a6c7,0,,5,옥천 | 50 | 15 | 35,auto_extracted,0.98
8b7d7a24-d034-5b6b-8f21-a6654319c38a,F-2-R,12,regional_quota,quota:제천시:allocated,제천시 배정 인원,,75.0,person,r12_announcement_2026_ab75a6c7,0,,5,제천 | 75 | 53 | 22,auto_extracted,0.98
168f0fe1-d77e-5fcc-83be-49b8e0488206,F-2-R,12,regional_quota,quota:제천시:recommended,제천시 기추천 인원,,53.0,person,r12_announcement_2026_ab75a6c7,0,,5,제천 | 75 | 53 | 22,auto_extracted,0.98
404dec9b-a487-595b-b909-f383899c1b07,F-2-R,12,regional_quota,quota:제천시:remaining,제천시 잔여 인원,,22.0,person,r12_announcement_2026_ab75a6c7,0,,5,제천 | 75 | 53 | 22,auto_extracted,0.98
43e3221b-af9f-52bd-832d-eab9d72934c2,F-2-R,12,requirement,requirement:income,연간 소득 기준,,30539916.0,KRW/year,r12_announcement_2026_ab75a6c7,0,40,7,"체류기간 연장 시 학위증 등 입증서류를 제출하여야 함 / * 대학 총장 또는 학과장 명의의 문서로서 ①증명서 발급 당시 졸업요건을 모두 갖추었음이 대학 대표자 명의로 확인되고, ②학위 수여 날짜가 확정되어 문서에 기재되어야 함(유학생의 졸업이 취소될 가능성이 없어 졸업 및 그 날짜가 확정적일 것) / 2) 소득 /  (주체) 신청인(본인) 소득만 인정 /  (기준) ΄26년도 충청북도 생활임금(연 30,539,916원) 이상 /  (인정되는 소득) 「소득세법」 제4조제1항에 따른 다음 소득을 합산 / - 이자소득, 배당소득, 사업소득, 근로소득, 연금소득, 기타소득 / - 각 소득은 소득세를 납부한 경우에만 인정 / - 「소득세법」 제12조(비과세소득)에 따라 소득세를 납부하지 않아도 되는 소득일 경우 관련 증빙자료 등을 검토하여 인정 여부 결정 / 나. 거주지 /  (원칙) 추천지역 내에서 계속",auto_extracted,0.98
bb708acb-1db6-5929-89f8-e09f8966179b,F-2-R,12,requirement,requirement:kiip,사회통합프로그램 이수 단계,,4.0,level,r12_announcement_2026_ab75a6c7,0,40,7,"우 / ⑤ 최근 3년 이내에 3회 이상 범칙금 처분을 받은 경우 / ⑥ 「출입국관리법」 제11조 제1항에서 정한 입국금지 대상자 /  (준법 시민교육) 지역특화형 우수인재 자격변경 및 연장 허가 예정자 중 국내법 위반 사실이 확인된 자(위 품행 단정 요건 결격사유 해당자 제외) / ※ 준법 시민교육 관련 세부사항 및 신청절차【붙임7】참조 / 마. 기본소양 (하나만 구비 하면 족함) /  사회통합프로그램 4단계 이상 이수(사전평가에서 5단계 이상 배정 포함) /  한국어능력시험(TOPIK) 4급 이상 취득 / 바. 고용주 요건 / ❍ (고용가능인원) 내국인 고용인원 규모에 따라 차등적용 / * 최저임금을 충족하는 3개월 이상 고용보험에 가입된 인원 / - (허용인원 산정 기준) 허용계산 값의 소수점 이하는 올림하며, 지역특화 우수인재(F-2-R) 체류자격을 가진 사람만 외국인 고용인원으로 산정",auto_extracted,0.98
b257b862-0ef6-53bf-8450-b40bcc98edbd,F-2-R,12,requirement,requirement:preassessment,사회통합프로그램 사전평가 배정 단계,,5.0,level,r12_announcement_2026_ab75a6c7,0,40,7,"이상 범칙금 처분을 받은 경우 / ⑥ 「출입국관리법」 제11조 제1항에서 정한 입국금지 대상자 /  (준법 시민교육) 지역특화형 우수인재 자격변경 및 연장 허가 예정자 중 국내법 위반 사실이 확인된 자(위 품행 단정 요건 결격사유 해당자 제외) / ※ 준법 시민교육 관련 세부사항 및 신청절차【붙임7】참조 / 마. 기본소양 (하나만 구비 하면 족함) /  사회통합프로그램 4단계 이상 이수(사전평가에서 5단계 이상 배정 포함) /  한국어능력시험(TOPIK) 4급 이상 취득 / 바. 고용주 요건 / ❍ (고용가능인원) 내국인 고용인원 규모에 따라 차등적용 / * 최저임금을 충족하는 3개월 이상 고용보험에 가입된 인원 / - (허용인원 산정 기준) 허용계산 값의 소수점 이하는 올림하며, 지역특화 우수인재(F-2-R) 체류자격을 가진 사람만 외국인 고용인원으로 산정 / ❍ (세금체납 관련) 고용업",auto_extracted,0.98
58f5844d-4394-581d-aff7-d32e84b63432,F-2-R,12,requirement,requirement:topik,TOPIK 등급,,4.0,grade,r12_announcement_2026_ab75a6c7,0,40,7,"조 제1항에서 정한 입국금지 대상자 /  (준법 시민교육) 지역특화형 우수인재 자격변경 및 연장 허가 예정자 중 국내법 위반 사실이 확인된 자(위 품행 단정 요건 결격사유 해당자 제외) / ※ 준법 시민교육 관련 세부사항 및 신청절차【붙임7】참조 / 마. 기본소양 (하나만 구비 하면 족함) /  사회통합프로그램 4단계 이상 이수(사전평가에서 5단계 이상 배정 포함) /  한국어능력시험(TOPIK) 4급 이상 취득 / 바. 고용주 요건 / ❍ (고용가능인원) 내국인 고용인원 규모에 따라 차등적용 / * 최저임금을 충족하는 3개월 이상 고용보험에 가입된 인원 / - (허용인원 산정 기준) 허용계산 값의 소수점 이하는 올림하며, 지역특화 우수인재(F-2-R) 체류자격을 가진 사람만 외국인 고용인원으로 산정 / ❍ (세금체납 관련) 고용업체에 세금(국세, 지방세) 체납 사실이 없을 것 /  고",auto_extracted,0.98
14e90eb4-c10d-5bb7-9513-15f7f3a29ada,F-2-R,12,requirement,requirement:employment_start,근로 시작 기한,,3.0,month,r12_announcement_2026_ab75a6c7,0,40,7,"※ 특례 조건 위반 시 체류자격 취소 가능 / ❍ (기간) 허가일로부터 최초 2년은 추천지역에 실거주 / ※ 2년 경과 시 동일 광역지자체 내 다른 인구감소지역으로 이전 가능 / 다. 취업/창업 (두 요건 중 하나만 구비 하면 족함) / 1) 취업 /  (지역) 근무처가 추천지역 내 소재 /  (급여) 근로계약서상 급여 ‘26년도 충청북도 생활임금(연 30,539,916원) 이상 / - 신청일 이후 3개월 이내 근로 시작, 계약기간 1년 이상 유효할 것 / - 고용주와 사용자가 동일하여야 하며 취업알선 업체, 인력파견 업체 등에 소속되어 일당제 또는 파견제 형식의 취업 불가 / - 자격 변경 후 1년 이내 근무처 변경 제한(단, 사업장 휴·폐업, 임금 체불 등*으로 동일 근무처에서 근무가 곤란한 경우에는 “허가조건 변경(근무처 변경)” 심사를 받아 변경이 가능하되, 새로운 근무처에서 다시 1년 동안 원칙적으",auto_extracted,0.98
ac07092f-e393-5cd8-a726-31d15348f5b2,F-2-R,12,requirement,requirement:contract_years,근로계약 최소기간,,1.0,year,r12_announcement_2026_ab75a6c7,0,40,7,"가능 / ❍ (기간) 허가일로부터 최초 2년은 추천지역에 실거주 / ※ 2년 경과 시 동일 광역지자체 내 다른 인구감소지역으로 이전 가능 / 다. 취업/창업 (두 요건 중 하나만 구비 하면 족함) / 1) 취업 /  (지역) 근무처가 추천지역 내 소재 /  (급여) 근로계약서상 급여 ‘26년도 충청북도 생활임금(연 30,539,916원) 이상 / - 신청일 이후 3개월 이내 근로 시작, 계약기간 1년 이상 유효할 것 / - 고용주와 사용자가 동일하여야 하며 취업알선 업체, 인력파견 업체 등에 소속되어 일당제 또는 파견제 형식의 취업 불가 / - 자격 변경 후 1년 이내 근무처 변경 제한(단, 사업장 휴·폐업, 임금 체불 등*으로 동일 근무처에서 근무가 곤란한 경우에는 “허가조건 변경(근무처 변경)” 심사를 받아 변경이 가능하되, 새로운 근무처에서 다시 1년 동안 원칙적으로 근무처 변경 제한)",auto_extracted,0.98
3a7b6d16-e415-5b65-a20b-84d9c2208871,F-2-R,12,requirement,requirement:investment,창업 총 투자금액,,200000000.0,KRW,r12_announcement_2026_ab75a6c7,0,40,7,"인력파견 업체 등에 소속되어 일당제 또는 파견제 형식의 취업 불가 / - 자격 변경 후 1년 이내 근무처 변경 제한(단, 사업장 휴·폐업, 임금 체불 등*으로 동일 근무처에서 근무가 곤란한 경우에는 “허가조건 변경(근무처 변경)” 심사를 받아 변경이 가능하되, 새로운 근무처에서 다시 1년 동안 원칙적으로 근무처 변경 제한) / 2) 창업 /  (지역) 사업체가 추천지역 내 소재 /  (투자금액) 2억원 이상 / - 국내 형성 자금을 인정하되, 1억원은 해외에서 국내로 반입한 외국 자본*이어야 함 / * 투자자금 도입 및 자본금 사용내역 요건은 법인인 경우 법인에 투자(D-8-1), 개인사업자인 경우 개인사업자(D-9-4) 요건 적용 /  (설립방식) ｢외국인투자촉진법｣에 따른 외국인투자기업(법인)이나 개인사업자 또는 ｢외국환거래법｣ 및 ｢외국환거래규정｣에 따라 외자를 도입하고 사업자등록을 한",auto_extracted,0.98
034b9bcb-5fc0-5c74-8110-111db7f15c8d,F-2-R,12,requirement,requirement:foreign_capital,해외 반입 외국자본,,100000000.0,KRW,r12_announcement_2026_ab75a6c7,0,40,7,"업 불가 / - 자격 변경 후 1년 이내 근무처 변경 제한(단, 사업장 휴·폐업, 임금 체불 등*으로 동일 근무처에서 근무가 곤란한 경우에는 “허가조건 변경(근무처 변경)” 심사를 받아 변경이 가능하되, 새로운 근무처에서 다시 1년 동안 원칙적으로 근무처 변경 제한) / 2) 창업 /  (지역) 사업체가 추천지역 내 소재 /  (투자금액) 2억원 이상 / - 국내 형성 자금을 인정하되, 1억원은 해외에서 국내로 반입한 외국 자본*이어야 함 / * 투자자금 도입 및 자본금 사용내역 요건은 법인인 경우 법인에 투자(D-8-1), 개인사업자인 경우 개인사업자(D-9-4) 요건 적용 /  (설립방식) ｢외국인투자촉진법｣에 따른 외국인투자기업(법인)이나 개인사업자 또는 ｢외국환거래법｣ 및 ｢외국환거래규정｣에 따라 외자를 도입하고 사업자등록을 한 개인사업자 / 3) 유의사항 /  (기간) 허가일 기준 최초 2년은 추천지역",auto_extracted,0.98
9d37725a-bc46-5f8d-87f1-0d7219433a55,F-2-R,12,requirement,requirement:initial_residence,최초 추천지역 실거주기간,,2.0,year,r12_announcement_2026_ab75a6c7,0,40,7,"/ - (제출서류) 임대차계약서, 숙소제공확인서(숙소제공 예정인 경우 숙소제공예정자의 확인 서명 등 필요) 등 실거주 예정임을 확인할 수 있는 서류 / ※ 지자체와 지방출입국‧외국인관서에 동일 서류 제출 / - (참고 사항) 임대차계약서의 계약일부터 전입신고일까지 15일 초과 시 출입국관리법 제36조(체류지 변경의 신고) 위반 / ※ 특례 조건 위반 시 체류자격 취소 가능 / ❍ (기간) 허가일로부터 최초 2년은 추천지역에 실거주 / ※ 2년 경과 시 동일 광역지자체 내 다른 인구감소지역으로 이전 가능 / 다. 취업/창업 (두 요건 중 하나만 구비 하면 족함) / 1) 취업 /  (지역) 근무처가 추천지역 내 소재 /  (급여) 근로계약서상 급여 ‘26년도 충청북도 생활임금(연 30,539,916원) 이상 / - 신청일 이후 3개월 이내 근로 시작, 계약기간 1년 이상 유효할 것 / - 고용주와 사용자가 동일하여",auto_extracted,0.98
c6391eb0-f40c-5717-bb3e-c3908d90963d,F-2-R,12,requirement,requirement:stay_initial,최초 체류기간 상한,,1.0,year,r12_announcement_2026_ab75a6c7,0,40,7,"따라 10인 이상의 외국인을 초청한 자로서 피초청 외국인 과반수가 불법체류 중인 사람 / ⑦ 신청일부터 최근 1개월간 「출입국관리법」제19조(외국인고용주 신고의무) 또는 제19조의4(유학생 초청기관장의 신고의무)에 의한 신고의무를 2회 이상 게을리하여 과태료를 납부한 날로부터 1개월이 경과하지 아니한 자 / 3. 체류허가 사항 / 가. 체류자격 : F-2-R(지역특화형 우수인재) / 나. 체류기간 : 최대 1년 부여 ※ (연장 시) 최초연장 1년, 이후 최대 2년 내 부여",auto_extracted,0.98
117142d2-a2dc-5867-8a52-185fdc9906af,F-2-R,12,requirement,requirement:stay_later_extension,후속 연장기간 상한,,2.0,year,r12_announcement_2026_ab75a6c7,0,40,7,"가 불법체류 중인 사람 / ⑦ 신청일부터 최근 1개월간 「출입국관리법」제19조(외국인고용주 신고의무) 또는 제19조의4(유학생 초청기관장의 신고의무)에 의한 신고의무를 2회 이상 게을리하여 과태료를 납부한 날로부터 1개월이 경과하지 아니한 자 / 3. 체류허가 사항 / 가. 체류자격 : F-2-R(지역특화형 우수인재) / 나. 체류기간 : 최대 1년 부여 ※ (연장 시) 최초연장 1년, 이후 최대 2년 내 부여",auto_extracted,0.98
16422ca4-4e96-524b-b999-51649dc72c1d,F-2-R,12,attachment_form,form:지역특화형비자안내문,붙임 서식: 지역특화형 비자 안내문,present,,,r12_attachment_2026_7294555f,0,2,,1. 지역특화형 비자 안내문 1부.,auto_extracted,0.98
cae3f9de-915a-5e38-95c3-2b4e87a77afa,F-2-R,12,attachment_form,form:지역특화형비자취업제한분야(법무부),붙임 서식: 지역특화형 비자 취업제한 분야(법무부),present,,,r12_attachment_2026_7294555f,0,3,,2. 지역특화형 비자 취업제한 분야(법무부) 1부.,auto_extracted,0.98
98f349f0-290d-507e-8364-5c8756a78ec0,F-2-R,12,attachment_form,form:준법시민교육,붙임 서식: 준법시민교육,present,,,r12_attachment_2026_7294555f,0,4,,3. 준법시민교육 1부.,auto_extracted,0.98
d3204e75-7000-551c-ab2c-2236dbd8a44a,F-2-R,12,attachment_form,form:출입국관리법시행규칙별표5“사증발급신청등첨부서류”에관한고시,붙임 서식: 출입국관리법시행규칙 별표5 “사증발급신청 등 첨부서류”에 관한 고시,present,,,r12_attachment_2026_7294555f,0,5,,4. 출입국관리법시행규칙 별표5 “사증발급신청 등 첨부서류”에 관한 고시 1부.,auto_extracted,0.98
87e78c15-0195-5787-81b1-b002618abad9,F-2-R,12,attachment_form,form:지역특화형비자사업추천서발급신청서,붙임 서식: 지역특화형 비자사업 추천서 발급 신청서,present,,,r12_attachment_2026_7294555f,0,6,,5. 지역특화형 비자사업 추천서 발급 신청서 1부.,auto_extracted,0.98
0e48cbc0-e4d8-5810-aa1a-c270e768da5f,F-2-R,12,attachment_form,form:거주/숙소제공확인서,붙임 서식: 거주/숙소제공 확인서,present,,,r12_attachment_2026_7294555f,0,7,,6. 거주/숙소제공 확인서 1부.,auto_extracted,0.98
cf5b577a-8e17-53ae-80f8-0b093a7ef557,F-2-R,12,attachment_form,form:확약서,붙임 서식: 확 약 서,present,,,r12_attachment_2026_7294555f,0,8,,7. 확 약 서 1부.,auto_extracted,0.98
9ca0069a-ef43-5bb3-b54b-5bb211093452,F-2-R,12,attachment_form,form:위임장,붙임 서식: 위 임 장,present,,,r12_attachment_2026_7294555f,0,9,,8. 위 임 장 1부.,auto_extracted,0.98
217661d9-0360-551c-805c-915668839e67,F-2-R,12,attachment_form,form:지역우수인재추천서,붙임 서식: 지역우수인재 추천서,present,,,r12_attachment_2026_7294555f,0,10,,9. 지역우수인재 추천서 1부.,auto_extracted,0.98
77a13724-107f-551f-b4b4-b5b66ac7306f,F-2-R,12,attachment_form,form:수령증,붙임 서식: 수 령 증,present,,,r12_attachment_2026_7294555f,0,11,,10. 수 령 증 1부.,auto_extracted,0.98
f6f5426f-636e-56d7-9f9c-2d9c51c7cb8d,F-2-R,12,attachment_form,form:외국인근로자표준근로계약서(예시),붙임 서식: 외국인근로자 표준근로계약서(예시),present,,,r12_attachment_2026_7294555f,0,12,,11. 외국인근로자 표준근로계약서(예시) 1부.,auto_extracted,0.98
cf739ab2-44e5-5e58-991b-ca235b9ac609,F-2-R,12,attachment_form,form:관할출입국·외국인사무소비자신청제출서류,붙임 서식: 관할 출입국･외국인사무소 비자 신청 제출서류,present,,,r12_attachment_2026_7294555f,0,13,,12. 관할 출입국･외국인사무소 비자 신청 제출서류 1부.,auto_extracted,0.98
e44c5758-1cd0-56c0-b536-74a15d857292,F-2-R,12,attachment_form,form:지역특화형우수인재허가조건변경신청서,붙임 서식: 지역특화형 우수인재 허가조건 변경 신청서,present,,,r12_attachment_2026_7294555f,0,14,,13. 지역특화형 우수인재 허가조건 변경 신청서 1부.,auto_extracted,0.98
078a2bc1-fd42-52d3-a939-5298546bd25b,F-2-R,12,attachment_content,attachment:permission_notice_language,허가조건 안내 언어,ko_en,,,r12_attachment_2026_7294555f,0,18,1,"| 【 허가조건 】 / Conditions of Permission | | 1. 공통 Common Requirements / ❍ 자격요건(거주지 요건, 취·창업 요건, 소득요건 등)을 계속 유지할 것 / The applicant must continuously satisfy all eligibility requirement, including residence, employment/start-up, and income requirements. / 2.",auto_extracted,0.98
ff4f97e1-6eca-59c6-98ea-a4331e86b8a5,F-2-R,11,application,application:start,전체 사업 접수 시작일,2025-03-07,,date,r11_announcement_2026_8a85727c,0,12,,❍ 접수기간 : ’25. 3. 7.(금) ~ ’26. 9. 18.(금)까지(상시접수),auto_extracted,0.98
91b16a57-eb5e-5277-9581-61114cc1ca43,F-2-R,11,application,application:end,전체 사업 접수 종료일,2026-09-18,,date,r11_announcement_2026_8a85727c,0,12,,❍ 접수기간 : ’25. 3. 7.(금) ~ ’26. 9. 18.(금)까지(상시접수),auto_extracted,0.98
fd03c8f1-378d-5468-bb38-1b8df29994aa,F-2-R,11,application,application:total_quota,총 모집인원,,311.0,person,r11_announcement_2026_8a85727c,0,12,,❍ 접수기간 : ’25. 3. 7.(금) ~ ’26. 9. 18.(금)까지(상시접수),auto_extracted,0.98
d2e8621a-858b-5ad0-ac9f-09d73f35717b,F-2-R,11,regional_quota,quota:괴산군:allocated,괴산군 배정 인원,,30.0,person,r11_announcement_2026_8a85727c,0,,5,괴산 | 30 | 9 | 21,auto_extracted,0.98
cee67b07-4898-5307-b5cd-2a21d9f5cbc1,F-2-R,11,regional_quota,quota:괴산군:recommended,괴산군 기추천 인원,,9.0,person,r11_announcement_2026_8a85727c,0,,5,괴산 | 30 | 9 | 21,auto_extracted,0.98
b6577cec-a01d-5eb3-aa3a-5428bfc2ce8a,F-2-R,11,regional_quota,quota:괴산군:remaining,괴산군 잔여 인원,,21.0,person,r11_announcement_2026_8a85727c,0,,5,괴산 | 30 | 9 | 21,auto_extracted,0.98
beb7431e-0c18-5295-a5d9-77be36b1a091,F-2-R,11,regional_quota,quota:단양군:allocated,단양군 배정 인원,,36.0,person,r11_announcement_2026_8a85727c,0,,5,단양 | 36 | 25 | 11,auto_extracted,0.98
8ea89227-eec5-5e20-9f37-977a718c3569,F-2-R,11,regional_quota,quota:단양군:recommended,단양군 기추천 인원,,25.0,person,r11_announcement_2026_8a85727c,0,,5,단양 | 36 | 25 | 11,auto_extracted,0.98
05d96fc3-6c10-5202-9938-70dfe0f36404,F-2-R,11,regional_quota,quota:단양군:remaining,단양군 잔여 인원,,11.0,person,r11_announcement_2026_8a85727c,0,,5,단양 | 36 | 25 | 11,auto_extracted,0.98
8d4ba0e9-241c-550d-a1da-cb62735d696a,F-2-R,11,regional_quota,quota:보은군:allocated,보은군 배정 인원,,60.0,person,r11_announcement_2026_8a85727c,0,,5,보은 | 60 | 26 | 34,auto_extracted,0.98
5454042c-ad01-5da9-a9a6-a102f33672f2,F-2-R,11,regional_quota,quota:보은군:recommended,보은군 기추천 인원,,26.0,person,r11_announcement_2026_8a85727c,0,,5,보은 | 60 | 26 | 34,auto_extracted,0.98
ec2a89a3-ed9d-579e-8d9c-2e6509c37bba,F-2-R,11,regional_quota,quota:보은군:remaining,보은군 잔여 인원,,34.0,person,r11_announcement_2026_8a85727c,0,,5,보은 | 60 | 26 | 34,auto_extracted,0.98
9c24e18c-d4e2-5e94-81ee-1a31279b8bef,F-2-R,11,regional_quota,quota:영동군:allocated,영동군 배정 인원,,60.0,person,r11_announcement_2026_8a85727c,0,,5,영동 | 60 | 5 | 55,auto_extracted,0.98
64d52456-4a19-5a46-8662-29a65c4c3728,F-2-R,11,regional_quota,quota:영동군:recommended,영동군 기추천 인원,,5.0,person,r11_announcement_2026_8a85727c,0,,5,영동 | 60 | 5 | 55,auto_extracted,0.98
4c9f62e4-2fb8-547f-8d25-44e286bf04a7,F-2-R,11,regional_quota,quota:영동군:remaining,영동군 잔여 인원,,55.0,person,r11_announcement_2026_8a85727c,0,,5,영동 | 60 | 5 | 55,auto_extracted,0.98
aea59f77-6976-541f-a73f-0dba03d4236d,F-2-R,11,regional_quota,quota:옥천군:allocated,옥천군 배정 인원,,50.0,person,r11_announcement_2026_8a85727c,0,,5,옥천 | 50 | 12 | 38,auto_extracted,0.98
28d2112b-681f-55e4-8f78-28eb8ce08193,F-2-R,11,regional_quota,quota:옥천군:recommended,옥천군 기추천 인원,,12.0,person,r11_announcement_2026_8a85727c,0,,5,옥천 | 50 | 12 | 38,auto_extracted,0.98
a414bb60-2533-5b5b-bd72-397314b20701,F-2-R,11,regional_quota,quota:옥천군:remaining,옥천군 잔여 인원,,38.0,person,r11_announcement_2026_8a85727c,0,,5,옥천 | 50 | 12 | 38,auto_extracted,0.98
4d8212aa-0f84-54db-bb63-dda69bf137d0,F-2-R,11,regional_quota,quota:제천시:allocated,제천시 배정 인원,,75.0,person,r11_announcement_2026_8a85727c,0,,5,제천 | 75 | 45 | 30,auto_extracted,0.98
b9aaf55f-a541-519a-816e-590afb82416c,F-2-R,11,regional_quota,quota:제천시:recommended,제천시 기추천 인원,,45.0,person,r11_announcement_2026_8a85727c,0,,5,제천 | 75 | 45 | 30,auto_extracted,0.98
fd7e56ca-7361-559b-9301-e50dec36415c,F-2-R,11,regional_quota,quota:제천시:remaining,제천시 잔여 인원,,30.0,person,r11_announcement_2026_8a85727c,0,,5,제천 | 75 | 45 | 30,auto_extracted,0.98
31b415da-ce87-55a2-9577-1fe293fe56e6,F-2-R,11,requirement,requirement:income,연간 소득 기준,,30539916.0,KRW/year,r11_announcement_2026_8a85727c,0,40,7,"체류기간 연장 시 학위증 등 입증서류를 제출하여야 함 / * 대학 총장 또는 학과장 명의의 문서로서 ①증명서 발급 당시 졸업요건을 모두 갖추었음이 대학 대표자 명의로 확인되고, ②학위 수여 날짜가 확정되어 문서에 기재되어야 함(유학생의 졸업이 취소될 가능성이 없어 졸업 및 그 날짜가 확정적일 것) / 2) 소득 /  (주체) 신청인(본인) 소득만 인정 /  (기준) ΄26년도 충청북도 생활임금(연 30,539,916원) 이상 /  (인정되는 소득) 「소득세법」 제4조제1항에 따른 다음 소득을 합산 / - 이자소득, 배당소득, 사업소득, 근로소득, 연금소득, 기타소득 / - 각 소득은 소득세를 납부한 경우에만 인정 / - 「소득세법」 제12조(비과세소득)에 따라 소득세를 납부하지 않아도 되는 소득일 경우 관련 증빙자료 등을 검토하여 인정 여부 결정 / 나. 거주지 /  (원칙) 추천지역 내에서 계속",auto_extracted,0.98
c0f47d1e-ba02-562b-8d4d-29922611511c,F-2-R,11,requirement,requirement:kiip,사회통합프로그램 이수 단계,,4.0,level,r11_announcement_2026_8a85727c,0,40,7,"우 / ⑤ 최근 3년 이내에 3회 이상 범칙금 처분을 받은 경우 / ⑥ 「출입국관리법」 제11조 제1항에서 정한 입국금지 대상자 /  (준법 시민교육) 지역특화형 우수인재 자격변경 및 연장 허가 예정자 중 국내법 위반 사실이 확인된 자(위 품행 단정 요건 결격사유 해당자 제외) / ※ 준법 시민교육 관련 세부사항 및 신청절차【붙임7】참조 / 마. 기본소양 (하나만 구비 하면 족함) /  사회통합프로그램 4단계 이상 이수(사전평가에서 5단계 이상 배정 포함) /  한국어능력시험(TOPIK) 4급 이상 취득 / 바. 고용주 요건 / ❍ (고용가능인원) 내국인 고용인원 규모에 따라 차등적용 / * 최저임금을 충족하는 3개월 이상 고용보험에 가입된 인원 / - (허용인원 산정 기준) 허용계산 값의 소수점 이하는 올림하며, 지역특화 우수인재(F-2-R) 체류자격을 가진 사람만 외국인 고용인원으로 산정",auto_extracted,0.98
da56b97b-0a7a-59b7-b6d2-a939c7766313,F-2-R,11,requirement,requirement:preassessment,사회통합프로그램 사전평가 배정 단계,,5.0,level,r11_announcement_2026_8a85727c,0,40,7,"이상 범칙금 처분을 받은 경우 / ⑥ 「출입국관리법」 제11조 제1항에서 정한 입국금지 대상자 /  (준법 시민교육) 지역특화형 우수인재 자격변경 및 연장 허가 예정자 중 국내법 위반 사실이 확인된 자(위 품행 단정 요건 결격사유 해당자 제외) / ※ 준법 시민교육 관련 세부사항 및 신청절차【붙임7】참조 / 마. 기본소양 (하나만 구비 하면 족함) /  사회통합프로그램 4단계 이상 이수(사전평가에서 5단계 이상 배정 포함) /  한국어능력시험(TOPIK) 4급 이상 취득 / 바. 고용주 요건 / ❍ (고용가능인원) 내국인 고용인원 규모에 따라 차등적용 / * 최저임금을 충족하는 3개월 이상 고용보험에 가입된 인원 / - (허용인원 산정 기준) 허용계산 값의 소수점 이하는 올림하며, 지역특화 우수인재(F-2-R) 체류자격을 가진 사람만 외국인 고용인원으로 산정 / ❍ (세금체납 관련) 고용업",auto_extracted,0.98
45fc7eca-d7f3-5fb6-aacb-4c15422b51b8,F-2-R,11,requirement,requirement:topik,TOPIK 등급,,4.0,grade,r11_announcement_2026_8a85727c,0,40,7,"조 제1항에서 정한 입국금지 대상자 /  (준법 시민교육) 지역특화형 우수인재 자격변경 및 연장 허가 예정자 중 국내법 위반 사실이 확인된 자(위 품행 단정 요건 결격사유 해당자 제외) / ※ 준법 시민교육 관련 세부사항 및 신청절차【붙임7】참조 / 마. 기본소양 (하나만 구비 하면 족함) /  사회통합프로그램 4단계 이상 이수(사전평가에서 5단계 이상 배정 포함) /  한국어능력시험(TOPIK) 4급 이상 취득 / 바. 고용주 요건 / ❍ (고용가능인원) 내국인 고용인원 규모에 따라 차등적용 / * 최저임금을 충족하는 3개월 이상 고용보험에 가입된 인원 / - (허용인원 산정 기준) 허용계산 값의 소수점 이하는 올림하며, 지역특화 우수인재(F-2-R) 체류자격을 가진 사람만 외국인 고용인원으로 산정 / ❍ (세금체납 관련) 고용업체에 세금(국세, 지방세) 체납 사실이 없을 것 /  고",auto_extracted,0.98
0cc678b9-9794-5660-a90f-ea2bbaade01f,F-2-R,11,requirement,requirement:employment_start,근로 시작 기한,,3.0,month,r11_announcement_2026_8a85727c,0,40,7,"※ 특례 조건 위반 시 체류자격 취소 가능 / ❍ (기간) 허가일로부터 최초 2년은 추천지역에 실거주 / ※ 2년 경과 시 동일 광역지자체 내 다른 인구감소지역으로 이전 가능 / 다. 취업/창업 (두 요건 중 하나만 구비 하면 족함) / 1) 취업 /  (지역) 근무처가 추천지역 내 소재 /  (급여) 근로계약서상 급여 ‘26년도 충청북도 생활임금(연 30,539,916원) 이상 / - 신청일 이후 3개월 이내 근로 시작, 계약기간 1년 이상 유효할 것 / - 고용주와 사용자가 동일하여야 하며 취업알선 업체, 인력파견 업체 등에 소속되어 일당제 또는 파견제 형식의 취업 불가 / - 자격 변경 후 1년 이내 근무처 변경 제한(단, 사업장 휴·폐업, 임금 체불 등*으로 동일 근무처에서 근무가 곤란한 경우에는 “허가조건 변경(근무처 변경)” 심사를 받아 변경이 가능하되, 새로운 근무처에서 다시 1년 동안 원칙적으",auto_extracted,0.98
6319e759-1b20-5358-9e65-a035cd1c6044,F-2-R,11,requirement,requirement:contract_years,근로계약 최소기간,,1.0,year,r11_announcement_2026_8a85727c,0,40,7,"가능 / ❍ (기간) 허가일로부터 최초 2년은 추천지역에 실거주 / ※ 2년 경과 시 동일 광역지자체 내 다른 인구감소지역으로 이전 가능 / 다. 취업/창업 (두 요건 중 하나만 구비 하면 족함) / 1) 취업 /  (지역) 근무처가 추천지역 내 소재 /  (급여) 근로계약서상 급여 ‘26년도 충청북도 생활임금(연 30,539,916원) 이상 / - 신청일 이후 3개월 이내 근로 시작, 계약기간 1년 이상 유효할 것 / - 고용주와 사용자가 동일하여야 하며 취업알선 업체, 인력파견 업체 등에 소속되어 일당제 또는 파견제 형식의 취업 불가 / - 자격 변경 후 1년 이내 근무처 변경 제한(단, 사업장 휴·폐업, 임금 체불 등*으로 동일 근무처에서 근무가 곤란한 경우에는 “허가조건 변경(근무처 변경)” 심사를 받아 변경이 가능하되, 새로운 근무처에서 다시 1년 동안 원칙적으로 근무처 변경 제한)",auto_extracted,0.98
4cedf812-ee21-580e-b414-e0c5a0f9741d,F-2-R,11,requirement,requirement:investment,창업 총 투자금액,,200000000.0,KRW,r11_announcement_2026_8a85727c,0,40,7,"인력파견 업체 등에 소속되어 일당제 또는 파견제 형식의 취업 불가 / - 자격 변경 후 1년 이내 근무처 변경 제한(단, 사업장 휴·폐업, 임금 체불 등*으로 동일 근무처에서 근무가 곤란한 경우에는 “허가조건 변경(근무처 변경)” 심사를 받아 변경이 가능하되, 새로운 근무처에서 다시 1년 동안 원칙적으로 근무처 변경 제한) / 2) 창업 /  (지역) 사업체가 추천지역 내 소재 /  (투자금액) 2억원 이상 / - 국내 형성 자금을 인정하되, 1억원은 해외에서 국내로 반입한 외국 자본*이어야 함 / * 투자자금 도입 및 자본금 사용내역 요건은 법인인 경우 법인에 투자(D-8-1), 개인사업자인 경우 개인사업자(D-9-4) 요건 적용 /  (설립방식) ｢외국인투자촉진법｣에 따른 외국인투자기업(법인)이나 개인사업자 또는 ｢외국환거래법｣ 및 ｢외국환거래규정｣에 따라 외자를 도입하고 사업자등록을 한",auto_extracted,0.98
6fd57351-e93d-5ac4-b926-c5f8e591e66e,F-2-R,11,requirement,requirement:foreign_capital,해외 반입 외국자본,,100000000.0,KRW,r11_announcement_2026_8a85727c,0,40,7,"업 불가 / - 자격 변경 후 1년 이내 근무처 변경 제한(단, 사업장 휴·폐업, 임금 체불 등*으로 동일 근무처에서 근무가 곤란한 경우에는 “허가조건 변경(근무처 변경)” 심사를 받아 변경이 가능하되, 새로운 근무처에서 다시 1년 동안 원칙적으로 근무처 변경 제한) / 2) 창업 /  (지역) 사업체가 추천지역 내 소재 /  (투자금액) 2억원 이상 / - 국내 형성 자금을 인정하되, 1억원은 해외에서 국내로 반입한 외국 자본*이어야 함 / * 투자자금 도입 및 자본금 사용내역 요건은 법인인 경우 법인에 투자(D-8-1), 개인사업자인 경우 개인사업자(D-9-4) 요건 적용 /  (설립방식) ｢외국인투자촉진법｣에 따른 외국인투자기업(법인)이나 개인사업자 또는 ｢외국환거래법｣ 및 ｢외국환거래규정｣에 따라 외자를 도입하고 사업자등록을 한 개인사업자 / 3) 유의사항 /  (기간) 허가일 기준 최초 2년은 추천지역",auto_extracted,0.98
21ce8a07-a0d8-5c6d-b528-2a09e4ffa8f0,F-2-R,11,requirement,requirement:initial_residence,최초 추천지역 실거주기간,,2.0,year,r11_announcement_2026_8a85727c,0,40,7,"/ - (제출서류) 임대차계약서, 숙소제공확인서(숙소제공 예정인 경우 숙소제공예정자의 확인 서명 등 필요) 등 실거주 예정임을 확인할 수 있는 서류 / ※ 지자체와 지방출입국‧외국인관서에 동일 서류 제출 / - (참고 사항) 임대차계약서의 계약일부터 전입신고일까지 15일 초과 시 출입국관리법 제36조(체류지 변경의 신고) 위반 / ※ 특례 조건 위반 시 체류자격 취소 가능 / ❍ (기간) 허가일로부터 최초 2년은 추천지역에 실거주 / ※ 2년 경과 시 동일 광역지자체 내 다른 인구감소지역으로 이전 가능 / 다. 취업/창업 (두 요건 중 하나만 구비 하면 족함) / 1) 취업 /  (지역) 근무처가 추천지역 내 소재 /  (급여) 근로계약서상 급여 ‘26년도 충청북도 생활임금(연 30,539,916원) 이상 / - 신청일 이후 3개월 이내 근로 시작, 계약기간 1년 이상 유효할 것 / - 고용주와 사용자가 동일하여",auto_extracted,0.98
92a1e022-e1fc-59fd-9035-8deb63688f69,F-2-R,11,requirement,requirement:stay_initial,최초 체류기간 상한,,1.0,year,r11_announcement_2026_8a85727c,0,40,7,"따라 10인 이상의 외국인을 초청한 자로서 피초청 외국인 과반수가 불법체류 중인 사람 / ⑦ 신청일부터 최근 1개월간 「출입국관리법」제19조(외국인고용주 신고의무) 또는 제19조의4(유학생 초청기관장의 신고의무)에 의한 신고의무를 2회 이상 게을리하여 과태료를 납부한 날로부터 1개월이 경과하지 아니한 자 / 3. 체류허가 사항 / 가. 체류자격 : F-2-R(지역특화형 우수인재) / 나. 체류기간 : 최대 1년 부여 ※ (연장 시) 최초연장 1년, 이후 최대 2년 내 부여",auto_extracted,0.98
b1621470-d799-5141-99a9-adbe4def4646,F-2-R,11,requirement,requirement:stay_later_extension,후속 연장기간 상한,,2.0,year,r11_announcement_2026_8a85727c,0,40,7,"가 불법체류 중인 사람 / ⑦ 신청일부터 최근 1개월간 「출입국관리법」제19조(외국인고용주 신고의무) 또는 제19조의4(유학생 초청기관장의 신고의무)에 의한 신고의무를 2회 이상 게을리하여 과태료를 납부한 날로부터 1개월이 경과하지 아니한 자 / 3. 체류허가 사항 / 가. 체류자격 : F-2-R(지역특화형 우수인재) / 나. 체류기간 : 최대 1년 부여 ※ (연장 시) 최초연장 1년, 이후 최대 2년 내 부여",auto_extracted,0.98
a2c298d2-0a6e-59e6-acdf-ba2b88445978,F-2-R,11,attachment_form,form:지역특화형비자안내문,붙임 서식: 지역특화형 비자 안내문,present,,,r11_attachment_2026_6542ddcd,0,2,,1. 지역특화형 비자 안내문 1부.,auto_extracted,0.98
38e1df7c-5ad1-5d6d-b926-e52448aeccf9,F-2-R,11,attachment_form,form:지역특화형비자취업제한분야(법무부),붙임 서식: 지역특화형 비자 취업제한 분야(법무부),present,,,r11_attachment_2026_6542ddcd,0,3,,2. 지역특화형 비자 취업제한 분야(법무부) 1부.,auto_extracted,0.98
e9d448c0-caff-5e69-a494-d54031a3b419,F-2-R,11,attachment_form,form:준법시민교육,붙임 서식: 준법시민교육,present,,,r11_attachment_2026_6542ddcd,0,4,,3. 준법시민교육 1부.,auto_extracted,0.98
4cfb63aa-fc78-5691-9198-5d787f32f984,F-2-R,11,attachment_form,form:출입국관리법시행규칙별표5“사증발급신청등첨부서류”에관한고시,붙임 서식: 출입국관리법시행규칙 별표5 “사증발급신청 등 첨부서류”에 관한 고시,present,,,r11_attachment_2026_6542ddcd,0,5,,4. 출입국관리법시행규칙 별표5 “사증발급신청 등 첨부서류”에 관한 고시 1부.,auto_extracted,0.98
2a908edd-d24e-52b6-9e1d-15fe21ed3259,F-2-R,11,attachment_form,form:지역특화형비자사업추천서발급신청서,붙임 서식: 지역특화형 비자사업 추천서 발급 신청서,present,,,r11_attachment_2026_6542ddcd,0,6,,5. 지역특화형 비자사업 추천서 발급 신청서 1부.,auto_extracted,0.98
718530e0-30d3-52de-b096-2c7b14027ef3,F-2-R,11,attachment_form,form:지역특화형비자지역우수인재자체심사표,붙임 서식: 지역특화형 비자 지역우수인재 자체 심사표,present,,,r11_attachment_2026_6542ddcd,0,7,,6. 지역특화형 비자 지역우수인재 자체 심사표 1부.,auto_extracted,0.98
c2edf911-b7e7-5c71-9908-0b8a2d7b29b5,F-2-R,11,attachment_form,form:거주/숙소제공확인서,붙임 서식: 거주/숙소제공 확인서,present,,,r11_attachment_2026_6542ddcd,0,8,,7. 거주/숙소제공 확인서 1부.,auto_extracted,0.98
f36ad161-36af-5dcb-aca5-62d15ec4b6cf,F-2-R,11,attachment_form,form:확약서,붙임 서식: 확 약 서,present,,,r11_attachment_2026_6542ddcd,0,9,,8. 확 약 서 1부.,auto_extracted,0.98
d90b2fc4-81c3-5ed7-a78f-c9a3d471a9f1,F-2-R,11,attachment_form,form:위임장,붙임 서식: 위 임 장,present,,,r11_attachment_2026_6542ddcd,0,10,,9. 위 임 장 1부.,auto_extracted,0.98
d4fb636f-c784-5011-916e-8be61e06d70b,F-2-R,11,attachment_form,form:지역우수인재추천서,붙임 서식: 지역우수인재 추천서,present,,,r11_attachment_2026_6542ddcd,0,11,,10. 지역우수인재 추천서 1부.,auto_extracted,0.98
6600210f-b698-5ae0-b53a-94ce1037af30,F-2-R,11,attachment_form,form:수령증,붙임 서식: 수 령 증,present,,,r11_attachment_2026_6542ddcd,0,12,,11. 수 령 증 1부.,auto_extracted,0.98
1459842d-9287-5450-9949-744e804017f1,F-2-R,11,attachment_form,form:외국인근로자표준근로계약서(예시),붙임 서식: 외국인근로자 표준근로계약서(예시),present,,,r11_attachment_2026_6542ddcd,0,13,,12. 외국인근로자 표준근로계약서(예시) 1부.,auto_extracted,0.98
15006bc8-6eaa-5be7-a14d-3311375940d1,F-2-R,11,attachment_form,form:관할출입국·외국인사무소비자신청제출서류,붙임 서식: 관할 출입국･외국인사무소 비자 신청 제출서류,present,,,r11_attachment_2026_6542ddcd,0,14,,13. 관할 출입국･외국인사무소 비자 신청 제출서류 1부.,auto_extracted,0.98
3aba4eb0-ce46-50c6-b6c5-3b085b793049,F-2-R,11,attachment_form,form:지역특화형우수인재허가조건변경신청서,붙임 서식: 지역특화형 우수인재 허가조건 변경 신청서,present,,,r11_attachment_2026_6542ddcd,0,15,,14. 지역특화형 우수인재 허가조건 변경 신청서 1부.,auto_extracted,0.98
c17102da-9b2b-5c02-8bc5-69306defe19f,F-2-R,11,attachment_content,attachment:permission_notice_language,허가조건 안내 언어,ko_en,,,r11_attachment_2026_6542ddcd,0,19,1,"| 【 허가조건 】 / Conditions of Permission | | 1. 공통 Common Requirements / ❍ 자격요건(거주지 요건, 취·창업 요건, 소득요건 등)을 계속 유지할 것 / The applicant must continuously satisfy all eligibility requirement, including residence, employment/start-up, and income requirements. / 2.",auto_extracted,0.98
867d2d76-0576-534f-aecd-18d8e9723083,F-2-R,10,application,application:start,전체 사업 접수 시작일,2025-03-07,,date,r10_announcement_2026_81bfb577,0,12,,❍ 접수기간 : ’25. 3. 7.(금) ~ ’26. 9. 18.(금)까지(상시접수),auto_extracted,0.98
9fd28969-660c-51ff-acf6-880caf91c39f,F-2-R,10,application,application:end,전체 사업 접수 종료일,2026-09-18,,date,r10_announcement_2026_81bfb577,0,12,,❍ 접수기간 : ’25. 3. 7.(금) ~ ’26. 9. 18.(금)까지(상시접수),auto_extracted,0.98
8166c210-caf4-535c-89cc-bd438f8e5b58,F-2-R,10,application,application:total_quota,총 모집인원,,311.0,person,r10_announcement_2026_81bfb577,0,12,,❍ 접수기간 : ’25. 3. 7.(금) ~ ’26. 9. 18.(금)까지(상시접수),auto_extracted,0.98
39785367-2b2a-5106-8c2d-01a9eaf2813a,F-2-R,10,regional_quota,quota:괴산군:allocated,괴산군 배정 인원,,30.0,person,r10_announcement_2026_81bfb577,0,,5,괴산 | 30 | 7 | 23,auto_extracted,0.98
1dfb6331-7ad9-5305-a72b-7b3a5173e657,F-2-R,10,regional_quota,quota:괴산군:recommended,괴산군 기추천 인원,,7.0,person,r10_announcement_2026_81bfb577,0,,5,괴산 | 30 | 7 | 23,auto_extracted,0.98
35070603-e56c-5ed0-8c18-c3ff9f7c5bbc,F-2-R,10,regional_quota,quota:괴산군:remaining,괴산군 잔여 인원,,23.0,person,r10_announcement_2026_81bfb577,0,,5,괴산 | 30 | 7 | 23,auto_extracted,0.98
5ba2df70-8ee1-5013-b105-87181cda5c9d,F-2-R,10,regional_quota,quota:단양군:allocated,단양군 배정 인원,,36.0,person,r10_announcement_2026_81bfb577,0,,5,단양 | 36 | 23 | 13,auto_extracted,0.98
b993311c-8a09-5a37-9740-1ca270c759f0,F-2-R,10,regional_quota,quota:단양군:recommended,단양군 기추천 인원,,23.0,person,r10_announcement_2026_81bfb577,0,,5,단양 | 36 | 23 | 13,auto_extracted,0.98
f03a124e-bace-55fb-b453-f571d0013dd8,F-2-R,10,regional_quota,quota:단양군:remaining,단양군 잔여 인원,,13.0,person,r10_announcement_2026_81bfb577,0,,5,단양 | 36 | 23 | 13,auto_extracted,0.98
4f24eb78-1d3e-5055-9f5e-8b7f4fcd321e,F-2-R,10,regional_quota,quota:보은군:allocated,보은군 배정 인원,,60.0,person,r10_announcement_2026_81bfb577,0,,5,보은 | 60 | 26 | 34,auto_extracted,0.98
a5fd4404-d5bc-54e2-85ef-574cc71418d0,F-2-R,10,regional_quota,quota:보은군:recommended,보은군 기추천 인원,,26.0,person,r10_announcement_2026_81bfb577,0,,5,보은 | 60 | 26 | 34,auto_extracted,0.98
7aa45ac0-ad86-5fe8-ab90-baebb2770f4b,F-2-R,10,regional_quota,quota:보은군:remaining,보은군 잔여 인원,,34.0,person,r10_announcement_2026_81bfb577,0,,5,보은 | 60 | 26 | 34,auto_extracted,0.98
88d4f996-8bcc-5ac5-9ed3-147565523d32,F-2-R,10,regional_quota,quota:영동군:allocated,영동군 배정 인원,,60.0,person,r10_announcement_2026_81bfb577,0,,5,영동 | 60 | 5 | 55,auto_extracted,0.98
54748ad6-883f-5105-9118-d7da79049bca,F-2-R,10,regional_quota,quota:영동군:recommended,영동군 기추천 인원,,5.0,person,r10_announcement_2026_81bfb577,0,,5,영동 | 60 | 5 | 55,auto_extracted,0.98
761910af-e3ea-5b1c-80a1-77067fcd29f3,F-2-R,10,regional_quota,quota:영동군:remaining,영동군 잔여 인원,,55.0,person,r10_announcement_2026_81bfb577,0,,5,영동 | 60 | 5 | 55,auto_extracted,0.98
e76374b8-7a75-5e66-b9d8-359992a9c9d8,F-2-R,10,regional_quota,quota:옥천군:allocated,옥천군 배정 인원,,50.0,person,r10_announcement_2026_81bfb577,0,,5,옥천 | 50 | 12 | 38,auto_extracted,0.98
29e0cab7-9491-5011-8c1a-84ce7c410249,F-2-R,10,regional_quota,quota:옥천군:recommended,옥천군 기추천 인원,,12.0,person,r10_announcement_2026_81bfb577,0,,5,옥천 | 50 | 12 | 38,auto_extracted,0.98
7916416d-2657-57d8-93b4-0dc357bfde38,F-2-R,10,regional_quota,quota:옥천군:remaining,옥천군 잔여 인원,,38.0,person,r10_announcement_2026_81bfb577,0,,5,옥천 | 50 | 12 | 38,auto_extracted,0.98
2195974d-fd48-5670-8e0c-552f3e2b2b90,F-2-R,10,regional_quota,quota:제천시:allocated,제천시 배정 인원,,75.0,person,r10_announcement_2026_81bfb577,0,,5,제천 | 75 | 43 | 32,auto_extracted,0.98
f154037c-e6d0-5bbb-8633-2113162c8990,F-2-R,10,regional_quota,quota:제천시:recommended,제천시 기추천 인원,,43.0,person,r10_announcement_2026_81bfb577,0,,5,제천 | 75 | 43 | 32,auto_extracted,0.98
83708ca1-1e8a-57fb-8b54-ddfb986f297a,F-2-R,10,regional_quota,quota:제천시:remaining,제천시 잔여 인원,,32.0,person,r10_announcement_2026_81bfb577,0,,5,제천 | 75 | 43 | 32,auto_extracted,0.98
93e3f5ea-dcba-594a-8383-46a568a9d576,F-2-R,10,requirement,requirement:income,연간 소득 기준,,30539916.0,KRW/year,r10_announcement_2026_81bfb577,0,40,7,"체류기간 연장 시 학위증 등 입증서류를 제출하여야 함 / * 대학 총장 또는 학과장 명의의 문서로서 ①증명서 발급 당시 졸업요건을 모두 갖추었음이 대학 대표자 명의로 확인되고, ②학위 수여 날짜가 확정되어 문서에 기재되어야 함(유학생의 졸업이 취소될 가능성이 없어 졸업 및 그 날짜가 확정적일 것) / 2) 소득 /  (주체) 신청인(본인) 소득만 인정 /  (기준) ΄26년도 충청북도 생활임금(연 30,539,916원) 이상 /  (인정되는 소득) 「소득세법」 제4조제1항에 따른 다음 소득을 합산 / - 이자소득, 배당소득, 사업소득, 근로소득, 연금소득, 기타소득 / - 각 소득은 소득세를 납부한 경우에만 인정 / - 「소득세법」 제12조(비과세소득)에 따라 소득세를 납부하지 않아도 되는 소득일 경우 관련 증빙자료 등을 검토하여 인정 여부 결정 / 나. 거주지 /  (원칙) 추천지역 내에서 계속",auto_extracted,0.98
e538b1f5-ace0-544e-a9b6-580ff4e9cadc,F-2-R,10,requirement,requirement:kiip,사회통합프로그램 이수 단계,,4.0,level,r10_announcement_2026_81bfb577,0,40,7,"우 / ⑤ 최근 3년 이내에 3회 이상 범칙금 처분을 받은 경우 / ⑥ 「출입국관리법」 제11조 제1항에서 정한 입국금지 대상자 /  (준법 시민교육) 지역특화형 우수인재 자격변경 및 연장 허가 예정자 중 국내법 위반 사실이 확인된 자(위 품행 단정 요건 결격사유 해당자 제외) / ※ 준법 시민교육 관련 세부사항 및 신청절차【붙임7】참조 / 마. 기본소양 (하나만 구비 하면 족함) /  사회통합프로그램 4단계 이상 이수(사전평가에서 5단계 이상 배정 포함) /  한국어능력시험(TOPIK) 4급 이상 취득 / 바. 고용주 요건 / ❍ (고용가능인원) 내국인 고용인원 규모에 따라 차등적용 / * 최저임금을 충족하는 3개월 이상 고용보험에 가입된 인원 / - (허용인원 산정 기준) 허용계산 값의 소수점 이하는 올림하며, 지역특화 우수인재(F-2-R) 체류자격을 가진 사람만 외국인 고용인원으로 산정",auto_extracted,0.98
e488d821-3c2c-5a21-aa43-d7ca44fceb44,F-2-R,10,requirement,requirement:preassessment,사회통합프로그램 사전평가 배정 단계,,5.0,level,r10_announcement_2026_81bfb577,0,40,7,"이상 범칙금 처분을 받은 경우 / ⑥ 「출입국관리법」 제11조 제1항에서 정한 입국금지 대상자 /  (준법 시민교육) 지역특화형 우수인재 자격변경 및 연장 허가 예정자 중 국내법 위반 사실이 확인된 자(위 품행 단정 요건 결격사유 해당자 제외) / ※ 준법 시민교육 관련 세부사항 및 신청절차【붙임7】참조 / 마. 기본소양 (하나만 구비 하면 족함) /  사회통합프로그램 4단계 이상 이수(사전평가에서 5단계 이상 배정 포함) /  한국어능력시험(TOPIK) 4급 이상 취득 / 바. 고용주 요건 / ❍ (고용가능인원) 내국인 고용인원 규모에 따라 차등적용 / * 최저임금을 충족하는 3개월 이상 고용보험에 가입된 인원 / - (허용인원 산정 기준) 허용계산 값의 소수점 이하는 올림하며, 지역특화 우수인재(F-2-R) 체류자격을 가진 사람만 외국인 고용인원으로 산정 / ❍ (세금체납 관련) 고용업",auto_extracted,0.98
25c6c328-b517-5ca5-a715-a77a868075f8,F-2-R,10,requirement,requirement:topik,TOPIK 등급,,4.0,grade,r10_announcement_2026_81bfb577,0,40,7,"조 제1항에서 정한 입국금지 대상자 /  (준법 시민교육) 지역특화형 우수인재 자격변경 및 연장 허가 예정자 중 국내법 위반 사실이 확인된 자(위 품행 단정 요건 결격사유 해당자 제외) / ※ 준법 시민교육 관련 세부사항 및 신청절차【붙임7】참조 / 마. 기본소양 (하나만 구비 하면 족함) /  사회통합프로그램 4단계 이상 이수(사전평가에서 5단계 이상 배정 포함) /  한국어능력시험(TOPIK) 4급 이상 취득 / 바. 고용주 요건 / ❍ (고용가능인원) 내국인 고용인원 규모에 따라 차등적용 / * 최저임금을 충족하는 3개월 이상 고용보험에 가입된 인원 / - (허용인원 산정 기준) 허용계산 값의 소수점 이하는 올림하며, 지역특화 우수인재(F-2-R) 체류자격을 가진 사람만 외국인 고용인원으로 산정 / ❍ (세금체납 관련) 고용업체에 세금(국세, 지방세) 체납 사실이 없을 것 /  고",auto_extracted,0.98
d916471a-8482-5e76-a60a-2cddc4661e39,F-2-R,10,requirement,requirement:employment_start,근로 시작 기한,,3.0,month,r10_announcement_2026_81bfb577,0,40,7,"※ 특례 조건 위반 시 체류자격 취소 가능 / ❍ (기간) 허가일로부터 최초 2년은 추천지역에 실거주 / ※ 2년 경과 시 동일 광역지자체 내 다른 인구감소지역으로 이전 가능 / 다. 취업/창업 (두 요건 중 하나만 구비 하면 족함) / 1) 취업 /  (지역) 근무처가 추천지역 내 소재 /  (급여) 근로계약서상 급여 ‘26년도 충청북도 생활임금(연 30,539,916원) 이상 / - 신청일 이후 3개월 이내 근로 시작, 계약기간 1년 이상 유효할 것 / - 고용주와 사용자가 동일하여야 하며 취업알선 업체, 인력파견 업체 등에 소속되어 일당제 또는 파견제 형식의 취업 불가 / - 자격 변경 후 1년 이내 근무처 변경 제한(단, 사업장 휴·폐업, 임금 체불 등*으로 동일 근무처에서 근무가 곤란한 경우에는 “허가조건 변경(근무처 변경)” 심사를 받아 변경이 가능하되, 새로운 근무처에서 다시 1년 동안 원칙적으",auto_extracted,0.98
a620a92a-eb9d-5432-9e10-7cd19abad331,F-2-R,10,requirement,requirement:contract_years,근로계약 최소기간,,1.0,year,r10_announcement_2026_81bfb577,0,40,7,"가능 / ❍ (기간) 허가일로부터 최초 2년은 추천지역에 실거주 / ※ 2년 경과 시 동일 광역지자체 내 다른 인구감소지역으로 이전 가능 / 다. 취업/창업 (두 요건 중 하나만 구비 하면 족함) / 1) 취업 /  (지역) 근무처가 추천지역 내 소재 /  (급여) 근로계약서상 급여 ‘26년도 충청북도 생활임금(연 30,539,916원) 이상 / - 신청일 이후 3개월 이내 근로 시작, 계약기간 1년 이상 유효할 것 / - 고용주와 사용자가 동일하여야 하며 취업알선 업체, 인력파견 업체 등에 소속되어 일당제 또는 파견제 형식의 취업 불가 / - 자격 변경 후 1년 이내 근무처 변경 제한(단, 사업장 휴·폐업, 임금 체불 등*으로 동일 근무처에서 근무가 곤란한 경우에는 “허가조건 변경(근무처 변경)” 심사를 받아 변경이 가능하되, 새로운 근무처에서 다시 1년 동안 원칙적으로 근무처 변경 제한)",auto_extracted,0.98
5313e0c9-f027-5ede-8ef6-4f8b7f06cf23,F-2-R,10,requirement,requirement:investment,창업 총 투자금액,,200000000.0,KRW,r10_announcement_2026_81bfb577,0,40,7,"인력파견 업체 등에 소속되어 일당제 또는 파견제 형식의 취업 불가 / - 자격 변경 후 1년 이내 근무처 변경 제한(단, 사업장 휴·폐업, 임금 체불 등*으로 동일 근무처에서 근무가 곤란한 경우에는 “허가조건 변경(근무처 변경)” 심사를 받아 변경이 가능하되, 새로운 근무처에서 다시 1년 동안 원칙적으로 근무처 변경 제한) / 2) 창업 /  (지역) 사업체가 추천지역 내 소재 /  (투자금액) 2억원 이상 / - 국내 형성 자금을 인정하되, 1억원은 해외에서 국내로 반입한 외국 자본*이어야 함 / * 투자자금 도입 및 자본금 사용내역 요건은 법인인 경우 법인에 투자(D-8-1), 개인사업자인 경우 개인사업자(D-9-4) 요건 적용 /  (설립방식) ｢외국인투자촉진법｣에 따른 외국인투자기업(법인)이나 개인사업자 또는 ｢외국환거래법｣ 및 ｢외국환거래규정｣에 따라 외자를 도입하고 사업자등록을 한",auto_extracted,0.98
f7538fc1-cdfa-51da-9b78-10fd1138fe68,F-2-R,10,requirement,requirement:foreign_capital,해외 반입 외국자본,,100000000.0,KRW,r10_announcement_2026_81bfb577,0,40,7,"업 불가 / - 자격 변경 후 1년 이내 근무처 변경 제한(단, 사업장 휴·폐업, 임금 체불 등*으로 동일 근무처에서 근무가 곤란한 경우에는 “허가조건 변경(근무처 변경)” 심사를 받아 변경이 가능하되, 새로운 근무처에서 다시 1년 동안 원칙적으로 근무처 변경 제한) / 2) 창업 /  (지역) 사업체가 추천지역 내 소재 /  (투자금액) 2억원 이상 / - 국내 형성 자금을 인정하되, 1억원은 해외에서 국내로 반입한 외국 자본*이어야 함 / * 투자자금 도입 및 자본금 사용내역 요건은 법인인 경우 법인에 투자(D-8-1), 개인사업자인 경우 개인사업자(D-9-4) 요건 적용 /  (설립방식) ｢외국인투자촉진법｣에 따른 외국인투자기업(법인)이나 개인사업자 또는 ｢외국환거래법｣ 및 ｢외국환거래규정｣에 따라 외자를 도입하고 사업자등록을 한 개인사업자 / 3) 유의사항 /  (기간) 허가일 기준 최초 2년은 추천지역",auto_extracted,0.98
18307172-d026-5a72-82eb-aa167404adef,F-2-R,10,requirement,requirement:initial_residence,최초 추천지역 실거주기간,,2.0,year,r10_announcement_2026_81bfb577,0,40,7,"/ - (제출서류) 임대차계약서, 숙소제공확인서(숙소제공 예정인 경우 숙소제공예정자의 확인 서명 등 필요) 등 실거주 예정임을 확인할 수 있는 서류 / ※ 지자체와 지방출입국‧외국인관서에 동일 서류 제출 / - (참고 사항) 임대차계약서의 계약일부터 전입신고일까지 15일 초과 시 출입국관리법 제36조(체류지 변경의 신고) 위반 / ※ 특례 조건 위반 시 체류자격 취소 가능 / ❍ (기간) 허가일로부터 최초 2년은 추천지역에 실거주 / ※ 2년 경과 시 동일 광역지자체 내 다른 인구감소지역으로 이전 가능 / 다. 취업/창업 (두 요건 중 하나만 구비 하면 족함) / 1) 취업 /  (지역) 근무처가 추천지역 내 소재 /  (급여) 근로계약서상 급여 ‘26년도 충청북도 생활임금(연 30,539,916원) 이상 / - 신청일 이후 3개월 이내 근로 시작, 계약기간 1년 이상 유효할 것 / - 고용주와 사용자가 동일하여",auto_extracted,0.98
401bacca-b583-5719-8a19-248a9fe18f48,F-2-R,10,requirement,requirement:stay_initial,최초 체류기간 상한,,1.0,year,r10_announcement_2026_81bfb577,0,40,7,"따라 10인 이상의 외국인을 초청한 자로서 피초청 외국인 과반수가 불법체류 중인 사람 / ⑦ 신청일부터 최근 1개월간 「출입국관리법」제19조(외국인고용주 신고의무) 또는 제19조의4(유학생 초청기관장의 신고의무)에 의한 신고의무를 2회 이상 게을리하여 과태료를 납부한 날로부터 1개월이 경과하지 아니한 자 / 3. 체류허가 사항 / 가. 체류자격 : F-2-R(지역특화형 우수인재) / 나. 체류기간 : 최대 1년 부여 ※ (연장 시) 최초연장 1년, 이후 최대 2년 내 부여",auto_extracted,0.98
36acb404-a3d0-5688-8242-63bdb43669b4,F-2-R,10,requirement,requirement:stay_later_extension,후속 연장기간 상한,,2.0,year,r10_announcement_2026_81bfb577,0,40,7,"가 불법체류 중인 사람 / ⑦ 신청일부터 최근 1개월간 「출입국관리법」제19조(외국인고용주 신고의무) 또는 제19조의4(유학생 초청기관장의 신고의무)에 의한 신고의무를 2회 이상 게을리하여 과태료를 납부한 날로부터 1개월이 경과하지 아니한 자 / 3. 체류허가 사항 / 가. 체류자격 : F-2-R(지역특화형 우수인재) / 나. 체류기간 : 최대 1년 부여 ※ (연장 시) 최초연장 1년, 이후 최대 2년 내 부여",auto_extracted,0.98
3180a9a2-209c-5809-ae3c-ae5fbd1fb604,F-2-R,10,attachment_form,form:지역특화형비자안내문,붙임 서식: 지역특화형 비자 안내문,present,,,r10_attachment_2025~2026_9c4cb7e5,0,2,,1. 지역특화형 비자 안내문 1부.,auto_extracted,0.98
06e924e9-1495-5089-acfc-14841807d730,F-2-R,10,attachment_form,form:지역특화형비자취업제한분야(법무부),붙임 서식: 지역특화형 비자 취업제한 분야(법무부),present,,,r10_attachment_2025~2026_9c4cb7e5,0,3,,2. 지역특화형 비자 취업제한 분야(법무부) 1부.,auto_extracted,0.98
a0158c07-d768-5b30-a16d-d04ab7c3b858,F-2-R,10,attachment_form,form:준법시민교육,붙임 서식: 준법시민교육,present,,,r10_attachment_2025~2026_9c4cb7e5,0,4,,3. 준법시민교육 1부.,auto_extracted,0.98
0030d1e9-1c5f-5eca-b508-0d178e63b45f,F-2-R,10,attachment_form,form:출입국관리법시행규칙별표5“사증발급신청등첨부서류”에관한고시,붙임 서식: 출입국관리법시행규칙 별표5 “사증발급신청 등 첨부서류”에 관한 고시,present,,,r10_attachment_2025~2026_9c4cb7e5,0,5,,4. 출입국관리법시행규칙 별표5 “사증발급신청 등 첨부서류”에 관한 고시 1부.,auto_extracted,0.98
2c675102-4d44-575d-b74f-d586622e0c98,F-2-R,10,attachment_form,form:지역특화형비자사업추천서발급신청서,붙임 서식: 지역특화형 비자사업 추천서 발급 신청서,present,,,r10_attachment_2025~2026_9c4cb7e5,0,6,,5. 지역특화형 비자사업 추천서 발급 신청서 1부.,auto_extracted,0.98
cfc41089-eb64-5478-a728-4bfcb0877aaa,F-2-R,10,attachment_form,form:지역특화형비자지역우수인재자체심사표,붙임 서식: 지역특화형 비자 지역우수인재 자체 심사표,present,,,r10_attachment_2025~2026_9c4cb7e5,0,7,,6. 지역특화형 비자 지역우수인재 자체 심사표 1부.,auto_extracted,0.98
52e45723-9244-5289-8c96-5eb2e3e96f6c,F-2-R,10,attachment_form,form:거주/숙소제공확인서,붙임 서식: 거주/숙소제공 확인서,present,,,r10_attachment_2025~2026_9c4cb7e5,0,8,,7. 거주/숙소제공 확인서 1부.,auto_extracted,0.98
38965dee-5216-5f1c-9bec-bed1232ccd0e,F-2-R,10,attachment_form,form:확약서,붙임 서식: 확 약 서,present,,,r10_attachment_2025~2026_9c4cb7e5,0,9,,8. 확 약 서 1부.,auto_extracted,0.98
260ee59b-bea8-5cd1-b1be-5f11d600435a,F-2-R,10,attachment_form,form:위임장,붙임 서식: 위 임 장,present,,,r10_attachment_2025~2026_9c4cb7e5,0,10,,9. 위 임 장 1부.,auto_extracted,0.98
ed5295f0-cebd-5fc0-b536-459bca28cb6a,F-2-R,10,attachment_form,form:지역우수인재추천서,붙임 서식: 지역우수인재 추천서,present,,,r10_attachment_2025~2026_9c4cb7e5,0,11,,10. 지역우수인재 추천서 1부.,auto_extracted,0.98
37793a0f-97db-5a72-9e1c-bc6ce8db2c61,F-2-R,10,attachment_form,form:수령증,붙임 서식: 수 령 증,present,,,r10_attachment_2025~2026_9c4cb7e5,0,12,,11. 수 령 증 1부.,auto_extracted,0.98
92448f95-a702-5264-a820-96b7e13f2c9c,F-2-R,10,attachment_form,form:외국인근로자표준근로계약서(예시),붙임 서식: 외국인근로자 표준근로계약서(예시),present,,,r10_attachment_2025~2026_9c4cb7e5,0,13,,12. 외국인근로자 표준근로계약서(예시) 1부.,auto_extracted,0.98
108b5470-5ee9-5f99-8be6-2e0a90c0b429,F-2-R,10,attachment_form,form:관할출입국·외국인사무소비자신청제출서류,붙임 서식: 관할 출입국･외국인사무소 비자 신청 제출서류,present,,,r10_attachment_2025~2026_9c4cb7e5,0,14,,13. 관할 출입국･외국인사무소 비자 신청 제출서류 1부.,auto_extracted,0.98
adf716be-ed8b-5dc1-b947-f9f2215ca924,F-2-R,10,attachment_content,attachment:permission_notice_language,허가조건 안내 언어,ko_en,,,r10_attachment_2025~2026_9c4cb7e5,0,18,1,"| 【 허가조건 】 / Conditions of Permission | | 1. 공통 Common Requirements / ❍ 자격요건(거주지 요건, 취·창업 요건, 소득요건 등)을 계속 유지할 것 / The applicant must continuously satisfy all eligibility requirement, including residence, employment/start-up, and income requirements. / 2.",auto_extracted,0.98
f2bc346c-54fc-5e42-b021-47090e1327cc,F-2-R,9,application,application:start,전체 사업 접수 시작일,2025-03-07,,date,r09_announcement_2025~2026_a483f5df,0,12,,❍ 접수기간 : ’25. 3. 7.(금) ~ ’26. 9. 18.(금)까지(상시접수),auto_extracted,0.98
562f3494-0d7a-52cb-a4a9-10b14de61582,F-2-R,9,application,application:end,전체 사업 접수 종료일,2026-09-18,,date,r09_announcement_2025~2026_a483f5df,0,12,,❍ 접수기간 : ’25. 3. 7.(금) ~ ’26. 9. 18.(금)까지(상시접수),auto_extracted,0.98
e78677f8-8c89-53e7-868f-18a62d4839b9,F-2-R,9,application,application:total_quota,총 모집인원,,311.0,person,r09_announcement_2025~2026_a483f5df,0,12,,❍ 접수기간 : ’25. 3. 7.(금) ~ ’26. 9. 18.(금)까지(상시접수),auto_extracted,0.98
fabf5bf0-7837-59a1-b807-5086c50dd830,F-2-R,9,regional_quota,quota:괴산군:allocated,괴산군 배정 인원,,30.0,person,r09_announcement_2025~2026_a483f5df,0,,5,괴산 | 30 | 6 | 24,auto_extracted,0.98
f5987f03-d2a2-523c-845b-1e26c848adc9,F-2-R,9,regional_quota,quota:괴산군:recommended,괴산군 기추천 인원,,6.0,person,r09_announcement_2025~2026_a483f5df,0,,5,괴산 | 30 | 6 | 24,auto_extracted,0.98
afaf6e93-8f98-5206-856b-bc4d5ccdf8bb,F-2-R,9,regional_quota,quota:괴산군:remaining,괴산군 잔여 인원,,24.0,person,r09_announcement_2025~2026_a483f5df,0,,5,괴산 | 30 | 6 | 24,auto_extracted,0.98
77d85c43-5d39-5714-bbe3-c9ea266a067f,F-2-R,9,regional_quota,quota:단양군:allocated,단양군 배정 인원,,36.0,person,r09_announcement_2025~2026_a483f5df,0,,5,단양 | 36 | 22 | 14,auto_extracted,0.98
d3192841-adec-51df-8388-6d44d45b5ba3,F-2-R,9,regional_quota,quota:단양군:recommended,단양군 기추천 인원,,22.0,person,r09_announcement_2025~2026_a483f5df,0,,5,단양 | 36 | 22 | 14,auto_extracted,0.98
98ee9e4f-b5c2-5ccb-a9b2-3173575be174,F-2-R,9,regional_quota,quota:단양군:remaining,단양군 잔여 인원,,14.0,person,r09_announcement_2025~2026_a483f5df,0,,5,단양 | 36 | 22 | 14,auto_extracted,0.98
88091296-267d-5500-872e-61c675a18a9c,F-2-R,9,regional_quota,quota:보은군:allocated,보은군 배정 인원,,60.0,person,r09_announcement_2025~2026_a483f5df,0,,5,보은 | 60 | 21 | 39,auto_extracted,0.98
de0ff5b0-a197-5a53-ba90-8bbd7e0eb30f,F-2-R,9,regional_quota,quota:보은군:recommended,보은군 기추천 인원,,21.0,person,r09_announcement_2025~2026_a483f5df,0,,5,보은 | 60 | 21 | 39,auto_extracted,0.98
18c5b420-f034-5761-a4f7-14c1ecd66c74,F-2-R,9,regional_quota,quota:보은군:remaining,보은군 잔여 인원,,39.0,person,r09_announcement_2025~2026_a483f5df,0,,5,보은 | 60 | 21 | 39,auto_extracted,0.98
d0e117b5-85b8-5067-ba8a-b3eeb655892a,F-2-R,9,regional_quota,quota:영동군:allocated,영동군 배정 인원,,60.0,person,r09_announcement_2025~2026_a483f5df,0,,5,영동 | 60 | 5 | 55,auto_extracted,0.98
006e8a8b-847f-5ace-8b1a-eb415a608903,F-2-R,9,regional_quota,quota:영동군:recommended,영동군 기추천 인원,,5.0,person,r09_announcement_2025~2026_a483f5df,0,,5,영동 | 60 | 5 | 55,auto_extracted,0.98
6d1cc45c-d87e-5a72-ae2b-cae7d60b854e,F-2-R,9,regional_quota,quota:영동군:remaining,영동군 잔여 인원,,55.0,person,r09_announcement_2025~2026_a483f5df,0,,5,영동 | 60 | 5 | 55,auto_extracted,0.98
08685694-a1ef-53a2-a41b-b3faaa675bbf,F-2-R,9,regional_quota,quota:옥천군:allocated,옥천군 배정 인원,,50.0,person,r09_announcement_2025~2026_a483f5df,0,,5,옥천 | 50 | 11 | 39,auto_extracted,0.98
91da77ce-ee5a-5bd8-b449-34981421fe89,F-2-R,9,regional_quota,quota:옥천군:recommended,옥천군 기추천 인원,,11.0,person,r09_announcement_2025~2026_a483f5df,0,,5,옥천 | 50 | 11 | 39,auto_extracted,0.98
b340f6d7-a7de-529c-b71b-34b0a229f1f7,F-2-R,9,regional_quota,quota:옥천군:remaining,옥천군 잔여 인원,,39.0,person,r09_announcement_2025~2026_a483f5df,0,,5,옥천 | 50 | 11 | 39,auto_extracted,0.98
4c0366c9-c2fc-54a7-8fb4-d9d60378cfb7,F-2-R,9,regional_quota,quota:제천시:allocated,제천시 배정 인원,,75.0,person,r09_announcement_2025~2026_a483f5df,0,,5,제천 | 75 | 42 | 33,auto_extracted,0.98
9f300920-cc02-5e9b-9a8f-a335ca90d487,F-2-R,9,regional_quota,quota:제천시:recommended,제천시 기추천 인원,,42.0,person,r09_announcement_2025~2026_a483f5df,0,,5,제천 | 75 | 42 | 33,auto_extracted,0.98
38fcd34d-52d1-5160-ac78-f69775ed266a,F-2-R,9,regional_quota,quota:제천시:remaining,제천시 잔여 인원,,33.0,person,r09_announcement_2025~2026_a483f5df,0,,5,제천 | 75 | 42 | 33,auto_extracted,0.98
c0d52e4c-4025-5f23-893b-81df84ed48cf,F-2-R,9,requirement,requirement:income,연간 소득 기준,,30539916.0,KRW/year,r09_announcement_2025~2026_a483f5df,0,41,7,"학력/소득 (두 요건 중 하나만 구비 하면 족함) / 1) 학력 /  국내 전문학사 이상의 학위취득자로서 2년제 전문대학 이상 / 졸업자 또는 졸업예정자 / - 신청일 기준 6개월 이내 졸업 예정 증빙 필요(대학 총장, 학과장 명의의 문서 제출), 최초 체류기간 연장 시 학위증 등 입증서류 제출 / 2) 소득 /  (주체) 신청인(본인) 소득만 인정 /  (기준) ‘26년도 충청북도 생활임금(연 30,539,916원) 이상 /  (인정되는 소득) 「소득세법」 제4조제1항에 따른 다음 소득을 합산 / - 이자소득, 배당소득, 사업소득, 근로소득, 연금소득, 기타소득 / - 각 소득은 소득세를 납부한 경우에만 인정 / - 「소득세법」 제12조(비과세소득)에 따라 소득세를 납부하지 않아도 되는 소득일 경우 관련 증빙자료 등을 검토하여 인정 여부 결정 / 나. 거주지 /  (원칙) 추천지역 내에서 계속",auto_extracted,0.98
b7d48bb0-30fb-53c1-a619-14b718b370d8,F-2-R,9,requirement,requirement:kiip,사회통합프로그램 이수 단계,,4.0,level,r09_announcement_2025~2026_a483f5df,0,41,7,"날로부터 5년이 지나지 않은 경우 / ③ 신청일로부터 3년 이내에 300만 원 이상의 벌금형을 선고받은 경우 / ④ 신청일로부터 3년 이내에 출입국관리법을 위반하여 받은 범칙금 합산 금액이 500만 원 이상인 경우 / ⑤ 최근 3년 이내에 3회 이상 범칙금 처분을 받은 경우 / ⑥ 「출입국관리법」 제11조 제1항에서 정한 입국금지 대상자 / 마. 기본소양 (하나만 구비 하면 족함) /  사회통합프로그램 4단계 이상 이수(사전평가에서 5단계 이상 배정 포함) /  한국어능력시험(TOPIK) 4급 이상 취득 / 바. 고용주 요건 / ❍ (고용가능인원) 내국인 고용인원 규모에 따라 차등적용 / * 최저임금을 충족하는 3개월 이상 고용보험에 가입된 인원 / - (허용인원 산정 기준) 허용계산 값의 소수점 이하는 올림하며, 지역특화 우수인재(F-2-R) 체류자격을 가진 사람만 외국인 고용인원으로 산정",auto_extracted,0.98
e2a47487-e5ec-5567-a0d8-f8a18588c7db,F-2-R,9,requirement,requirement:preassessment,사회통합프로그램 사전평가 배정 단계,,5.0,level,r09_announcement_2025~2026_a483f5df,0,41,7,"/ ③ 신청일로부터 3년 이내에 300만 원 이상의 벌금형을 선고받은 경우 / ④ 신청일로부터 3년 이내에 출입국관리법을 위반하여 받은 범칙금 합산 금액이 500만 원 이상인 경우 / ⑤ 최근 3년 이내에 3회 이상 범칙금 처분을 받은 경우 / ⑥ 「출입국관리법」 제11조 제1항에서 정한 입국금지 대상자 / 마. 기본소양 (하나만 구비 하면 족함) /  사회통합프로그램 4단계 이상 이수(사전평가에서 5단계 이상 배정 포함) /  한국어능력시험(TOPIK) 4급 이상 취득 / 바. 고용주 요건 / ❍ (고용가능인원) 내국인 고용인원 규모에 따라 차등적용 / * 최저임금을 충족하는 3개월 이상 고용보험에 가입된 인원 / - (허용인원 산정 기준) 허용계산 값의 소수점 이하는 올림하며, 지역특화 우수인재(F-2-R) 체류자격을 가진 사람만 외국인 고용인원으로 산정 / ❍ (세금체납 관련) 고용업",auto_extracted,0.98
153c1d83-8af8-5e7b-8a0a-f0299e5bb0ac,F-2-R,9,requirement,requirement:topik,TOPIK 등급,,4.0,grade,r09_announcement_2025~2026_a483f5df,0,41,7,"을 선고받은 경우 / ④ 신청일로부터 3년 이내에 출입국관리법을 위반하여 받은 범칙금 합산 금액이 500만 원 이상인 경우 / ⑤ 최근 3년 이내에 3회 이상 범칙금 처분을 받은 경우 / ⑥ 「출입국관리법」 제11조 제1항에서 정한 입국금지 대상자 / 마. 기본소양 (하나만 구비 하면 족함) /  사회통합프로그램 4단계 이상 이수(사전평가에서 5단계 이상 배정 포함) /  한국어능력시험(TOPIK) 4급 이상 취득 / 바. 고용주 요건 / ❍ (고용가능인원) 내국인 고용인원 규모에 따라 차등적용 / * 최저임금을 충족하는 3개월 이상 고용보험에 가입된 인원 / - (허용인원 산정 기준) 허용계산 값의 소수점 이하는 올림하며, 지역특화 우수인재(F-2-R) 체류자격을 가진 사람만 외국인 고용인원으로 산정 / ❍ (세금체납 관련) 고용업체에 세금(국세, 지방세) 체납 사실이 없을 것 /  고",auto_extracted,0.98
e8468ff5-9249-5625-b9fc-acd84a43c8fd,F-2-R,9,requirement,requirement:employment_start,근로 시작 기한,,3.0,month,r09_announcement_2025~2026_a483f5df,0,41,7,"※ 특례 조건 위반 시 체류자격 취소 가능 / ❍ (기간) 허가일 기준 최초 2년은 추천지역에 실거주 / ※ 2년 경과 시 동일 광역자치단체 내 다른 인구감소지역으로 이전 가능 / 다. 취업/창업 (두 요건 중 하나만 구비 하면 족함) /  (지역) 근무처 및 사업체가 추천지역 내 소재 /  (취업) 근로계약서상 급여 ‘26년도 충청북도 생활임금(연 30,539,916원) 이상 / - 신청일 기준 3개월 이내 근로 개시 및 고용, 계약기간 1년 이상 확인 / - 고용주와 사용자가 동일하여야 하며 취업알선 업체, 인력파견 업체 등에 소속되어 일당제 또는 파견제 형식의 취업 불가 / - 자격 변경 후 1년 이내 근무처 변경 제한(단, 사업장휴‧폐업 등으로 동일 사업장 또는 업종에 취업이 곤란하고 지자체의 추천을 받은 경우 근무처 변경허용, 1년 이내 근무처를 변경하였을 때 새로운 근무처에서 1년 이상 근무) /  (",auto_extracted,0.98
f4a38e1c-4a33-5e96-8248-db4cd09b36cc,F-2-R,9,requirement,requirement:contract_years,근로계약 최소기간,,1.0,year,r09_announcement_2025~2026_a483f5df,0,41,7,"❍ (기간) 허가일 기준 최초 2년은 추천지역에 실거주 / ※ 2년 경과 시 동일 광역자치단체 내 다른 인구감소지역으로 이전 가능 / 다. 취업/창업 (두 요건 중 하나만 구비 하면 족함) /  (지역) 근무처 및 사업체가 추천지역 내 소재 /  (취업) 근로계약서상 급여 ‘26년도 충청북도 생활임금(연 30,539,916원) 이상 / - 신청일 기준 3개월 이내 근로 개시 및 고용, 계약기간 1년 이상 확인 / - 고용주와 사용자가 동일하여야 하며 취업알선 업체, 인력파견 업체 등에 소속되어 일당제 또는 파견제 형식의 취업 불가 / - 자격 변경 후 1년 이내 근무처 변경 제한(단, 사업장휴‧폐업 등으로 동일 사업장 또는 업종에 취업이 곤란하고 지자체의 추천을 받은 경우 근무처 변경허용, 1년 이내 근무처를 변경하였을 때 새로운 근무처에서 1년 이상 근무) /  (창업) 투자금액 2억원",auto_extracted,0.98
9ac4e70e-f851-5d9e-9c93-6128080637f5,F-2-R,9,requirement,requirement:investment,창업 총 투자금액,,200000000.0,KRW,r09_announcement_2025~2026_a483f5df,0,41,7,"기간 1년 이상 확인 / - 고용주와 사용자가 동일하여야 하며 취업알선 업체, 인력파견 업체 등에 소속되어 일당제 또는 파견제 형식의 취업 불가 / - 자격 변경 후 1년 이내 근무처 변경 제한(단, 사업장휴‧폐업 등으로 동일 사업장 또는 업종에 취업이 곤란하고 지자체의 추천을 받은 경우 근무처 변경허용, 1년 이내 근무처를 변경하였을 때 새로운 근무처에서 1년 이상 근무) /  (창업) 투자금액 2억원 이상 / ※ 투자자금 도입 및 자본금 사용내역 요건은 법인인 경우 법인에 투자(D-8-1), 개인사업자인 경우 개인사업자(D-9-4) 요건 적용(투자금액 제외) /  (기간) 허가일 기준 최초 2년은 추천지역에서 취업 / ※ 2년 경과 시 동일 광역자치단체 내 다른 인구감소지역에 취‧창업 가능 /  (취업 ․ 창업 간 변경) / - 추천지역 내에서 취업 ․ 창업 간 변경이 가능 / - 2년",auto_extracted,0.98
6eaae7ec-f31b-5087-8781-bf7330a765f1,F-2-R,9,requirement,requirement:initial_residence,최초 추천지역 실거주기간,,2.0,year,r09_announcement_2025~2026_a483f5df,0,41,7,"/ - (제출서류) 임대차계약서, 숙소제공확인서(숙소제공 예정인 경우 숙소제공예정자의 확인 서명 등 필요) 등 실거주 예정임을 확인할 수 있는 서류 / ※ 지자체와 지방출입국‧외국인관서에 동일 서류 제출 / - (참고 사항) 임대차계약서의 계약일부터 전입신고일까지 15일 초과 시 출입국관리법 제36조(체류지 변경의 신고) 위반 / ※ 특례 조건 위반 시 체류자격 취소 가능 / ❍ (기간) 허가일 기준 최초 2년은 추천지역에 실거주 / ※ 2년 경과 시 동일 광역자치단체 내 다른 인구감소지역으로 이전 가능 / 다. 취업/창업 (두 요건 중 하나만 구비 하면 족함) /  (지역) 근무처 및 사업체가 추천지역 내 소재 /  (취업) 근로계약서상 급여 ‘26년도 충청북도 생활임금(연 30,539,916원) 이상 / - 신청일 기준 3개월 이내 근로 개시 및 고용, 계약기간 1년 이상 확인 / - 고용주와 사용자가 동일하",auto_extracted,0.98
0f8dbae3-f63d-5dbe-88e3-517c3f420eb6,F-2-R,9,requirement,requirement:stay_initial,최초 체류기간 상한,,1.0,year,r09_announcement_2025~2026_a483f5df,0,41,7,급인정서 대리신청)에 따라 10인 이상의 외국인을 초청한 자로서 피초청 외국인 과반수가 불법체류 중인 사람 / ⑦ 신청일부터 최근 1개월간 「출입국관리법」제19조(외국인고용주 신고의무) 또는 제19조의4(유학생 초청기관장의 신고의무)에 의한 신고의무를 2회 이상 게을리하여 과태료를 납부한 날로부터 1개월이 경과하지 아니한 자 / 3. 체류허가 사항 / 가. 체류자격 : F-2-R / 나. 체류기간 : 최대 1년 부여,auto_extracted,0.98
7ade4782-af0c-564b-bcf6-1fc6c94fb460,F-2-R,9,attachment_form,form:지역특화형비자안내문,붙임 서식: 지역특화형 비자 안내문,present,,,r09_attachment_2025~2026_fca2046d,0,2,,1. 지역특화형 비자 안내문 1부.,auto_extracted,0.98
07daa877-00f4-5564-b157-5e4e8a0cd51c,F-2-R,9,attachment_form,form:지역특화형비자취업제한분야(법무부),붙임 서식: 지역특화형 비자 취업제한 분야(법무부),present,,,r09_attachment_2025~2026_fca2046d,0,3,,2. 지역특화형 비자 취업제한 분야(법무부) 1부.,auto_extracted,0.98
d6ba2846-dcc9-516d-a029-7e0142b36e35,F-2-R,9,attachment_form,form:준법시민교육,붙임 서식: 준법시민교육,present,,,r09_attachment_2025~2026_fca2046d,0,4,,3. 준법시민교육 1부.,auto_extracted,0.98
b0276393-5073-517e-bcad-a40d475fc04c,F-2-R,9,attachment_form,form:출입국관리법시행규칙별표5“사증발급신청등첨부서류”에관한고시,붙임 서식: 출입국관리법시행규칙 별표5 “사증발급신청 등 첨부서류”에 관한 고시,present,,,r09_attachment_2025~2026_fca2046d,0,5,,4. 출입국관리법시행규칙 별표5 “사증발급신청 등 첨부서류”에 관한 고시 1부.,auto_extracted,0.98
14d47d75-419e-5482-9bc5-41d6c8bc4497,F-2-R,9,attachment_form,form:지역특화형비자사업추천서발급신청서,붙임 서식: 지역특화형 비자사업 추천서 발급 신청서,present,,,r09_attachment_2025~2026_fca2046d,0,6,,5. 지역특화형 비자사업 추천서 발급 신청서 1부.,auto_extracted,0.98
117a38ea-a331-5d3f-948f-9c142d0954d6,F-2-R,9,attachment_form,form:지역특화형비자지역우수인재자체심사표,붙임 서식: 지역특화형 비자 지역우수인재 자체 심사표,present,,,r09_attachment_2025~2026_fca2046d,0,7,,6. 지역특화형 비자 지역우수인재 자체 심사표 1부.,auto_extracted,0.98
39823926-03c5-5689-a193-1103ec18f280,F-2-R,9,attachment_form,form:거주/숙소제공확인서,붙임 서식: 거주/숙소제공 확인서,present,,,r09_attachment_2025~2026_fca2046d,0,8,,7. 거주/숙소제공 확인서 1부.,auto_extracted,0.98
2f57327f-9ac7-5004-ac5a-db0b615420ce,F-2-R,9,attachment_form,form:확약서,붙임 서식: 확 약 서,present,,,r09_attachment_2025~2026_fca2046d,0,9,,8. 확 약 서 1부.,auto_extracted,0.98
572253a0-a1bb-5d20-893d-102c74e84aef,F-2-R,9,attachment_form,form:위임장,붙임 서식: 위 임 장,present,,,r09_attachment_2025~2026_fca2046d,0,10,,9. 위 임 장 1부.,auto_extracted,0.98
9f4fbfdc-02ff-5ff2-b303-ca358448d3ed,F-2-R,9,attachment_form,form:지역우수인재추천서,붙임 서식: 지역우수인재 추천서,present,,,r09_attachment_2025~2026_fca2046d,0,11,,10. 지역우수인재 추천서 1부.,auto_extracted,0.98
0d63a8da-da78-52e0-8c97-87334ec72133,F-2-R,9,attachment_form,form:수령증,붙임 서식: 수 령 증,present,,,r09_attachment_2025~2026_fca2046d,0,12,,11. 수 령 증 1부.,auto_extracted,0.98
b106e46c-686e-585e-a3a9-7e8dad3a0dc2,F-2-R,9,attachment_form,form:외국인근로자표준근로계약서(예시),붙임 서식: 외국인근로자 표준근로계약서(예시),present,,,r09_attachment_2025~2026_fca2046d,0,13,,12. 외국인근로자 표준근로계약서(예시) 1부.,auto_extracted,0.98
af951ffa-acda-591f-9080-946e38ba4db1,F-2-R,9,attachment_form,form:관할출입국·외국인사무소비자신청제출서류,붙임 서식: 관할 출입국･외국인사무소 비자 신청 제출서류,present,,,r09_attachment_2025~2026_fca2046d,0,14,,13. 관할 출입국･외국인사무소 비자 신청 제출서류 1부.,auto_extracted,0.98
ae161b81-cb8c-59dd-9c2c-d45459638a75,F-2-R,9,attachment_content,attachment:permission_notice_language,허가조건 안내 언어,ko_only,,,r09_attachment_2025~2026_fca2046d,0,18,1,"| 【 허가조건 】 | | 1. 지역특화 우수인재(F-2-R) 및 지역특화 숙련기능인력(E-7-4R) / ❍ 5년 이상 지정된 인구감소지역에 계속 거주할 것 / - 최초 2년은 지정된 인구감소지역에서 계속 거주해야 하며, 2년 경과 시 동일 광역자치단체 내 다른 인구감소지역으로의 거주지 이전은 가능 / ❍ 5년 이상 지정된 인구감소지역의 지정된 업종에 취업할 것 / - 최초 2년은 지정된 인구감소지역의",auto_extracted,0.98
0a20ac65-d1c5-5772-b806-944c5970f68c,F-2-R,8,application,application:start,전체 사업 접수 시작일,2025-03-07,,date,r08_announcement_2025_4d86b0b9,0,12,,❍ 접수기간 : ’25. 3. 7.(금) ~ ’26. 9. 18.(금)까지(상시접수),auto_extracted,0.98
0c71816b-1086-55d3-8000-aad935dcdc85,F-2-R,8,application,application:end,전체 사업 접수 종료일,2026-09-18,,date,r08_announcement_2025_4d86b0b9,0,12,,❍ 접수기간 : ’25. 3. 7.(금) ~ ’26. 9. 18.(금)까지(상시접수),auto_extracted,0.98
06dfe478-9a5c-5a83-a2e0-14bff602eb65,F-2-R,8,application,application:total_quota,총 모집인원,,311.0,person,r08_announcement_2025_4d86b0b9,0,12,,❍ 접수기간 : ’25. 3. 7.(금) ~ ’26. 9. 18.(금)까지(상시접수),auto_extracted,0.98
352e0a02-1d93-529a-b76a-c53aae1db82e,F-2-R,8,regional_quota,quota:괴산군:allocated,괴산군 배정 인원,,30.0,person,r08_announcement_2025_4d86b0b9,0,,5,괴산 | 30 | 6 | 24,auto_extracted,0.98
13b494f8-0116-5de4-84f0-67a612f77062,F-2-R,8,regional_quota,quota:괴산군:recommended,괴산군 기추천 인원,,6.0,person,r08_announcement_2025_4d86b0b9,0,,5,괴산 | 30 | 6 | 24,auto_extracted,0.98
8effefd8-8ce1-5833-af56-5ab856656cf4,F-2-R,8,regional_quota,quota:괴산군:remaining,괴산군 잔여 인원,,24.0,person,r08_announcement_2025_4d86b0b9,0,,5,괴산 | 30 | 6 | 24,auto_extracted,0.98
2c96dd70-a723-5e1f-bc68-032a5bcb23de,F-2-R,8,regional_quota,quota:단양군:allocated,단양군 배정 인원,,36.0,person,r08_announcement_2025_4d86b0b9,0,,5,단양 | 36 | 20 | 16,auto_extracted,0.98
003aa8e4-ab9b-5175-8495-7b3bcede5287,F-2-R,8,regional_quota,quota:단양군:recommended,단양군 기추천 인원,,20.0,person,r08_announcement_2025_4d86b0b9,0,,5,단양 | 36 | 20 | 16,auto_extracted,0.98
4680e8fb-51ca-55d6-beef-5a0b7e4346a6,F-2-R,8,regional_quota,quota:단양군:remaining,단양군 잔여 인원,,16.0,person,r08_announcement_2025_4d86b0b9,0,,5,단양 | 36 | 20 | 16,auto_extracted,0.98
a69a6b46-c907-5591-a1d6-716daabc2129,F-2-R,8,regional_quota,quota:보은군:allocated,보은군 배정 인원,,60.0,person,r08_announcement_2025_4d86b0b9,0,,5,보은 | 60 | 19 | 41,auto_extracted,0.98
6983b25a-8d57-5b9e-8266-5067386a61af,F-2-R,8,regional_quota,quota:보은군:recommended,보은군 기추천 인원,,19.0,person,r08_announcement_2025_4d86b0b9,0,,5,보은 | 60 | 19 | 41,auto_extracted,0.98
3fe1bb4c-0850-5060-b47c-8d823e054ef0,F-2-R,8,regional_quota,quota:보은군:remaining,보은군 잔여 인원,,41.0,person,r08_announcement_2025_4d86b0b9,0,,5,보은 | 60 | 19 | 41,auto_extracted,0.98
31613390-77f8-50c6-84a2-7d97e3db87e2,F-2-R,8,regional_quota,quota:영동군:allocated,영동군 배정 인원,,60.0,person,r08_announcement_2025_4d86b0b9,0,,5,영동 | 60 | 5 | 55,auto_extracted,0.98
fb6a2ff0-6834-5747-9a8d-787ab036b94e,F-2-R,8,regional_quota,quota:영동군:recommended,영동군 기추천 인원,,5.0,person,r08_announcement_2025_4d86b0b9,0,,5,영동 | 60 | 5 | 55,auto_extracted,0.98
7e2555f3-86b1-5af7-bf3d-61d0b8b2da2d,F-2-R,8,regional_quota,quota:영동군:remaining,영동군 잔여 인원,,55.0,person,r08_announcement_2025_4d86b0b9,0,,5,영동 | 60 | 5 | 55,auto_extracted,0.98
577da5c5-33aa-5fa7-9f29-b0860508534f,F-2-R,8,regional_quota,quota:옥천군:allocated,옥천군 배정 인원,,50.0,person,r08_announcement_2025_4d86b0b9,0,,5,옥천 | 50 | 10 | 40,auto_extracted,0.98
5f5ebf9a-4143-52dd-8be3-86bd2e2d5859,F-2-R,8,regional_quota,quota:옥천군:recommended,옥천군 기추천 인원,,10.0,person,r08_announcement_2025_4d86b0b9,0,,5,옥천 | 50 | 10 | 40,auto_extracted,0.98
5fee02f1-1ea9-570d-aad3-7dc4493d7a75,F-2-R,8,regional_quota,quota:옥천군:remaining,옥천군 잔여 인원,,40.0,person,r08_announcement_2025_4d86b0b9,0,,5,옥천 | 50 | 10 | 40,auto_extracted,0.98
ef05aac5-53a3-55f1-9567-10d2dd520baa,F-2-R,8,regional_quota,quota:제천시:allocated,제천시 배정 인원,,75.0,person,r08_announcement_2025_4d86b0b9,0,,5,제천 | 75 | 42 | 33,auto_extracted,0.98
312c91d5-feb9-53b0-886d-0e5c7e55b1d1,F-2-R,8,regional_quota,quota:제천시:recommended,제천시 기추천 인원,,42.0,person,r08_announcement_2025_4d86b0b9,0,,5,제천 | 75 | 42 | 33,auto_extracted,0.98
72e213b9-abac-50af-80f0-4ec051e5bfca,F-2-R,8,regional_quota,quota:제천시:remaining,제천시 잔여 인원,,33.0,person,r08_announcement_2025_4d86b0b9,0,,5,제천 | 75 | 42 | 33,auto_extracted,0.98
51b9d06c-c628-548d-a3f2-7fe47503a0e9,F-2-R,8,requirement,requirement:income,연간 소득 기준,,29601924.0,KRW/year,r08_announcement_2025_4d86b0b9,0,35,7,"학력/소득 (두 요건 중 하나만 구비 하면 족함) / 1) 학력 /  국내 전문학사 이상의 학위취득자로서 2년제 전문대학 이상 / 졸업자 또는 졸업예정자 / - 신청일 기준 6개월 이내 졸업 예정 증빙 필요(대학 총장, 학과장 명의의 문서 제출), 최초 체류기간 연장 시 학위증 등 입증서류 제출 / 2) 소득 /  (주체) 신청인(본인) 소득만 인정 /  (기준) ‘25년도 충청북도 생활임금(연 29,601,924원) 이상 /  (인정되는 소득) 「소득세법」 제4조제1항에 따른 다음 소득을 합산 / - 이자소득, 배당소득, 사업소득, 근로소득, 연금소득, 기타소득 / - 각 소득은 소득세를 납부한 경우에만 인정 / - 「소득세법」 제12조(비과세소득)에 따라 소득세를 납부하지 않아도 되는 소득일 경우 관련 증빙자료 등을 검토하여 인정 여부 결정 / 나. 거주지 /  (원칙) 추천지역 내에서 계속",auto_extracted,0.98
928be278-30f3-5fd9-83af-9c2781a354f7,F-2-R,8,requirement,requirement:kiip,사회통합프로그램 이수 단계,,4.0,level,r08_announcement_2025_4d86b0b9,0,35,7,"날로부터 5년이 지나지 않은 경우 / ③ 신청일로부터 3년 이내에 300만 원 이상의 벌금형을 선고받은 경우 / ④ 신청일로부터 3년 이내에 출입국관리법을 위반하여 받은 범칙금 합산 금액이 500만 원 이상인 경우 / ⑤ 최근 3년 이내에 3회 이상 범칙금 처분을 받은 경우 / ⑥ 「출입국관리법」 제11조 제1항에서 정한 입국금지 대상자 / 마. 기본소양 (하나만 구비 하면 족함) /  사회통합프로그램 4단계 이상 이수(사전평가에서 5단계 이상 배정 포함) /  한국어능력시험(TOPIK) 4급 이상 취득 / 바. 고용주 요건 / ❍ (고용가능인원) 내국인 고용인원 규모에 따라 차등적용 / * 최저임금을 충족하는 3개월 이상 고용보험에 가입된 인원 / - (허용인원 산정 기준) 허용계산 값의 소수점 이하는 올림하며, 지역특화 우수인재(F-2-R) 체류자격을 가진 사람만 외국인 고용인원으로 산정",auto_extracted,0.98
af0812bb-e9d3-58f2-a027-d6c6084f94f2,F-2-R,8,requirement,requirement:preassessment,사회통합프로그램 사전평가 배정 단계,,5.0,level,r08_announcement_2025_4d86b0b9,0,35,7,"/ ③ 신청일로부터 3년 이내에 300만 원 이상의 벌금형을 선고받은 경우 / ④ 신청일로부터 3년 이내에 출입국관리법을 위반하여 받은 범칙금 합산 금액이 500만 원 이상인 경우 / ⑤ 최근 3년 이내에 3회 이상 범칙금 처분을 받은 경우 / ⑥ 「출입국관리법」 제11조 제1항에서 정한 입국금지 대상자 / 마. 기본소양 (하나만 구비 하면 족함) /  사회통합프로그램 4단계 이상 이수(사전평가에서 5단계 이상 배정 포함) /  한국어능력시험(TOPIK) 4급 이상 취득 / 바. 고용주 요건 / ❍ (고용가능인원) 내국인 고용인원 규모에 따라 차등적용 / * 최저임금을 충족하는 3개월 이상 고용보험에 가입된 인원 / - (허용인원 산정 기준) 허용계산 값의 소수점 이하는 올림하며, 지역특화 우수인재(F-2-R) 체류자격을 가진 사람만 외국인 고용인원으로 산정 / ❍ (세금체납 관련) 고용업",auto_extracted,0.98
ef9108d7-8d31-5902-aa72-4d6e8bc0fdca,F-2-R,8,requirement,requirement:topik,TOPIK 등급,,4.0,grade,r08_announcement_2025_4d86b0b9,0,35,7,"을 선고받은 경우 / ④ 신청일로부터 3년 이내에 출입국관리법을 위반하여 받은 범칙금 합산 금액이 500만 원 이상인 경우 / ⑤ 최근 3년 이내에 3회 이상 범칙금 처분을 받은 경우 / ⑥ 「출입국관리법」 제11조 제1항에서 정한 입국금지 대상자 / 마. 기본소양 (하나만 구비 하면 족함) /  사회통합프로그램 4단계 이상 이수(사전평가에서 5단계 이상 배정 포함) /  한국어능력시험(TOPIK) 4급 이상 취득 / 바. 고용주 요건 / ❍ (고용가능인원) 내국인 고용인원 규모에 따라 차등적용 / * 최저임금을 충족하는 3개월 이상 고용보험에 가입된 인원 / - (허용인원 산정 기준) 허용계산 값의 소수점 이하는 올림하며, 지역특화 우수인재(F-2-R) 체류자격을 가진 사람만 외국인 고용인원으로 산정 / ❍ (세금체납 관련) 고용업체에 세금(국세, 지방세) 체납 사실이 없을 것 /  고",auto_extracted,0.98
39e82028-e4af-54ee-b008-c05ee47299b3,F-2-R,8,requirement,requirement:employment_start,근로 시작 기한,,3.0,month,r08_announcement_2025_4d86b0b9,0,35,7,"※ 특례 조건 위반 시 체류자격 취소 가능 / ❍ (기간) 허가일 기준 최초 2년은 추천지역에 실거주 / ※ 2년 경과 시 동일 광역자치단체 내 다른 인구감소지역으로 이전 가능 / 다. 취업/창업 (두 요건 중 하나만 구비 하면 족함) /  (지역) 근무처 및 사업체가 추천지역 내 소재 /  (취업) 근로계약서상 급여 ‘25년도 충청북도 생활임금(연 29,601,924원) 이상 / - 신청일 기준 3개월 이내 근로 개시 및 고용, 계약기간 1년 이상 확인 / - 고용주와 사용자가 동일하여야 하며 취업알선 업체, 인력파견 업체 등에 소속되어 일당제 또는 파견제 형식의 취업 불가 / - 자격 변경 후 1년 이내 근무처 변경 제한(단, 사업장휴‧폐업 등으로 동일 사업장 또는 업종에 취업이 곤란하고 지자체의 추천을 받은 경우 근무처 변경허용, 1년 이내 근무처를 변경하였을 때 새로운 근무처에서 1년 이상 근무) /  (",auto_extracted,0.98
b81ee3da-5154-5d69-9f41-2e3fb9285955,F-2-R,8,requirement,requirement:contract_years,근로계약 최소기간,,1.0,year,r08_announcement_2025_4d86b0b9,0,35,7,"❍ (기간) 허가일 기준 최초 2년은 추천지역에 실거주 / ※ 2년 경과 시 동일 광역자치단체 내 다른 인구감소지역으로 이전 가능 / 다. 취업/창업 (두 요건 중 하나만 구비 하면 족함) /  (지역) 근무처 및 사업체가 추천지역 내 소재 /  (취업) 근로계약서상 급여 ‘25년도 충청북도 생활임금(연 29,601,924원) 이상 / - 신청일 기준 3개월 이내 근로 개시 및 고용, 계약기간 1년 이상 확인 / - 고용주와 사용자가 동일하여야 하며 취업알선 업체, 인력파견 업체 등에 소속되어 일당제 또는 파견제 형식의 취업 불가 / - 자격 변경 후 1년 이내 근무처 변경 제한(단, 사업장휴‧폐업 등으로 동일 사업장 또는 업종에 취업이 곤란하고 지자체의 추천을 받은 경우 근무처 변경허용, 1년 이내 근무처를 변경하였을 때 새로운 근무처에서 1년 이상 근무) /  (창업) 투자금액 2억원",auto_extracted,0.98
1ae3738d-d442-562b-b451-9d021bd130e2,F-2-R,8,requirement,requirement:investment,창업 총 투자금액,,200000000.0,KRW,r08_announcement_2025_4d86b0b9,0,35,7,"기간 1년 이상 확인 / - 고용주와 사용자가 동일하여야 하며 취업알선 업체, 인력파견 업체 등에 소속되어 일당제 또는 파견제 형식의 취업 불가 / - 자격 변경 후 1년 이내 근무처 변경 제한(단, 사업장휴‧폐업 등으로 동일 사업장 또는 업종에 취업이 곤란하고 지자체의 추천을 받은 경우 근무처 변경허용, 1년 이내 근무처를 변경하였을 때 새로운 근무처에서 1년 이상 근무) /  (창업) 투자금액 2억원 이상 / ※ 투자자금 도입 및 자본금 사용내역 요건은 법인인 경우 법인에 투자(D-8-1), 개인사업자인 경우 개인사업자(D-9-4) 요건 적용(투자금액 제외) /  (기간) 허가일 기준 최초 2년은 추천지역에서 취업 / ※ 2년 경과 시 동일 광역자치단체 내 다른 인구감소지역에 취‧창업 가능 /  (취업 ․ 창업 간 변경) / - 추천지역 내에서 취업 ․ 창업 간 변경이 가능 / - 2년",auto_extracted,0.98
7dcb670f-bdc2-546b-8fc6-de6dbd53b4e0,F-2-R,8,requirement,requirement:initial_residence,최초 추천지역 실거주기간,,2.0,year,r08_announcement_2025_4d86b0b9,0,35,7,"/ - (제출서류) 임대차계약서, 숙소제공확인서(숙소제공 예정인 경우 숙소제공예정자의 확인 서명 등 필요) 등 실거주 예정임을 확인할 수 있는 서류 / ※ 지자체와 지방출입국‧외국인관서에 동일 서류 제출 / - (참고 사항) 임대차계약서의 계약일부터 전입신고일까지 15일 초과 시 출입국관리법 제36조(체류지 변경의 신고) 위반 / ※ 특례 조건 위반 시 체류자격 취소 가능 / ❍ (기간) 허가일 기준 최초 2년은 추천지역에 실거주 / ※ 2년 경과 시 동일 광역자치단체 내 다른 인구감소지역으로 이전 가능 / 다. 취업/창업 (두 요건 중 하나만 구비 하면 족함) /  (지역) 근무처 및 사업체가 추천지역 내 소재 /  (취업) 근로계약서상 급여 ‘25년도 충청북도 생활임금(연 29,601,924원) 이상 / - 신청일 기준 3개월 이내 근로 개시 및 고용, 계약기간 1년 이상 확인 / - 고용주와 사용자가 동일하",auto_extracted,0.98
4208a009-3d6e-5d64-9ccd-61138d811ba5,F-2-R,8,requirement,requirement:stay_initial,최초 체류기간 상한,,1.0,year,r08_announcement_2025_4d86b0b9,0,35,7,급인정서 대리신청)에 따라 10인 이상의 외국인을 초청한 자로서 피초청 외국인 과반수가 불법체류 중인 사람 / ⑦ 신청일부터 최근 1개월간 「출입국관리법」제19조(외국인고용주 신고의무) 또는 제19조의4(유학생 초청기관장의 신고의무)에 의한 신고의무를 2회 이상 게을리하여 과태료를 납부한 날로부터 1개월이 경과하지 아니한 자 / 3. 체류허가 사항 / 가. 체류자격 : F-2-R / 나. 체류기간 : 최대 1년 부여,auto_extracted,0.98
a54c3cec-c235-56e6-8112-8a63bbec9512,F-2-R,8,attachment_form,form:지역특화형비자안내문,붙임 서식: 지역특화형 비자 안내문,present,,,r08_attachment_2025_0797c490,0,2,,1. 지역특화형 비자 안내문 1부.,auto_extracted,0.98
d6b6c085-037d-5b95-ad0c-03bcea0f72fc,F-2-R,8,attachment_form,form:지역특화형비자취업제한분야(법무부),붙임 서식: 지역특화형 비자 취업제한 분야(법무부),present,,,r08_attachment_2025_0797c490,0,3,,2. 지역특화형 비자 취업제한 분야(법무부) 1부.,auto_extracted,0.98
db91652e-8516-5c8d-ba91-95683780d593,F-2-R,8,attachment_form,form:준법시민교육,붙임 서식: 준법시민교육,present,,,r08_attachment_2025_0797c490,0,4,,3. 준법시민교육 1부.,auto_extracted,0.98
914dead2-a678-5060-824d-123d624357eb,F-2-R,8,attachment_form,form:출입국관리법시행규칙별표5“사증발급신청등첨부서류”에관한고시,붙임 서식: 출입국관리법시행규칙 별표5 “사증발급신청 등 첨부서류”에 관한 고시,present,,,r08_attachment_2025_0797c490,0,5,,4. 출입국관리법시행규칙 별표5 “사증발급신청 등 첨부서류”에 관한 고시 1부.,auto_extracted,0.98
0e496d64-1350-543c-a2ba-0788c4c7b5e0,F-2-R,8,attachment_form,form:지역특화형비자사업추천서발급신청서,붙임 서식: 지역특화형 비자사업 추천서 발급 신청서,present,,,r08_attachment_2025_0797c490,0,6,,5. 지역특화형 비자사업 추천서 발급 신청서 1부.,auto_extracted,0.98
8a0c5bd0-7d36-51c8-87a7-0a1b04ffd0e4,F-2-R,8,attachment_form,form:지역특화형비자지역우수인재자체심사표,붙임 서식: 지역특화형 비자 지역우수인재 자체 심사표,present,,,r08_attachment_2025_0797c490,0,7,,6. 지역특화형 비자 지역우수인재 자체 심사표 1부.,auto_extracted,0.98
1b8650bf-efa1-5191-af84-9c8a99a047d4,F-2-R,8,attachment_form,form:거주/숙소제공확인서,붙임 서식: 거주/숙소제공 확인서,present,,,r08_attachment_2025_0797c490,0,8,,7. 거주/숙소제공 확인서 1부.,auto_extracted,0.98
4468a602-5b3d-5a17-be39-46f20af3cc3b,F-2-R,8,attachment_form,form:확약서,붙임 서식: 확 약 서,present,,,r08_attachment_2025_0797c490,0,9,,8. 확 약 서 1부.,auto_extracted,0.98
5baa4587-3098-522d-b1f6-8cc82f616ff2,F-2-R,8,attachment_form,form:위임장,붙임 서식: 위 임 장,present,,,r08_attachment_2025_0797c490,0,10,,9. 위 임 장 1부.,auto_extracted,0.98
c3d2d78f-dad9-5c18-9c12-45ddc6b57bbe,F-2-R,8,attachment_form,form:지역우수인재추천서,붙임 서식: 지역우수인재 추천서,present,,,r08_attachment_2025_0797c490,0,11,,10. 지역우수인재 추천서 1부.,auto_extracted,0.98
61e8f263-485f-57d9-881e-a8a0854632f9,F-2-R,8,attachment_form,form:수령증,붙임 서식: 수 령 증,present,,,r08_attachment_2025_0797c490,0,12,,11. 수 령 증 1부.,auto_extracted,0.98
ef2cfb93-68a1-5e23-95c1-38a8328c8857,F-2-R,8,attachment_form,form:외국인근로자표준근로계약서(예시),붙임 서식: 외국인근로자 표준근로계약서(예시),present,,,r08_attachment_2025_0797c490,0,13,,12. 외국인근로자 표준근로계약서(예시) 1부.,auto_extracted,0.98
42a564f7-1b44-5dee-8fb4-af2351854c94,F-2-R,8,attachment_form,form:관할출입국·외국인사무소비자신청제출서류,붙임 서식: 관할 출입국･외국인사무소 비자 신청 제출서류,present,,,r08_attachment_2025_0797c490,0,14,,13. 관할 출입국･외국인사무소 비자 신청 제출서류 1부.,auto_extracted,0.98
cb60f938-341b-5fb5-8494-a7aae943c1fc,F-2-R,8,attachment_content,attachment:permission_notice_language,허가조건 안내 언어,ko_only,,,r08_attachment_2025_0797c490,0,18,1,"| 【 허가조건 】 | | 1. 지역특화 우수인재(F-2-R) 및 지역특화 숙련기능인력(E-7-4R) / ❍ 5년 이상 지정된 인구감소지역에 계속 거주할 것 / - 최초 2년은 지정된 인구감소지역에서 계속 거주해야 하며, 2년 경과 시 동일 광역자치단체 내 다른 인구감소지역으로의 거주지 이전은 가능 / ❍ 5년 이상 지정된 인구감소지역의 지정된 업종에 취업할 것 / - 최초 2년은 지정된 인구감소지역의",auto_extracted,0.98
